source_file,target_file,source_category,target_category,similarity,plagiarism
g0pA_taska.txt,g0pA_taskb.txt,non,cut,0.6272496,False
g0pA_taska.txt,g0pA_taskc.txt,non,light,0.7114676,True
g0pA_taska.txt,g0pA_taskd.txt,non,heavy,0.71686006,True
g0pA_taska.txt,g0pA_taske.txt,non,non,0.7083987,True
g0pA_taska.txt,g0pB_taska.txt,non,non,0.8228408,True
g0pA_taska.txt,g0pB_taskb.txt,non,non,0.61521167,False
g0pA_taska.txt,g0pB_taskc.txt,non,cut,0.7060776,True
g0pA_taska.txt,g0pB_taskd.txt,non,light,0.67781115,False
g0pA_taska.txt,g0pB_taske.txt,non,heavy,0.72941947,True
g0pA_taska.txt,g0pC_taska.txt,non,heavy,0.88375497,True
g0pA_taska.txt,g0pC_taskb.txt,non,non,0.58910275,False
g0pA_taska.txt,g0pC_taskc.txt,non,non,0.6629194,False
g0pA_taska.txt,g0pC_taskd.txt,non,cut,0.6594155,False
g0pA_taska.txt,g0pC_taske.txt,non,light,0.73236144,True
g0pA_taska.txt,g0pD_taska.txt,non,cut,0.87277406,True
g0pA_taska.txt,g0pD_taskb.txt,non,light,0.61703205,False
g0pA_taska.txt,g0pD_taskc.txt,non,heavy,0.7265757,True
g0pA_taska.txt,g0pD_taskd.txt,non,non,0.5672828,False
g0pA_taska.txt,g0pD_taske.txt,non,non,0.687173,False
g0pA_taska.txt,g0pE_taska.txt,non,light,0.8663555,True
g0pA_taska.txt,g0pE_taskb.txt,non,heavy,0.63588464,False
g0pA_taska.txt,g0pE_taskc.txt,non,non,0.5904882,False
g0pA_taska.txt,g0pE_taskd.txt,non,non,0.61883986,False
g0pA_taska.txt,g0pE_taske.txt,non,cut,0.74908966,True
g0pA_taska.txt,g1pA_taska.txt,non,non,0.8248209,True
g0pA_taska.txt,g1pA_taskb.txt,non,heavy,0.6677946,False
g0pA_taska.txt,g1pA_taskc.txt,non,light,0.70378435,True
g0pA_taska.txt,g1pA_taskd.txt,non,cut,0.72019327,True
g0pA_taska.txt,g1pA_taske.txt,non,non,0.7368144,True
g0pA_taska.txt,g1pB_taska.txt,non,non,0.82125723,True
g0pA_taska.txt,g1pB_taskb.txt,non,non,0.60914874,False
g0pA_taska.txt,g1pB_taskc.txt,non,heavy,0.6895852,False
g0pA_taska.txt,g1pB_taskd.txt,non,light,0.68588233,False
g0pA_taska.txt,g1pB_taske.txt,non,cut,0.7751603,True
g0pA_taska.txt,g1pD_taska.txt,non,light,0.8649876,True
g0pA_taska.txt,g1pD_taskb.txt,non,cut,0.69006264,False
g0pA_taska.txt,g1pD_taskc.txt,non,non,0.6294935,False
g0pA_taska.txt,g1pD_taskd.txt,non,non,0.58713734,False
g0pA_taska.txt,g1pD_taske.txt,non,heavy,0.7041062,True
g0pA_taska.txt,g2pA_taska.txt,non,non,0.84147793,True
g0pA_taska.txt,g2pA_taskb.txt,non,heavy,0.6089171,False
g0pA_taska.txt,g2pA_taskc.txt,non,light,0.7125734,True
g0pA_taska.txt,g2pA_taskd.txt,non,cut,0.69378805,False
g0pA_taska.txt,g2pA_taske.txt,non,non,0.6861887,False
g0pA_taska.txt,g2pB_taska.txt,non,non,0.894767,True
g0pA_taska.txt,g2pB_taskb.txt,non,non,0.64712375,False
g0pA_taska.txt,g2pB_taskc.txt,non,heavy,0.7438383,True
g0pA_taska.txt,g2pB_taskd.txt,non,light,0.65567076,False
g0pA_taska.txt,g2pB_taske.txt,non,cut,0.7314503,True
g0pA_taska.txt,g2pC_taska.txt,non,cut,0.863794,True
g0pA_taska.txt,g2pC_taskb.txt,non,non,0.635412,False
g0pA_taska.txt,g2pC_taskc.txt,non,non,0.619182,False
g0pA_taska.txt,g2pC_taskd.txt,non,heavy,0.6235763,False
g0pA_taska.txt,g2pC_taske.txt,non,light,0.7268151,True
g0pA_taska.txt,g2pE_taska.txt,non,heavy,0.87281513,True
g0pA_taska.txt,g2pE_taskb.txt,non,light,0.66194546,False
g0pA_taska.txt,g2pE_taskc.txt,non,cut,0.59538585,False
g0pA_taska.txt,g2pE_taskd.txt,non,non,0.73280907,True
g0pA_taska.txt,g2pE_taske.txt,non,non,0.7116693,True
g0pA_taska.txt,g3pA_taska.txt,non,non,0.87265986,True
g0pA_taska.txt,g3pA_taskb.txt,non,heavy,0.63856107,False
g0pA_taska.txt,g3pA_taskc.txt,non,light,0.7074893,True
g0pA_taska.txt,g3pA_taskd.txt,non,cut,0.6501698,False
g0pA_taska.txt,g3pA_taske.txt,non,non,0.76608676,True
g0pA_taska.txt,g3pB_taska.txt,non,non,0.874697,True
g0pA_taska.txt,g3pB_taskb.txt,non,non,0.64542913,False
g0pA_taska.txt,g3pB_taskc.txt,non,heavy,0.75122124,True
g0pA_taska.txt,g3pB_taskd.txt,non,light,0.66852903,False
g0pA_taska.txt,g3pB_taske.txt,non,cut,0.7445499,True
g0pA_taska.txt,g3pC_taska.txt,non,cut,0.8304226,True
g0pA_taska.txt,g3pC_taskb.txt,non,non,0.7013828,True
g0pA_taska.txt,g3pC_taskc.txt,non,non,0.61556023,False
g0pA_taska.txt,g3pC_taskd.txt,non,heavy,0.5774822,False
g0pA_taska.txt,g3pC_taske.txt,non,light,0.74074244,True
g0pA_taska.txt,g4pB_taska.txt,non,non,0.8084297,True
g0pA_taska.txt,g4pB_taskb.txt,non,non,0.6851149,False
g0pA_taska.txt,g4pB_taskc.txt,non,heavy,0.70567226,True
g0pA_taska.txt,g4pB_taskd.txt,non,light,0.6115825,False
g0pA_taska.txt,g4pB_taske.txt,non,cut,0.72155315,True
g0pA_taska.txt,g4pC_taska.txt,non,cut,0.8689995,True
g0pA_taska.txt,g4pC_taskb.txt,non,non,0.58012456,False
g0pA_taska.txt,g4pC_taskc.txt,non,non,0.67827946,False
g0pA_taska.txt,g4pC_taskd.txt,non,heavy,0.6527988,False
g0pA_taska.txt,g4pC_taske.txt,non,light,0.7404032,True
g0pA_taska.txt,g4pD_taska.txt,non,light,0.8671004,True
g0pA_taska.txt,g4pD_taskb.txt,non,cut,0.70910954,True
g0pA_taska.txt,g4pD_taskc.txt,non,non,0.7208227,True
g0pA_taska.txt,g4pD_taskd.txt,non,non,0.7131771,True
g0pA_taska.txt,g4pD_taske.txt,non,heavy,0.7425113,True
g0pA_taska.txt,g4pE_taska.txt,non,heavy,0.8809633,True
g0pA_taska.txt,g4pE_taskb.txt,non,light,0.6315322,False
g0pA_taska.txt,g4pE_taskc.txt,non,cut,0.6651611,False
g0pA_taska.txt,g4pE_taskd.txt,non,non,0.75498474,True
g0pA_taska.txt,g4pE_taske.txt,non,non,0.7420778,True
g0pA_taska.txt,orig_taska.txt,non,orig,0.8700936,True
g0pA_taska.txt,orig_taskb.txt,non,orig,0.6183502,False
g0pA_taska.txt,orig_taskc.txt,non,orig,0.72010416,True
g0pA_taska.txt,orig_taskd.txt,non,orig,0.6534647,False
g0pA_taska.txt,orig_taske.txt,non,orig,0.74432063,True
g0pA_taskb.txt,g0pA_taskc.txt,cut,light,0.79394186,True
g0pA_taskb.txt,g0pA_taskd.txt,cut,heavy,0.7365501,True
g0pA_taskb.txt,g0pA_taske.txt,cut,non,0.6780951,False
g0pA_taskb.txt,g0pB_taska.txt,cut,non,0.6789546,False
g0pA_taskb.txt,g0pB_taskb.txt,cut,non,0.8624779,True
g0pA_taskb.txt,g0pB_taskc.txt,cut,cut,0.83897936,True
g0pA_taskb.txt,g0pB_taskd.txt,cut,light,0.7386159,True
g0pA_taskb.txt,g0pB_taske.txt,cut,heavy,0.7293608,True
g0pA_taskb.txt,g0pC_taska.txt,cut,heavy,0.68697935,False
g0pA_taskb.txt,g0pC_taskb.txt,cut,non,0.8436085,True
g0pA_taskb.txt,g0pC_taskc.txt,cut,non,0.7973944,True
g0pA_taskb.txt,g0pC_taskd.txt,cut,cut,0.7163679,True
g0pA_taskb.txt,g0pC_taske.txt,cut,light,0.7143359,True
g0pA_taskb.txt,g0pD_taska.txt,cut,cut,0.6879347,False
g0pA_taskb.txt,g0pD_taskb.txt,cut,light,0.88023144,True
g0pA_taskb.txt,g0pD_taskc.txt,cut,heavy,0.8273434,True
g0pA_taskb.txt,g0pD_taskd.txt,cut,non,0.64544773,False
g0pA_taskb.txt,g0pD_taske.txt,cut,non,0.63749087,False
g0pA_taskb.txt,g0pE_taska.txt,cut,light,0.73336565,True
g0pA_taskb.txt,g0pE_taskb.txt,cut,heavy,0.9432097,True
g0pA_taskb.txt,g0pE_taskc.txt,cut,non,0.62477136,False
g0pA_taskb.txt,g0pE_taskd.txt,cut,non,0.69466066,False
g0pA_taskb.txt,g0pE_taske.txt,cut,cut,0.6843075,False
g0pA_taskb.txt,g1pA_taska.txt,cut,non,0.658824,False
g0pA_taskb.txt,g1pA_taskb.txt,cut,heavy,0.90646625,True
g0pA_taskb.txt,g1pA_taskc.txt,cut,light,0.8204736,True
g0pA_taskb.txt,g1pA_taskd.txt,cut,cut,0.7486183,True
g0pA_taskb.txt,g1pA_taske.txt,cut,non,0.73821235,True
g0pA_taskb.txt,g1pB_taska.txt,cut,non,0.6485963,False
g0pA_taskb.txt,g1pB_taskb.txt,cut,non,0.84916407,True
g0pA_taskb.txt,g1pB_taskc.txt,cut,heavy,0.8332297,True
g0pA_taskb.txt,g1pB_taskd.txt,cut,light,0.72772765,True
g0pA_taskb.txt,g1pB_taske.txt,cut,cut,0.72854495,True
g0pA_taskb.txt,g1pD_taska.txt,cut,light,0.73529756,True
g0pA_taskb.txt,g1pD_taskb.txt,cut,cut,0.92347896,True
g0pA_taskb.txt,g1pD_taskc.txt,cut,non,0.75798315,True
g0pA_taskb.txt,g1pD_taskd.txt,cut,non,0.718829,True
g0pA_taskb.txt,g1pD_taske.txt,cut,heavy,0.6449754,False
g0pA_taskb.txt,g2pA_taska.txt,cut,non,0.67866266,False
g0pA_taskb.txt,g2pA_taskb.txt,cut,heavy,0.9095143,True
g0pA_taskb.txt,g2pA_taskc.txt,cut,light,0.8239559,True
g0pA_taskb.txt,g2pA_taskd.txt,cut,cut,0.6408589,False
g0pA_taskb.txt,g2pA_taske.txt,cut,non,0.7051878,True
g0pA_taskb.txt,g2pB_taska.txt,cut,non,0.69665873,False
g0pA_taskb.txt,g2pB_taskb.txt,cut,non,0.88767934,True
g0pA_taskb.txt,g2pB_taskc.txt,cut,heavy,0.8231908,True
g0pA_taskb.txt,g2pB_taskd.txt,cut,light,0.74047446,True
g0pA_taskb.txt,g2pB_taske.txt,cut,cut,0.70855063,True
g0pA_taskb.txt,g2pC_taska.txt,cut,cut,0.7144308,True
g0pA_taskb.txt,g2pC_taskb.txt,cut,non,0.8890784,True
g0pA_taskb.txt,g2pC_taskc.txt,cut,non,0.76902467,True
g0pA_taskb.txt,g2pC_taskd.txt,cut,heavy,0.66198885,False
g0pA_taskb.txt,g2pC_taske.txt,cut,light,0.67624056,False
g0pA_taskb.txt,g2pE_taska.txt,cut,heavy,0.7396492,True
g0pA_taskb.txt,g2pE_taskb.txt,cut,light,0.89826155,True
g0pA_taskb.txt,g2pE_taskc.txt,cut,cut,0.7097335,True
g0pA_taskb.txt,g2pE_taskd.txt,cut,non,0.7363934,True
g0pA_taskb.txt,g2pE_taske.txt,cut,non,0.6743807,False
g0pA_taskb.txt,g3pA_taska.txt,cut,non,0.7110283,True
g0pA_taskb.txt,g3pA_taskb.txt,cut,heavy,0.9320959,True
g0pA_taskb.txt,g3pA_taskc.txt,cut,light,0.8423305,True
g0pA_taskb.txt,g3pA_taskd.txt,cut,cut,0.73174757,True
g0pA_taskb.txt,g3pA_taske.txt,cut,non,0.7195313,True
g0pA_taskb.txt,g3pB_taska.txt,cut,non,0.67904717,False
g0pA_taskb.txt,g3pB_taskb.txt,cut,non,0.89018196,True
g0pA_taskb.txt,g3pB_taskc.txt,cut,heavy,0.8146732,True
g0pA_taskb.txt,g3pB_taskd.txt,cut,light,0.7306088,True
g0pA_taskb.txt,g3pB_taske.txt,cut,cut,0.69855803,False
g0pA_taskb.txt,g3pC_taska.txt,cut,cut,0.6154419,False
g0pA_taskb.txt,g3pC_taskb.txt,cut,non,0.913838,True
g0pA_taskb.txt,g3pC_taskc.txt,cut,non,0.8292242,True
g0pA_taskb.txt,g3pC_taskd.txt,cut,heavy,0.65686864,False
g0pA_taskb.txt,g3pC_taske.txt,cut,light,0.70113957,True
g0pA_taskb.txt,g4pB_taska.txt,cut,non,0.68811214,False
g0pA_taskb.txt,g4pB_taskb.txt,cut,non,0.8655223,True
g0pA_taskb.txt,g4pB_taskc.txt,cut,heavy,0.8314408,True
g0pA_taskb.txt,g4pB_taskd.txt,cut,light,0.7048763,True
g0pA_taskb.txt,g4pB_taske.txt,cut,cut,0.702899,True
g0pA_taskb.txt,g4pC_taska.txt,cut,cut,0.72552514,True
g0pA_taskb.txt,g4pC_taskb.txt,cut,non,0.90197825,True
g0pA_taskb.txt,g4pC_taskc.txt,cut,non,0.81736124,True
g0pA_taskb.txt,g4pC_taskd.txt,cut,heavy,0.7178703,True
g0pA_taskb.txt,g4pC_taske.txt,cut,light,0.7510464,True
g0pA_taskb.txt,g4pD_taska.txt,cut,light,0.7368263,True
g0pA_taskb.txt,g4pD_taskb.txt,cut,cut,0.8633716,True
g0pA_taskb.txt,g4pD_taskc.txt,cut,non,0.8237458,True
g0pA_taskb.txt,g4pD_taskd.txt,cut,non,0.7357706,True
g0pA_taskb.txt,g4pD_taske.txt,cut,heavy,0.74873596,True
g0pA_taskb.txt,g4pE_taska.txt,cut,heavy,0.65805167,False
g0pA_taskb.txt,g4pE_taskb.txt,cut,light,0.9006753,True
g0pA_taskb.txt,g4pE_taskc.txt,cut,cut,0.74200666,True
g0pA_taskb.txt,g4pE_taskd.txt,cut,non,0.81619585,True
g0pA_taskb.txt,g4pE_taske.txt,cut,non,0.74612594,True
g0pA_taskb.txt,orig_taska.txt,cut,orig,0.7295347,True
g0pA_taskb.txt,orig_taskb.txt,cut,orig,0.9568156,True
g0pA_taskb.txt,orig_taskc.txt,cut,orig,0.8317508,True
g0pA_taskb.txt,orig_taskd.txt,cut,orig,0.7339412,True
g0pA_taskb.txt,orig_taske.txt,cut,orig,0.745589,True
g0pA_taskc.txt,g0pA_taskd.txt,light,heavy,0.7630459,True
g0pA_taskc.txt,g0pA_taske.txt,light,non,0.76494217,True
g0pA_taskc.txt,g0pB_taska.txt,light,non,0.75462043,True
g0pA_taskc.txt,g0pB_taskb.txt,light,non,0.73165804,True
g0pA_taskc.txt,g0pB_taskc.txt,light,cut,0.97456455,True
g0pA_taskc.txt,g0pB_taskd.txt,light,light,0.77431214,True
g0pA_taskc.txt,g0pB_taske.txt,light,heavy,0.8107124,True
g0pA_taskc.txt,g0pC_taska.txt,light,heavy,0.74500835,True
g0pA_taskc.txt,g0pC_taskb.txt,light,non,0.71601236,True
g0pA_taskc.txt,g0pC_taskc.txt,light,non,0.8860277,True
g0pA_taskc.txt,g0pC_taskd.txt,light,cut,0.75054175,True
g0pA_taskc.txt,g0pC_taske.txt,light,light,0.7796558,True
g0pA_taskc.txt,g0pD_taska.txt,light,cut,0.7792177,True
g0pA_taskc.txt,g0pD_taskb.txt,light,light,0.71278405,True
g0pA_taskc.txt,g0pD_taskc.txt,light,heavy,0.9653957,True
g0pA_taskc.txt,g0pD_taskd.txt,light,non,0.71264434,True
g0pA_taskc.txt,g0pD_taske.txt,light,non,0.7437762,True
g0pA_taskc.txt,g0pE_taska.txt,light,light,0.810445,True
g0pA_taskc.txt,g0pE_taskb.txt,light,heavy,0.7602186,True
g0pA_taskc.txt,g0pE_taskc.txt,light,non,0.83858824,True
g0pA_taskc.txt,g0pE_taskd.txt,light,non,0.6897478,False
g0pA_taskc.txt,g0pE_taske.txt,light,cut,0.79160535,True
g0pA_taskc.txt,g1pA_taska.txt,light,non,0.738695,True
g0pA_taskc.txt,g1pA_taskb.txt,light,heavy,0.78514385,True
g0pA_taskc.txt,g1pA_taskc.txt,light,light,0.9420707,True
g0pA_taskc.txt,g1pA_taskd.txt,light,cut,0.80253285,True
g0pA_taskc.txt,g1pA_taske.txt,light,non,0.81022525,True
g0pA_taskc.txt,g1pB_taska.txt,light,non,0.7072554,True
g0pA_taskc.txt,g1pB_taskb.txt,light,non,0.7294049,True
g0pA_taskc.txt,g1pB_taskc.txt,light,heavy,0.9518825,True
g0pA_taskc.txt,g1pB_taskd.txt,light,light,0.7607488,True
g0pA_taskc.txt,g1pB_taske.txt,light,cut,0.8175987,True
g0pA_taskc.txt,g1pD_taska.txt,light,light,0.7993568,True
g0pA_taskc.txt,g1pD_taskb.txt,light,cut,0.8180696,True
g0pA_taskc.txt,g1pD_taskc.txt,light,non,0.8969507,True
g0pA_taskc.txt,g1pD_taskd.txt,light,non,0.7029098,True
g0pA_taskc.txt,g1pD_taske.txt,light,heavy,0.74668324,True
g0pA_taskc.txt,g2pA_taska.txt,light,non,0.7736831,True
g0pA_taskc.txt,g2pA_taskb.txt,light,heavy,0.7467278,True
g0pA_taskc.txt,g2pA_taskc.txt,light,light,0.9806568,True
g0pA_taskc.txt,g2pA_taskd.txt,light,cut,0.6769048,False
g0pA_taskc.txt,g2pA_taske.txt,light,non,0.75375426,True
g0pA_taskc.txt,g2pB_taska.txt,light,non,0.7729026,True
g0pA_taskc.txt,g2pB_taskb.txt,light,non,0.76243204,True
g0pA_taskc.txt,g2pB_taskc.txt,light,heavy,0.9631989,True
g0pA_taskc.txt,g2pB_taskd.txt,light,light,0.76422334,True
g0pA_taskc.txt,g2pB_taske.txt,light,cut,0.7972518,True
g0pA_taskc.txt,g2pC_taska.txt,light,cut,0.7903985,True
g0pA_taskc.txt,g2pC_taskb.txt,light,non,0.77050614,True
g0pA_taskc.txt,g2pC_taskc.txt,light,non,0.91043025,True
g0pA_taskc.txt,g2pC_taskd.txt,light,heavy,0.68161756,False
g0pA_taskc.txt,g2pC_taske.txt,light,light,0.76106155,True
g0pA_taskc.txt,g2pE_taska.txt,light,heavy,0.82922864,True
g0pA_taskc.txt,g2pE_taskb.txt,light,light,0.7427286,True
g0pA_taskc.txt,g2pE_taskc.txt,light,cut,0.73657674,True
g0pA_taskc.txt,g2pE_taskd.txt,light,non,0.79552186,True
g0pA_taskc.txt,g2pE_taske.txt,light,non,0.77310055,True
g0pA_taskc.txt,g3pA_taska.txt,light,non,0.77424103,True
g0pA_taskc.txt,g3pA_taskb.txt,light,heavy,0.77302194,True
g0pA_taskc.txt,g3pA_taskc.txt,light,light,0.9711,True
g0pA_taskc.txt,g3pA_taskd.txt,light,cut,0.7580895,True
g0pA_taskc.txt,g3pA_taske.txt,light,non,0.80717194,True
g0pA_taskc.txt,g3pB_taska.txt,light,non,0.7790036,True
g0pA_taskc.txt,g3pB_taskb.txt,light,non,0.76518553,True
g0pA_taskc.txt,g3pB_taskc.txt,light,heavy,0.9478454,True
g0pA_taskc.txt,g3pB_taskd.txt,light,light,0.7698852,True
g0pA_taskc.txt,g3pB_taske.txt,light,cut,0.8086524,True
g0pA_taskc.txt,g3pC_taska.txt,light,cut,0.70886123,True
g0pA_taskc.txt,g3pC_taskb.txt,light,non,0.8041782,True
g0pA_taskc.txt,g3pC_taskc.txt,light,non,0.8202295,True
g0pA_taskc.txt,g3pC_taskd.txt,light,heavy,0.6828202,False
g0pA_taskc.txt,g3pC_taske.txt,light,light,0.79486865,True
g0pA_taskc.txt,g4pB_taska.txt,light,non,0.76024544,True
g0pA_taskc.txt,g4pB_taskb.txt,light,non,0.76612914,True
g0pA_taskc.txt,g4pB_taskc.txt,light,heavy,0.9552612,True
g0pA_taskc.txt,g4pB_taskd.txt,light,light,0.72134185,True
g0pA_taskc.txt,g4pB_taske.txt,light,cut,0.7778672,True
g0pA_taskc.txt,g4pC_taska.txt,light,cut,0.8035879,True
g0pA_taskc.txt,g4pC_taskb.txt,light,non,0.7377833,True
g0pA_taskc.txt,g4pC_taskc.txt,light,non,0.86104167,True
g0pA_taskc.txt,g4pC_taskd.txt,light,heavy,0.7507014,True
g0pA_taskc.txt,g4pC_taske.txt,light,light,0.8182738,True
g0pA_taskc.txt,g4pD_taska.txt,light,light,0.7862256,True
g0pA_taskc.txt,g4pD_taskb.txt,light,cut,0.8214642,True
g0pA_taskc.txt,g4pD_taskc.txt,light,non,0.897783,True
g0pA_taskc.txt,g4pD_taskd.txt,light,non,0.78484267,True
g0pA_taskc.txt,g4pD_taske.txt,light,heavy,0.8121939,True
g0pA_taskc.txt,g4pE_taska.txt,light,heavy,0.72553223,True
g0pA_taskc.txt,g4pE_taskb.txt,light,light,0.7691535,True
g0pA_taskc.txt,g4pE_taskc.txt,light,cut,0.9066978,True
g0pA_taskc.txt,g4pE_taskd.txt,light,non,0.81864655,True
g0pA_taskc.txt,g4pE_taske.txt,light,non,0.8018546,True
g0pA_taskc.txt,orig_taska.txt,light,orig,0.8098885,True
g0pA_taskc.txt,orig_taskb.txt,light,orig,0.77252984,True
g0pA_taskc.txt,orig_taskc.txt,light,orig,0.98092103,True
g0pA_taskc.txt,orig_taskd.txt,light,orig,0.7587708,True
g0pA_taskc.txt,orig_taske.txt,light,orig,0.81656265,True
g0pA_taskd.txt,g0pA_taske.txt,heavy,non,0.6496822,False
g0pA_taskd.txt,g0pB_taska.txt,heavy,non,0.7028446,True
g0pA_taskd.txt,g0pB_taskb.txt,heavy,non,0.6528212,False
g0pA_taskd.txt,g0pB_taskc.txt,heavy,cut,0.7661557,True
g0pA_taskd.txt,g0pB_taskd.txt,heavy,light,0.8577262,True
g0pA_taskd.txt,g0pB_taske.txt,heavy,heavy,0.7195444,True
g0pA_taskd.txt,g0pC_taska.txt,heavy,heavy,0.7258911,True
g0pA_taskd.txt,g0pC_taskb.txt,heavy,non,0.62532455,False
g0pA_taskd.txt,g0pC_taskc.txt,heavy,non,0.75076544,True
g0pA_taskd.txt,g0pC_taskd.txt,heavy,cut,0.9082255,True
g0pA_taskd.txt,g0pC_taske.txt,heavy,light,0.707235,True
g0pA_taskd.txt,g0pD_taska.txt,heavy,cut,0.7237506,True
g0pA_taskd.txt,g0pD_taskb.txt,heavy,light,0.64568883,False
g0pA_taskd.txt,g0pD_taskc.txt,heavy,heavy,0.7655566,True
g0pA_taskd.txt,g0pD_taskd.txt,heavy,non,0.7341695,True
g0pA_taskd.txt,g0pD_taske.txt,heavy,non,0.65388846,False
g0pA_taskd.txt,g0pE_taska.txt,heavy,light,0.74934137,True
g0pA_taskd.txt,g0pE_taskb.txt,heavy,heavy,0.67566824,False
g0pA_taskd.txt,g0pE_taskc.txt,heavy,non,0.55965596,False
g0pA_taskd.txt,g0pE_taskd.txt,heavy,non,0.7879863,True
g0pA_taskd.txt,g0pE_taske.txt,heavy,cut,0.69175774,False
g0pA_taskd.txt,g1pA_taska.txt,heavy,non,0.6718285,False
g0pA_taskd.txt,g1pA_taskb.txt,heavy,heavy,0.7358356,True
g0pA_taskd.txt,g1pA_taskc.txt,heavy,light,0.7607728,True
g0pA_taskd.txt,g1pA_taskd.txt,heavy,cut,0.90253043,True
g0pA_taskd.txt,g1pA_taske.txt,heavy,non,0.74287635,True
g0pA_taskd.txt,g1pB_taska.txt,heavy,non,0.7322548,True
g0pA_taskd.txt,g1pB_taskb.txt,heavy,non,0.6804873,False
g0pA_taskd.txt,g1pB_taskc.txt,heavy,heavy,0.7594089,True
g0pA_taskd.txt,g1pB_taskd.txt,heavy,light,0.88783616,True
g0pA_taskd.txt,g1pB_taske.txt,heavy,cut,0.7397374,True
g0pA_taskd.txt,g1pD_taska.txt,heavy,light,0.735533,True
g0pA_taskd.txt,g1pD_taskb.txt,heavy,cut,0.81315315,True
g0pA_taskd.txt,g1pD_taskc.txt,heavy,non,0.70008993,True
g0pA_taskd.txt,g1pD_taskd.txt,heavy,non,0.83915496,True
g0pA_taskd.txt,g1pD_taske.txt,heavy,heavy,0.6504844,False
g0pA_taskd.txt,g2pA_taska.txt,heavy,non,0.71309173,True
g0pA_taskd.txt,g2pA_taskb.txt,heavy,heavy,0.67747974,False
g0pA_taskd.txt,g2pA_taskc.txt,heavy,light,0.7729312,True
g0pA_taskd.txt,g2pA_taskd.txt,heavy,cut,0.91655743,True
g0pA_taskd.txt,g2pA_taske.txt,heavy,non,0.644686,False
g0pA_taskd.txt,g2pB_taska.txt,heavy,non,0.73622686,True
g0pA_taskd.txt,g2pB_taskb.txt,heavy,non,0.7083244,True
g0pA_taskd.txt,g2pB_taskc.txt,heavy,heavy,0.772446,True
g0pA_taskd.txt,g2pB_taskd.txt,heavy,light,0.89810073,True
g0pA_taskd.txt,g2pB_taske.txt,heavy,cut,0.7014652,True
g0pA_taskd.txt,g2pC_taska.txt,heavy,cut,0.7112447,True
g0pA_taskd.txt,g2pC_taskb.txt,heavy,non,0.69045675,False
g0pA_taskd.txt,g2pC_taskc.txt,heavy,non,0.6959537,False
g0pA_taskd.txt,g2pC_taskd.txt,heavy,heavy,0.90714693,True
g0pA_taskd.txt,g2pC_taske.txt,heavy,light,0.67744344,False
g0pA_taskd.txt,g2pE_taska.txt,heavy,heavy,0.77240807,True
g0pA_taskd.txt,g2pE_taskb.txt,heavy,light,0.6930635,False
g0pA_taskd.txt,g2pE_taskc.txt,heavy,cut,0.58549,False
g0pA_taskd.txt,g2pE_taskd.txt,heavy,non,0.86246204,True
g0pA_taskd.txt,g2pE_taske.txt,heavy,non,0.67484605,False
g0pA_taskd.txt,g3pA_taska.txt,heavy,non,0.71511304,True
g0pA_taskd.txt,g3pA_taskb.txt,heavy,heavy,0.7079495,True
g0pA_taskd.txt,g3pA_taskc.txt,heavy,light,0.7781455,True
g0pA_taskd.txt,g3pA_taskd.txt,heavy,cut,0.89325583,True
g0pA_taskd.txt,g3pA_taske.txt,heavy,non,0.7306093,True
g0pA_taskd.txt,g3pB_taska.txt,heavy,non,0.7500003,True
g0pA_taskd.txt,g3pB_taskb.txt,heavy,non,0.6729827,False
g0pA_taskd.txt,g3pB_taskc.txt,heavy,heavy,0.7941738,True
g0pA_taskd.txt,g3pB_taskd.txt,heavy,light,0.8684445,True
g0pA_taskd.txt,g3pB_taske.txt,heavy,cut,0.7017983,True
g0pA_taskd.txt,g3pC_taska.txt,heavy,cut,0.70848906,True
g0pA_taskd.txt,g3pC_taskb.txt,heavy,non,0.7157341,True
g0pA_taskd.txt,g3pC_taskc.txt,heavy,non,0.72522426,True
g0pA_taskd.txt,g3pC_taskd.txt,heavy,heavy,0.8264002,True
g0pA_taskd.txt,g3pC_taske.txt,heavy,light,0.7165525,True
g0pA_taskd.txt,g4pB_taska.txt,heavy,non,0.72338885,True
g0pA_taskd.txt,g4pB_taskb.txt,heavy,non,0.7106179,True
g0pA_taskd.txt,g4pB_taskc.txt,heavy,heavy,0.7665994,True
g0pA_taskd.txt,g4pB_taskd.txt,heavy,light,0.85638833,True
g0pA_taskd.txt,g4pB_taske.txt,heavy,cut,0.6927717,False
g0pA_taskd.txt,g4pC_taska.txt,heavy,cut,0.7418291,True
g0pA_taskd.txt,g4pC_taskb.txt,heavy,non,0.65603864,False
g0pA_taskd.txt,g4pC_taskc.txt,heavy,non,0.731501,True
g0pA_taskd.txt,g4pC_taskd.txt,heavy,heavy,0.8876817,True
g0pA_taskd.txt,g4pC_taske.txt,heavy,light,0.7281799,True
g0pA_taskd.txt,g4pD_taska.txt,heavy,light,0.72788525,True
g0pA_taskd.txt,g4pD_taskb.txt,heavy,cut,0.78888065,True
g0pA_taskd.txt,g4pD_taskc.txt,heavy,non,0.798908,True
g0pA_taskd.txt,g4pD_taskd.txt,heavy,non,0.83145607,True
g0pA_taskd.txt,g4pD_taske.txt,heavy,heavy,0.74556416,True
g0pA_taskd.txt,g4pE_taska.txt,heavy,heavy,0.68295705,False
g0pA_taskd.txt,g4pE_taskb.txt,heavy,light,0.6703267,False
g0pA_taskd.txt,g4pE_taskc.txt,heavy,cut,0.6767966,False
g0pA_taskd.txt,g4pE_taskd.txt,heavy,non,0.80599815,True
g0pA_taskd.txt,g4pE_taske.txt,heavy,non,0.69826365,False
g0pA_taskd.txt,orig_taska.txt,heavy,orig,0.74691623,True
g0pA_taskd.txt,orig_taskb.txt,heavy,orig,0.69186634,False
g0pA_taskd.txt,orig_taskc.txt,heavy,orig,0.78018725,True
g0pA_taskd.txt,orig_taskd.txt,heavy,orig,0.8906258,True
g0pA_taskd.txt,orig_taske.txt,heavy,orig,0.7414936,True
g0pA_taske.txt,g0pB_taska.txt,non,non,0.68041277,False
g0pA_taske.txt,g0pB_taskb.txt,non,non,0.60930383,False
g0pA_taske.txt,g0pB_taskc.txt,non,cut,0.7762706,True
g0pA_taske.txt,g0pB_taskd.txt,non,light,0.6719384,False
g0pA_taske.txt,g0pB_taske.txt,non,heavy,0.91752625,True
g0pA_taske.txt,g0pC_taska.txt,non,heavy,0.73494947,True
g0pA_taske.txt,g0pC_taskb.txt,non,non,0.64983094,False
g0pA_taske.txt,g0pC_taskc.txt,non,non,0.762787,True
g0pA_taske.txt,g0pC_taskd.txt,non,cut,0.641392,False
g0pA_taske.txt,g0pC_taske.txt,non,light,0.85829186,True
g0pA_taske.txt,g0pD_taska.txt,non,cut,0.73402154,True
g0pA_taske.txt,g0pD_taskb.txt,non,light,0.6553496,False
g0pA_taske.txt,g0pD_taskc.txt,non,heavy,0.78232276,True
g0pA_taske.txt,g0pD_taskd.txt,non,non,0.62275076,False
g0pA_taske.txt,g0pD_taske.txt,non,non,0.87736785,True
g0pA_taske.txt,g0pE_taska.txt,non,light,0.7530465,True
g0pA_taske.txt,g0pE_taskb.txt,non,heavy,0.69275254,False
g0pA_taske.txt,g0pE_taskc.txt,non,non,0.69433594,False
g0pA_taske.txt,g0pE_taskd.txt,non,non,0.66340125,False
g0pA_taske.txt,g0pE_taske.txt,non,cut,0.83289504,True
g0pA_taske.txt,g1pA_taska.txt,non,non,0.6788864,False
g0pA_taske.txt,g1pA_taskb.txt,non,heavy,0.6916072,False
g0pA_taske.txt,g1pA_taskc.txt,non,light,0.7904128,True
g0pA_taske.txt,g1pA_taskd.txt,non,cut,0.6934642,False
g0pA_taske.txt,g1pA_taske.txt,non,non,0.86923087,True
g0pA_taske.txt,g1pB_taska.txt,non,non,0.6684098,False
g0pA_taske.txt,g1pB_taskb.txt,non,non,0.61570585,False
g0pA_taske.txt,g1pB_taskc.txt,non,heavy,0.750363,True
g0pA_taske.txt,g1pB_taskd.txt,non,light,0.6472594,False
g0pA_taske.txt,g1pB_taske.txt,non,cut,0.867846,True
g0pA_taske.txt,g1pD_taska.txt,non,light,0.7852199,True
g0pA_taske.txt,g1pD_taskb.txt,non,cut,0.73090935,True
g0pA_taske.txt,g1pD_taskc.txt,non,non,0.7572012,True
g0pA_taske.txt,g1pD_taskd.txt,non,non,0.59044933,False
g0pA_taske.txt,g1pD_taske.txt,non,heavy,0.891901,True
g0pA_taske.txt,g2pA_taska.txt,non,non,0.72829145,True
g0pA_taske.txt,g2pA_taskb.txt,non,heavy,0.6427804,False
g0pA_taske.txt,g2pA_taskc.txt,non,light,0.76898587,True
g0pA_taske.txt,g2pA_taskd.txt,non,cut,0.5795355,False
g0pA_taske.txt,g2pA_taske.txt,non,non,0.9684094,True
g0pA_taske.txt,g2pB_taska.txt,non,non,0.7329252,True
g0pA_taske.txt,g2pB_taskb.txt,non,non,0.69389117,False
g0pA_taske.txt,g2pB_taskc.txt,non,heavy,0.80397344,True
g0pA_taske.txt,g2pB_taskd.txt,non,light,0.64336693,False
g0pA_taske.txt,g2pB_taske.txt,non,cut,0.91343683,True
g0pA_taske.txt,g2pC_taska.txt,non,cut,0.7414765,True
g0pA_taske.txt,g2pC_taskb.txt,non,non,0.66899407,False
g0pA_taske.txt,g2pC_taskc.txt,non,non,0.73549247,True
g0pA_taske.txt,g2pC_taskd.txt,non,heavy,0.565724,False
g0pA_taske.txt,g2pC_taske.txt,non,light,0.9335553,True
g0pA_taske.txt,g2pE_taska.txt,non,heavy,0.7650936,True
g0pA_taske.txt,g2pE_taskb.txt,non,light,0.6481296,False
g0pA_taske.txt,g2pE_taskc.txt,non,cut,0.65685153,False
g0pA_taske.txt,g2pE_taskd.txt,non,non,0.7044038,True
g0pA_taske.txt,g2pE_taske.txt,non,non,0.94498765,True
g0pA_taske.txt,g3pA_taska.txt,non,non,0.73345196,True
g0pA_taske.txt,g3pA_taskb.txt,non,heavy,0.6694384,False
g0pA_taske.txt,g3pA_taskc.txt,non,light,0.78949845,True
g0pA_taske.txt,g3pA_taskd.txt,non,cut,0.6392757,False
g0pA_taske.txt,g3pA_taske.txt,non,non,0.8649658,True
g0pA_taske.txt,g3pB_taska.txt,non,non,0.7350332,True
g0pA_taske.txt,g3pB_taskb.txt,non,non,0.72448635,True
g0pA_taske.txt,g3pB_taskc.txt,non,heavy,0.80507374,True
g0pA_taske.txt,g3pB_taskd.txt,non,light,0.70433974,True
g0pA_taske.txt,g3pB_taske.txt,non,cut,0.8907858,True
g0pA_taske.txt,g3pC_taska.txt,non,cut,0.635214,False
g0pA_taske.txt,g3pC_taskb.txt,non,non,0.7413433,True
g0pA_taske.txt,g3pC_taskc.txt,non,non,0.7260294,True
g0pA_taske.txt,g3pC_taskd.txt,non,heavy,0.56544536,False
g0pA_taske.txt,g3pC_taske.txt,non,light,0.831583,True
g0pA_taske.txt,g4pB_taska.txt,non,non,0.6712572,False
g0pA_taske.txt,g4pB_taskb.txt,non,non,0.6618512,False
g0pA_taske.txt,g4pB_taskc.txt,non,heavy,0.8046559,True
g0pA_taske.txt,g4pB_taskd.txt,non,light,0.6011143,False
g0pA_taske.txt,g4pB_taske.txt,non,cut,0.91438437,True
g0pA_taske.txt,g4pC_taska.txt,non,cut,0.7570307,True
g0pA_taske.txt,g4pC_taskb.txt,non,non,0.6951977,False
g0pA_taske.txt,g4pC_taskc.txt,non,non,0.7539513,True
g0pA_taske.txt,g4pC_taskd.txt,non,heavy,0.6370532,False
g0pA_taske.txt,g4pC_taske.txt,non,light,0.89334965,True
g0pA_taske.txt,g4pD_taska.txt,non,light,0.7555419,True
g0pA_taske.txt,g4pD_taskb.txt,non,cut,0.71336424,True
g0pA_taske.txt,g4pD_taskc.txt,non,non,0.7671925,True
g0pA_taske.txt,g4pD_taskd.txt,non,non,0.722308,True
g0pA_taske.txt,g4pD_taske.txt,non,heavy,0.8719114,True
g0pA_taske.txt,g4pE_taska.txt,non,heavy,0.6950122,False
g0pA_taske.txt,g4pE_taskb.txt,non,light,0.6393172,False
g0pA_taske.txt,g4pE_taskc.txt,non,cut,0.751047,True
g0pA_taske.txt,g4pE_taskd.txt,non,non,0.75510025,True
g0pA_taske.txt,g4pE_taske.txt,non,non,0.84831583,True
g0pA_taske.txt,orig_taska.txt,non,orig,0.7559192,True
g0pA_taske.txt,orig_taskb.txt,non,orig,0.645725,False
g0pA_taske.txt,orig_taskc.txt,non,orig,0.78300774,True
g0pA_taske.txt,orig_taskd.txt,non,orig,0.6422841,False
g0pA_taske.txt,orig_taske.txt,non,orig,0.9037539,True
g0pB_taska.txt,g0pB_taskb.txt,non,non,0.6355481,False
g0pB_taska.txt,g0pB_taskc.txt,non,cut,0.75315714,True
g0pB_taska.txt,g0pB_taskd.txt,non,light,0.69883406,False
g0pB_taska.txt,g0pB_taske.txt,non,heavy,0.71871185,True
g0pB_taska.txt,g0pC_taska.txt,non,heavy,0.8007281,True
g0pB_taska.txt,g0pC_taskb.txt,non,non,0.6230403,False
g0pB_taska.txt,g0pC_taskc.txt,non,non,0.72243226,True
g0pB_taska.txt,g0pC_taskd.txt,non,cut,0.6503727,False
g0pB_taska.txt,g0pC_taske.txt,non,light,0.6843865,False
g0pB_taska.txt,g0pD_taska.txt,non,cut,0.79691464,True
g0pB_taska.txt,g0pD_taskb.txt,non,light,0.6309272,False
g0pB_taska.txt,g0pD_taskc.txt,non,heavy,0.7713369,True
g0pB_taska.txt,g0pD_taskd.txt,non,non,0.5636114,False
g0pB_taska.txt,g0pD_taske.txt,non,non,0.6489068,False
g0pB_taska.txt,g0pE_taska.txt,non,light,0.807536,True
g0pB_taska.txt,g0pE_taskb.txt,non,heavy,0.64953375,False
g0pB_taska.txt,g0pE_taskc.txt,non,non,0.6279307,False
g0pB_taska.txt,g0pE_taskd.txt,non,non,0.62695825,False
g0pB_taska.txt,g0pE_taske.txt,non,cut,0.7020004,True
g0pB_taska.txt,g1pA_taska.txt,non,non,0.821576,True
g0pB_taska.txt,g1pA_taskb.txt,non,heavy,0.6768234,False
g0pB_taska.txt,g1pA_taskc.txt,non,light,0.7465008,True
g0pB_taska.txt,g1pA_taskd.txt,non,cut,0.708845,True
g0pB_taska.txt,g1pA_taske.txt,non,non,0.71896636,True
g0pB_taska.txt,g1pB_taska.txt,non,non,0.75092816,True
g0pB_taska.txt,g1pB_taskb.txt,non,non,0.643207,False
g0pB_taska.txt,g1pB_taskc.txt,non,heavy,0.74005324,True
g0pB_taska.txt,g1pB_taskd.txt,non,light,0.6751578,False
g0pB_taska.txt,g1pB_taske.txt,non,cut,0.7405185,True
g0pB_taska.txt,g1pD_taska.txt,non,light,0.80989826,True
g0pB_taska.txt,g1pD_taskb.txt,non,cut,0.722489,True
g0pB_taska.txt,g1pD_taskc.txt,non,non,0.6786535,False
g0pB_taska.txt,g1pD_taskd.txt,non,non,0.6060501,False
g0pB_taska.txt,g1pD_taske.txt,non,heavy,0.67059803,False
g0pB_taska.txt,g2pA_taska.txt,non,non,0.7869123,True
g0pB_taska.txt,g2pA_taskb.txt,non,heavy,0.6251552,False
g0pB_taska.txt,g2pA_taskc.txt,non,light,0.74946135,True
g0pB_taska.txt,g2pA_taskd.txt,non,cut,0.6543106,False
g0pB_taska.txt,g2pA_taske.txt,non,non,0.6616206,False
g0pB_taska.txt,g2pB_taska.txt,non,non,0.8438221,True
g0pB_taska.txt,g2pB_taskb.txt,non,non,0.6543665,False
g0pB_taska.txt,g2pB_taskc.txt,non,heavy,0.77831936,True
g0pB_taska.txt,g2pB_taskd.txt,non,light,0.66002125,False
g0pB_taska.txt,g2pB_taske.txt,non,cut,0.7126128,True
g0pB_taska.txt,g2pC_taska.txt,non,cut,0.8233534,True
g0pB_taska.txt,g2pC_taskb.txt,non,non,0.63317317,False
g0pB_taska.txt,g2pC_taskc.txt,non,non,0.6930919,False
g0pB_taska.txt,g2pC_taskd.txt,non,heavy,0.6150936,False
g0pB_taska.txt,g2pC_taske.txt,non,light,0.6798956,False
g0pB_taska.txt,g2pE_taska.txt,non,heavy,0.8211428,True
g0pB_taska.txt,g2pE_taskb.txt,non,light,0.6759014,False
g0pB_taska.txt,g2pE_taskc.txt,non,cut,0.6051389,False
g0pB_taska.txt,g2pE_taskd.txt,non,non,0.73049676,True
g0pB_taska.txt,g2pE_taske.txt,non,non,0.6752757,False
g0pB_taska.txt,g3pA_taska.txt,non,non,0.8333426,True
g0pB_taska.txt,g3pA_taskb.txt,non,heavy,0.68081224,False
g0pB_taska.txt,g3pA_taskc.txt,non,light,0.7594619,True
g0pB_taska.txt,g3pA_taskd.txt,non,cut,0.6657353,False
g0pB_taska.txt,g3pA_taske.txt,non,non,0.7196895,True
g0pB_taska.txt,g3pB_taska.txt,non,non,0.8386311,True
g0pB_taska.txt,g3pB_taskb.txt,non,non,0.6565949,False
g0pB_taska.txt,g3pB_taskc.txt,non,heavy,0.7792638,True
g0pB_taska.txt,g3pB_taskd.txt,non,light,0.6588413,False
g0pB_taska.txt,g3pB_taske.txt,non,cut,0.72053975,True
g0pB_taska.txt,g3pC_taska.txt,non,cut,0.74819523,True
g0pB_taska.txt,g3pC_taskb.txt,non,non,0.7023461,True
g0pB_taska.txt,g3pC_taskc.txt,non,non,0.68463933,False
g0pB_taska.txt,g3pC_taskd.txt,non,heavy,0.5882946,False
g0pB_taska.txt,g3pC_taske.txt,non,light,0.6884253,False
g0pB_taska.txt,g4pB_taska.txt,non,non,0.81299394,True
g0pB_taska.txt,g4pB_taskb.txt,non,non,0.67465156,False
g0pB_taska.txt,g4pB_taskc.txt,non,heavy,0.7468866,True
g0pB_taska.txt,g4pB_taskd.txt,non,light,0.6383761,False
g0pB_taska.txt,g4pB_taske.txt,non,cut,0.70743513,True
g0pB_taska.txt,g4pC_taska.txt,non,cut,0.80237013,True
g0pB_taska.txt,g4pC_taskb.txt,non,non,0.61901677,False
g0pB_taska.txt,g4pC_taskc.txt,non,non,0.7332072,True
g0pB_taska.txt,g4pC_taskd.txt,non,heavy,0.6602915,False
g0pB_taska.txt,g4pC_taske.txt,non,light,0.73142856,True
g0pB_taska.txt,g4pD_taska.txt,non,light,0.81307584,True
g0pB_taska.txt,g4pD_taskb.txt,non,cut,0.7142847,True
g0pB_taska.txt,g4pD_taskc.txt,non,non,0.73896456,True
g0pB_taska.txt,g4pD_taskd.txt,non,non,0.6880044,False
g0pB_taska.txt,g4pD_taske.txt,non,heavy,0.72132874,True
g0pB_taska.txt,g4pE_taska.txt,non,heavy,0.82577705,True
g0pB_taska.txt,g4pE_taskb.txt,non,light,0.65821934,False
g0pB_taska.txt,g4pE_taskc.txt,non,cut,0.71305627,True
g0pB_taska.txt,g4pE_taskd.txt,non,non,0.7518041,True
g0pB_taska.txt,g4pE_taske.txt,non,non,0.72640026,True
g0pB_taska.txt,orig_taska.txt,non,orig,0.8094625,True
g0pB_taska.txt,orig_taskb.txt,non,orig,0.6619556,False
g0pB_taska.txt,orig_taskc.txt,non,orig,0.7607917,True
g0pB_taska.txt,orig_taskd.txt,non,orig,0.6678339,False
g0pB_taska.txt,orig_taske.txt,non,orig,0.7362095,True
g0pB_taskb.txt,g0pB_taskc.txt,non,cut,0.765402,True
g0pB_taskb.txt,g0pB_taskd.txt,non,light,0.618775,False
g0pB_taskb.txt,g0pB_taske.txt,non,heavy,0.64293736,False
g0pB_taskb.txt,g0pC_taska.txt,non,heavy,0.63157624,False
g0pB_taskb.txt,g0pC_taskb.txt,non,non,0.9075569,True
g0pB_taskb.txt,g0pC_taskc.txt,non,non,0.7143289,True
g0pB_taskb.txt,g0pC_taskd.txt,non,cut,0.58470106,False
g0pB_taskb.txt,g0pC_taske.txt,non,light,0.6730634,False
g0pB_taskb.txt,g0pD_taska.txt,non,cut,0.6572719,False
g0pB_taskb.txt,g0pD_taskb.txt,non,light,0.76394576,True
g0pB_taskb.txt,g0pD_taskc.txt,non,heavy,0.7526402,True
g0pB_taskb.txt,g0pD_taskd.txt,non,non,0.5783992,False
g0pB_taskb.txt,g0pD_taske.txt,non,non,0.60446554,False
g0pB_taskb.txt,g0pE_taska.txt,non,light,0.6880878,False
g0pB_taskb.txt,g0pE_taskb.txt,non,heavy,0.8470307,True
g0pB_taskb.txt,g0pE_taskc.txt,non,non,0.58762956,False
g0pB_taskb.txt,g0pE_taskd.txt,non,non,0.5976968,False
g0pB_taskb.txt,g0pE_taske.txt,non,cut,0.6711151,False
g0pB_taskb.txt,g1pA_taska.txt,non,non,0.6264769,False
g0pB_taskb.txt,g1pA_taskb.txt,non,heavy,0.8885798,True
g0pB_taskb.txt,g1pA_taskc.txt,non,light,0.746205,True
g0pB_taskb.txt,g1pA_taskd.txt,non,cut,0.6525458,False
g0pB_taskb.txt,g1pA_taske.txt,non,non,0.6697362,False
g0pB_taskb.txt,g1pB_taska.txt,non,non,0.6463125,False
g0pB_taskb.txt,g1pB_taskb.txt,non,non,0.93856823,True
g0pB_taskb.txt,g1pB_taskc.txt,non,heavy,0.77465713,True
g0pB_taskb.txt,g1pB_taskd.txt,non,light,0.63368964,False
g0pB_taskb.txt,g1pB_taske.txt,non,cut,0.69530195,False
g0pB_taskb.txt,g1pD_taska.txt,non,light,0.69579506,False
g0pB_taskb.txt,g1pD_taskb.txt,non,cut,0.8242635,True
g0pB_taskb.txt,g1pD_taskc.txt,non,non,0.6905302,False
g0pB_taskb.txt,g1pD_taskd.txt,non,non,0.60985976,False
g0pB_taskb.txt,g1pD_taske.txt,non,heavy,0.62678766,False
g0pB_taskb.txt,g2pA_taska.txt,non,non,0.6780611,False
g0pB_taskb.txt,g2pA_taskb.txt,non,heavy,0.91377515,True
g0pB_taskb.txt,g2pA_taskc.txt,non,light,0.7448338,True
g0pB_taskb.txt,g2pA_taskd.txt,non,cut,0.56978333,False
g0pB_taskb.txt,g2pA_taske.txt,non,non,0.6132475,False
g0pB_taskb.txt,g2pB_taska.txt,non,non,0.67002916,False
g0pB_taskb.txt,g2pB_taskb.txt,non,non,0.89139926,True
g0pB_taskb.txt,g2pB_taskc.txt,non,heavy,0.7505902,True
g0pB_taskb.txt,g2pB_taskd.txt,non,light,0.6151235,False
g0pB_taskb.txt,g2pB_taske.txt,non,cut,0.6603064,False
g0pB_taskb.txt,g2pC_taska.txt,non,cut,0.67067903,False
g0pB_taskb.txt,g2pC_taskb.txt,non,non,0.9287956,True
g0pB_taskb.txt,g2pC_taskc.txt,non,non,0.693364,False
g0pB_taskb.txt,g2pC_taskd.txt,non,heavy,0.5409063,False
g0pB_taskb.txt,g2pC_taske.txt,non,light,0.6251975,False
g0pB_taskb.txt,g2pE_taska.txt,non,heavy,0.7007709,True
g0pB_taskb.txt,g2pE_taskb.txt,non,light,0.7604011,True
g0pB_taskb.txt,g2pE_taskc.txt,non,cut,0.66656,False
g0pB_taskb.txt,g2pE_taskd.txt,non,non,0.6772962,False
g0pB_taskb.txt,g2pE_taske.txt,non,non,0.6212069,False
g0pB_taskb.txt,g3pA_taska.txt,non,non,0.6627626,False
g0pB_taskb.txt,g3pA_taskb.txt,non,heavy,0.89783174,True
g0pB_taskb.txt,g3pA_taskc.txt,non,light,0.7613728,True
g0pB_taskb.txt,g3pA_taskd.txt,non,cut,0.5991845,False
g0pB_taskb.txt,g3pA_taske.txt,non,non,0.6928202,False
g0pB_taskb.txt,g3pB_taska.txt,non,non,0.6294154,False
g0pB_taskb.txt,g3pB_taskb.txt,non,non,0.86255324,True
g0pB_taskb.txt,g3pB_taskc.txt,non,heavy,0.745123,True
g0pB_taskb.txt,g3pB_taskd.txt,non,light,0.6310653,False
g0pB_taskb.txt,g3pB_taske.txt,non,cut,0.6728802,False
g0pB_taskb.txt,g3pC_taska.txt,non,cut,0.5941785,False
g0pB_taskb.txt,g3pC_taskb.txt,non,non,0.89182484,True
g0pB_taskb.txt,g3pC_taskc.txt,non,non,0.74355626,True
g0pB_taskb.txt,g3pC_taskd.txt,non,heavy,0.53198195,False
g0pB_taskb.txt,g3pC_taske.txt,non,light,0.6757041,False
g0pB_taskb.txt,g4pB_taska.txt,non,non,0.61183846,False
g0pB_taskb.txt,g4pB_taskb.txt,non,non,0.9202937,True
g0pB_taskb.txt,g4pB_taskc.txt,non,heavy,0.7333446,True
g0pB_taskb.txt,g4pB_taskd.txt,non,light,0.569171,False
g0pB_taskb.txt,g4pB_taske.txt,non,cut,0.63861036,False
g0pB_taskb.txt,g4pC_taska.txt,non,cut,0.675337,False
g0pB_taskb.txt,g4pC_taskb.txt,non,non,0.8391949,True
g0pB_taskb.txt,g4pC_taskc.txt,non,non,0.7076965,True
g0pB_taskb.txt,g4pC_taskd.txt,non,heavy,0.591555,False
g0pB_taskb.txt,g4pC_taske.txt,non,light,0.6947388,False
g0pB_taskb.txt,g4pD_taska.txt,non,light,0.6732042,False
g0pB_taskb.txt,g4pD_taskb.txt,non,cut,0.79357123,True
g0pB_taskb.txt,g4pD_taskc.txt,non,non,0.7423768,True
g0pB_taskb.txt,g4pD_taskd.txt,non,non,0.6374701,False
g0pB_taskb.txt,g4pD_taske.txt,non,heavy,0.67215914,False
g0pB_taskb.txt,g4pE_taska.txt,non,heavy,0.6333643,False
g0pB_taskb.txt,g4pE_taskb.txt,non,light,0.8424367,True
g0pB_taskb.txt,g4pE_taskc.txt,non,cut,0.6521609,False
g0pB_taskb.txt,g4pE_taskd.txt,non,non,0.75008196,True
g0pB_taskb.txt,g4pE_taske.txt,non,non,0.7161192,True
g0pB_taskb.txt,orig_taska.txt,non,orig,0.6838472,False
g0pB_taskb.txt,orig_taskb.txt,non,orig,0.9149953,True
g0pB_taskb.txt,orig_taskc.txt,non,orig,0.7523029,True
g0pB_taskb.txt,orig_taskd.txt,non,orig,0.60545826,False
g0pB_taskb.txt,orig_taske.txt,non,orig,0.684789,False
g0pB_taskc.txt,g0pB_taskd.txt,cut,light,0.77233714,True
g0pB_taskc.txt,g0pB_taske.txt,cut,heavy,0.80663073,True
g0pB_taskc.txt,g0pC_taska.txt,cut,heavy,0.751129,True
g0pB_taskc.txt,g0pC_taskb.txt,cut,non,0.74995,True
g0pB_taskc.txt,g0pC_taskc.txt,cut,non,0.90445423,True
g0pB_taskc.txt,g0pC_taskd.txt,cut,cut,0.7614809,True
g0pB_taskc.txt,g0pC_taske.txt,cut,light,0.7827418,True
g0pB_taskc.txt,g0pD_taska.txt,cut,cut,0.77050424,True
g0pB_taskc.txt,g0pD_taskb.txt,cut,light,0.75365853,True
g0pB_taskc.txt,g0pD_taskc.txt,cut,heavy,0.9663853,True
g0pB_taskc.txt,g0pD_taskd.txt,cut,non,0.72060895,True
g0pB_taskc.txt,g0pD_taske.txt,cut,non,0.7362571,True
g0pB_taskc.txt,g0pE_taska.txt,cut,light,0.8031045,True
g0pB_taskc.txt,g0pE_taskb.txt,cut,heavy,0.8079473,True
g0pB_taskc.txt,g0pE_taskc.txt,cut,non,0.85044706,True
g0pB_taskc.txt,g0pE_taskd.txt,cut,non,0.6985228,False
g0pB_taskc.txt,g0pE_taske.txt,cut,cut,0.78078455,True
g0pB_taskc.txt,g1pA_taska.txt,cut,non,0.73496556,True
g0pB_taskc.txt,g1pA_taskb.txt,cut,heavy,0.815233,True
g0pB_taskc.txt,g1pA_taskc.txt,cut,light,0.9635338,True
g0pB_taskc.txt,g1pA_taskd.txt,cut,cut,0.80069345,True
g0pB_taskc.txt,g1pA_taske.txt,cut,non,0.7869812,True
g0pB_taskc.txt,g1pB_taska.txt,cut,non,0.70205694,True
g0pB_taskc.txt,g1pB_taskb.txt,cut,non,0.759856,True
g0pB_taskc.txt,g1pB_taskc.txt,cut,heavy,0.97004056,True
g0pB_taskc.txt,g1pB_taskd.txt,cut,light,0.7579714,True
g0pB_taskc.txt,g1pB_taske.txt,cut,cut,0.8076254,True
g0pB_taskc.txt,g1pD_taska.txt,cut,light,0.7989162,True
g0pB_taskc.txt,g1pD_taskb.txt,cut,cut,0.85319304,True
g0pB_taskc.txt,g1pD_taskc.txt,cut,non,0.90464604,True
g0pB_taskc.txt,g1pD_taskd.txt,cut,non,0.7081822,True
g0pB_taskc.txt,g1pD_taske.txt,cut,heavy,0.72977877,True
g0pB_taskc.txt,g2pA_taska.txt,cut,non,0.7538389,True
g0pB_taskc.txt,g2pA_taskb.txt,cut,heavy,0.79591405,True
g0pB_taskc.txt,g2pA_taskc.txt,cut,light,0.9859084,True
g0pB_taskc.txt,g2pA_taskd.txt,cut,cut,0.6770678,False
g0pB_taskc.txt,g2pA_taske.txt,cut,non,0.77747977,True
g0pB_taskc.txt,g2pB_taska.txt,cut,non,0.75249505,True
g0pB_taskc.txt,g2pB_taskb.txt,cut,non,0.79934037,True
g0pB_taskc.txt,g2pB_taskc.txt,cut,heavy,0.9634236,True
g0pB_taskc.txt,g2pB_taskd.txt,cut,light,0.7730023,True
g0pB_taskc.txt,g2pB_taske.txt,cut,cut,0.78924614,True
g0pB_taskc.txt,g2pC_taska.txt,cut,cut,0.78145295,True
g0pB_taskc.txt,g2pC_taskb.txt,cut,non,0.80365914,True
g0pB_taskc.txt,g2pC_taskc.txt,cut,non,0.93102914,True
g0pB_taskc.txt,g2pC_taskd.txt,cut,heavy,0.686986,False
g0pB_taskc.txt,g2pC_taske.txt,cut,light,0.75606143,True
g0pB_taskc.txt,g2pE_taska.txt,cut,heavy,0.80983365,True
g0pB_taskc.txt,g2pE_taskb.txt,cut,light,0.7760997,True
g0pB_taskc.txt,g2pE_taskc.txt,cut,cut,0.7631042,True
g0pB_taskc.txt,g2pE_taskd.txt,cut,non,0.79521424,True
g0pB_taskc.txt,g2pE_taske.txt,cut,non,0.7647997,True
g0pB_taskc.txt,g3pA_taska.txt,cut,non,0.77385634,True
g0pB_taskc.txt,g3pA_taskb.txt,cut,heavy,0.8148694,True
g0pB_taskc.txt,g3pA_taskc.txt,cut,light,0.9860319,True
g0pB_taskc.txt,g3pA_taskd.txt,cut,cut,0.7680769,True
g0pB_taskc.txt,g3pA_taske.txt,cut,non,0.79765415,True
g0pB_taskc.txt,g3pB_taska.txt,cut,non,0.77627766,True
g0pB_taskc.txt,g3pB_taskb.txt,cut,non,0.8077419,True
g0pB_taskc.txt,g3pB_taskc.txt,cut,heavy,0.9489207,True
g0pB_taskc.txt,g3pB_taskd.txt,cut,light,0.7724217,True
g0pB_taskc.txt,g3pB_taske.txt,cut,cut,0.79838943,True
g0pB_taskc.txt,g3pC_taska.txt,cut,cut,0.6944679,False
g0pB_taskc.txt,g3pC_taskb.txt,cut,non,0.84028405,True
g0pB_taskc.txt,g3pC_taskc.txt,cut,non,0.86268705,True
g0pB_taskc.txt,g3pC_taskd.txt,cut,heavy,0.6870728,False
g0pB_taskc.txt,g3pC_taske.txt,cut,light,0.78467965,True
g0pB_taskc.txt,g4pB_taska.txt,cut,non,0.75550616,True
g0pB_taskc.txt,g4pB_taskb.txt,cut,non,0.7935669,True
g0pB_taskc.txt,g4pB_taskc.txt,cut,heavy,0.966401,True
g0pB_taskc.txt,g4pB_taskd.txt,cut,light,0.7273512,True
g0pB_taskc.txt,g4pB_taske.txt,cut,cut,0.7848506,True
g0pB_taskc.txt,g4pC_taska.txt,cut,cut,0.79799956,True
g0pB_taskc.txt,g4pC_taskb.txt,cut,non,0.80093694,True
g0pB_taskc.txt,g4pC_taskc.txt,cut,non,0.8796982,True
g0pB_taskc.txt,g4pC_taskd.txt,cut,heavy,0.76182765,True
g0pB_taskc.txt,g4pC_taske.txt,cut,light,0.8172466,True
g0pB_taskc.txt,g4pD_taska.txt,cut,light,0.7926132,True
g0pB_taskc.txt,g4pD_taskb.txt,cut,cut,0.8475334,True
g0pB_taskc.txt,g4pD_taskc.txt,cut,non,0.8852354,True
g0pB_taskc.txt,g4pD_taskd.txt,cut,non,0.79862356,True
g0pB_taskc.txt,g4pD_taske.txt,cut,heavy,0.81890625,True
g0pB_taskc.txt,g4pE_taska.txt,cut,heavy,0.7235207,True
g0pB_taskc.txt,g4pE_taskb.txt,cut,light,0.80510736,True
g0pB_taskc.txt,g4pE_taskc.txt,cut,cut,0.92045444,True
g0pB_taskc.txt,g4pE_taskd.txt,cut,non,0.8430866,True
g0pB_taskc.txt,g4pE_taske.txt,cut,non,0.8123157,True
g0pB_taskc.txt,orig_taska.txt,cut,orig,0.8010056,True
g0pB_taskc.txt,orig_taskb.txt,cut,orig,0.82108516,True
g0pB_taskc.txt,orig_taskc.txt,cut,orig,0.9907761,True
g0pB_taskc.txt,orig_taskd.txt,cut,orig,0.77162015,True
g0pB_taskc.txt,orig_taske.txt,cut,orig,0.8174703,True
g0pB_taskd.txt,g0pB_taske.txt,light,heavy,0.74295396,True
g0pB_taskd.txt,g0pC_taska.txt,light,heavy,0.71603143,True
g0pB_taskd.txt,g0pC_taskb.txt,light,non,0.5828783,False
g0pB_taskd.txt,g0pC_taskc.txt,light,non,0.7356872,True
g0pB_taskd.txt,g0pC_taskd.txt,light,cut,0.9036337,True
g0pB_taskd.txt,g0pC_taske.txt,light,light,0.70581895,True
g0pB_taskd.txt,g0pD_taska.txt,light,cut,0.71980536,True
g0pB_taskd.txt,g0pD_taskb.txt,light,light,0.65947056,False
g0pB_taskd.txt,g0pD_taskc.txt,light,heavy,0.77359784,True
g0pB_taskd.txt,g0pD_taskd.txt,light,non,0.7806916,True
g0pB_taskd.txt,g0pD_taske.txt,light,non,0.65148336,False
g0pB_taskd.txt,g0pE_taska.txt,light,light,0.76493764,True
g0pB_taskd.txt,g0pE_taskb.txt,light,heavy,0.6683924,False
g0pB_taskd.txt,g0pE_taskc.txt,light,non,0.5734848,False
g0pB_taskd.txt,g0pE_taskd.txt,light,non,0.83104324,True
g0pB_taskd.txt,g0pE_taske.txt,light,cut,0.7128952,True
g0pB_taskd.txt,g1pA_taska.txt,light,non,0.67675376,False
g0pB_taskd.txt,g1pA_taskb.txt,light,heavy,0.723815,True
g0pB_taskd.txt,g1pA_taskc.txt,light,light,0.76914096,True
g0pB_taskd.txt,g1pA_taskd.txt,light,cut,0.90382886,True
g0pB_taskd.txt,g1pA_taske.txt,light,non,0.740096,True
g0pB_taskd.txt,g1pB_taska.txt,light,non,0.6647881,False
g0pB_taskd.txt,g1pB_taskb.txt,light,non,0.6359001,False
g0pB_taskd.txt,g1pB_taskc.txt,light,heavy,0.751935,True
g0pB_taskd.txt,g1pB_taskd.txt,light,light,0.9301648,True
g0pB_taskd.txt,g1pB_taske.txt,light,cut,0.72440517,True
g0pB_taskd.txt,g1pD_taska.txt,light,light,0.7431946,True
g0pB_taskd.txt,g1pD_taskb.txt,light,cut,0.80749,True
g0pB_taskd.txt,g1pD_taskc.txt,light,non,0.7048029,True
g0pB_taskd.txt,g1pD_taskd.txt,light,non,0.8556175,True
g0pB_taskd.txt,g1pD_taske.txt,light,heavy,0.6573783,False
g0pB_taskd.txt,g2pA_taska.txt,light,non,0.6916307,False
g0pB_taskd.txt,g2pA_taskb.txt,light,heavy,0.6573131,False
g0pB_taskd.txt,g2pA_taskc.txt,light,light,0.7818956,True
g0pB_taskd.txt,g2pA_taskd.txt,light,cut,0.80451477,True
g0pB_taskd.txt,g2pA_taske.txt,light,non,0.6798568,False
g0pB_taskd.txt,g2pB_taska.txt,light,non,0.7220831,True
g0pB_taskd.txt,g2pB_taskb.txt,light,non,0.66447866,False
g0pB_taskd.txt,g2pB_taskc.txt,light,heavy,0.7621814,True
g0pB_taskd.txt,g2pB_taskd.txt,light,light,0.9559171,True
g0pB_taskd.txt,g2pB_taske.txt,light,cut,0.7152895,True
g0pB_taskd.txt,g2pC_taska.txt,light,cut,0.7390852,True
g0pB_taskd.txt,g2pC_taskb.txt,light,non,0.66226685,False
g0pB_taskd.txt,g2pC_taskc.txt,light,non,0.7287775,True
g0pB_taskd.txt,g2pC_taskd.txt,light,heavy,0.89998394,True
g0pB_taskd.txt,g2pC_taske.txt,light,light,0.6911067,False
g0pB_taskd.txt,g2pE_taska.txt,light,heavy,0.76629925,True
g0pB_taskd.txt,g2pE_taskb.txt,light,light,0.7000898,True
g0pB_taskd.txt,g2pE_taskc.txt,light,cut,0.5651773,False
g0pB_taskd.txt,g2pE_taskd.txt,light,non,0.8720464,True
g0pB_taskd.txt,g2pE_taske.txt,light,non,0.71320313,True
g0pB_taskd.txt,g3pA_taska.txt,light,non,0.7055002,True
g0pB_taskd.txt,g3pA_taskb.txt,light,heavy,0.6915597,False
g0pB_taskd.txt,g3pA_taskc.txt,light,light,0.7832804,True
g0pB_taskd.txt,g3pA_taskd.txt,light,cut,0.9603656,True
g0pB_taskd.txt,g3pA_taske.txt,light,non,0.7289327,True
g0pB_taskd.txt,g3pB_taska.txt,light,non,0.72229296,True
g0pB_taskd.txt,g3pB_taskb.txt,light,non,0.64008266,False
g0pB_taskd.txt,g3pB_taskc.txt,light,heavy,0.79912746,True
g0pB_taskd.txt,g3pB_taskd.txt,light,light,0.86221933,True
g0pB_taskd.txt,g3pB_taske.txt,light,cut,0.7119272,True
g0pB_taskd.txt,g3pC_taska.txt,light,cut,0.68640625,False
g0pB_taskd.txt,g3pC_taskb.txt,light,non,0.69883627,False
g0pB_taskd.txt,g3pC_taskc.txt,light,non,0.7367798,True
g0pB_taskd.txt,g3pC_taskd.txt,light,heavy,0.9410146,True
g0pB_taskd.txt,g3pC_taske.txt,light,light,0.71989346,True
g0pB_taskd.txt,g4pB_taska.txt,light,non,0.70592,True
g0pB_taskd.txt,g4pB_taskb.txt,light,non,0.65344477,False
g0pB_taskd.txt,g4pB_taskc.txt,light,heavy,0.7855672,True
g0pB_taskd.txt,g4pB_taskd.txt,light,light,0.971644,True
g0pB_taskd.txt,g4pB_taske.txt,light,cut,0.7040434,True
g0pB_taskd.txt,g4pC_taska.txt,light,cut,0.7558652,True
g0pB_taskd.txt,g4pC_taskb.txt,light,non,0.6551246,False
g0pB_taskd.txt,g4pC_taskc.txt,light,non,0.75419736,True
g0pB_taskd.txt,g4pC_taskd.txt,light,heavy,0.95849127,True
g0pB_taskd.txt,g4pC_taske.txt,light,light,0.7373476,True
g0pB_taskd.txt,g4pD_taska.txt,light,light,0.7656671,True
g0pB_taskd.txt,g4pD_taskb.txt,light,cut,0.8029207,True
g0pB_taskd.txt,g4pD_taskc.txt,light,non,0.82221186,True
g0pB_taskd.txt,g4pD_taskd.txt,light,non,0.8519682,True
g0pB_taskd.txt,g4pD_taske.txt,light,heavy,0.75271976,True
g0pB_taskd.txt,g4pE_taska.txt,light,heavy,0.66453004,False
g0pB_taskd.txt,g4pE_taskb.txt,light,light,0.6727345,False
g0pB_taskd.txt,g4pE_taskc.txt,light,cut,0.70155656,True
g0pB_taskd.txt,g4pE_taskd.txt,light,non,0.8006432,True
g0pB_taskd.txt,g4pE_taske.txt,light,non,0.6686559,False
g0pB_taskd.txt,orig_taska.txt,light,orig,0.7638267,True
g0pB_taskd.txt,orig_taskb.txt,light,orig,0.68421954,False
g0pB_taskd.txt,orig_taskc.txt,light,orig,0.786131,True
g0pB_taskd.txt,orig_taskd.txt,light,orig,0.9618106,True
g0pB_taskd.txt,orig_taske.txt,light,orig,0.75022304,True
g0pB_taske.txt,g0pC_taska.txt,heavy,heavy,0.76324624,True
g0pB_taske.txt,g0pC_taskb.txt,heavy,non,0.6800213,False
g0pB_taske.txt,g0pC_taskc.txt,heavy,non,0.7973046,True
g0pB_taske.txt,g0pC_taskd.txt,heavy,cut,0.7137699,True
g0pB_taske.txt,g0pC_taske.txt,heavy,light,0.8874651,True
g0pB_taske.txt,g0pD_taska.txt,heavy,cut,0.7704991,True
g0pB_taske.txt,g0pD_taskb.txt,heavy,light,0.6842936,False
g0pB_taske.txt,g0pD_taskc.txt,heavy,heavy,0.81330776,True
g0pB_taske.txt,g0pD_taskd.txt,heavy,non,0.66018915,False
g0pB_taske.txt,g0pD_taske.txt,heavy,non,0.8373519,True
g0pB_taske.txt,g0pE_taska.txt,heavy,light,0.78342116,True
g0pB_taske.txt,g0pE_taskb.txt,heavy,heavy,0.7292392,True
g0pB_taske.txt,g0pE_taskc.txt,heavy,non,0.686171,False
g0pB_taske.txt,g0pE_taskd.txt,heavy,non,0.7403549,True
g0pB_taske.txt,g0pE_taske.txt,heavy,cut,0.87316793,True
g0pB_taske.txt,g1pA_taska.txt,heavy,non,0.69894564,False
g0pB_taske.txt,g1pA_taskb.txt,heavy,heavy,0.73605,True
g0pB_taske.txt,g1pA_taskc.txt,heavy,light,0.81527317,True
g0pB_taske.txt,g1pA_taskd.txt,heavy,cut,0.7550903,True
g0pB_taske.txt,g1pA_taske.txt,heavy,non,0.8878134,True
g0pB_taske.txt,g1pB_taska.txt,heavy,non,0.7220112,True
g0pB_taske.txt,g1pB_taskb.txt,heavy,non,0.6481386,False
g0pB_taske.txt,g1pB_taskc.txt,heavy,heavy,0.78591025,True
g0pB_taske.txt,g1pB_taskd.txt,heavy,light,0.72129226,True
g0pB_taske.txt,g1pB_taske.txt,heavy,cut,0.89242053,True
g0pB_taske.txt,g1pD_taska.txt,heavy,light,0.7928733,True
g0pB_taske.txt,g1pD_taskb.txt,heavy,cut,0.78027004,True
g0pB_taske.txt,g1pD_taskc.txt,heavy,non,0.779876,True
g0pB_taske.txt,g1pD_taskd.txt,heavy,non,0.6930714,False
g0pB_taske.txt,g1pD_taske.txt,heavy,heavy,0.9004435,True
g0pB_taske.txt,g2pA_taska.txt,heavy,non,0.7650778,True
g0pB_taske.txt,g2pA_taskb.txt,heavy,heavy,0.6693455,False
g0pB_taske.txt,g2pA_taskc.txt,heavy,light,0.80854344,True
g0pB_taske.txt,g2pA_taskd.txt,heavy,cut,0.6388417,False
g0pB_taske.txt,g2pA_taske.txt,heavy,non,0.908695,True
g0pB_taske.txt,g2pB_taska.txt,heavy,non,0.7765819,True
g0pB_taske.txt,g2pB_taskb.txt,heavy,non,0.72762203,True
g0pB_taske.txt,g2pB_taskc.txt,heavy,heavy,0.8369882,True
g0pB_taske.txt,g2pB_taskd.txt,heavy,light,0.7174941,True
g0pB_taske.txt,g2pB_taske.txt,heavy,cut,0.96312356,True
g0pB_taske.txt,g2pC_taska.txt,heavy,cut,0.7676458,True
g0pB_taske.txt,g2pC_taskb.txt,heavy,non,0.70524645,True
g0pB_taske.txt,g2pC_taskc.txt,heavy,non,0.7695228,True
g0pB_taske.txt,g2pC_taskd.txt,heavy,heavy,0.63834584,False
g0pB_taske.txt,g2pC_taske.txt,heavy,light,0.91263443,True
g0pB_taske.txt,g2pE_taska.txt,heavy,heavy,0.79837644,True
g0pB_taske.txt,g2pE_taskb.txt,heavy,light,0.69233036,False
g0pB_taske.txt,g2pE_taskc.txt,heavy,cut,0.6567364,False
g0pB_taske.txt,g2pE_taskd.txt,heavy,non,0.74763036,True
g0pB_taske.txt,g2pE_taske.txt,heavy,non,0.9175585,True
g0pB_taske.txt,g3pA_taska.txt,heavy,non,0.72775483,True
g0pB_taske.txt,g3pA_taskb.txt,heavy,heavy,0.7005643,True
g0pB_taske.txt,g3pA_taskc.txt,heavy,light,0.82778573,True
g0pB_taske.txt,g3pA_taskd.txt,heavy,cut,0.71699524,True
g0pB_taske.txt,g3pA_taske.txt,heavy,non,0.87466943,True
g0pB_taske.txt,g3pB_taska.txt,heavy,non,0.7387972,True
g0pB_taske.txt,g3pB_taskb.txt,heavy,non,0.7361312,True
g0pB_taske.txt,g3pB_taskc.txt,heavy,heavy,0.840438,True
g0pB_taske.txt,g3pB_taskd.txt,heavy,light,0.7698122,True
g0pB_taske.txt,g3pB_taske.txt,heavy,cut,0.91982305,True
g0pB_taske.txt,g3pC_taska.txt,heavy,cut,0.68725026,False
g0pB_taske.txt,g3pC_taskb.txt,heavy,non,0.774721,True
g0pB_taske.txt,g3pC_taskc.txt,heavy,non,0.7713608,True
g0pB_taske.txt,g3pC_taskd.txt,heavy,heavy,0.64701265,False
g0pB_taske.txt,g3pC_taske.txt,heavy,light,0.8773624,True
g0pB_taske.txt,g4pB_taska.txt,heavy,non,0.7176862,True
g0pB_taske.txt,g4pB_taskb.txt,heavy,non,0.69548833,False
g0pB_taske.txt,g4pB_taskc.txt,heavy,heavy,0.8396585,True
g0pB_taske.txt,g4pB_taskd.txt,heavy,light,0.68210804,False
g0pB_taske.txt,g4pB_taske.txt,heavy,cut,0.921374,True
g0pB_taske.txt,g4pC_taska.txt,heavy,cut,0.7848451,True
g0pB_taske.txt,g4pC_taskb.txt,heavy,non,0.71678096,True
g0pB_taske.txt,g4pC_taskc.txt,heavy,non,0.78158027,True
g0pB_taske.txt,g4pC_taskd.txt,heavy,heavy,0.7155808,True
g0pB_taske.txt,g4pC_taske.txt,heavy,light,0.9515909,True
g0pB_taske.txt,g4pD_taska.txt,heavy,light,0.774567,True
g0pB_taske.txt,g4pD_taskb.txt,heavy,cut,0.760628,True
g0pB_taske.txt,g4pD_taskc.txt,heavy,non,0.8152388,True
g0pB_taske.txt,g4pD_taskd.txt,heavy,non,0.7846379,True
g0pB_taske.txt,g4pD_taske.txt,heavy,heavy,0.8941941,True
g0pB_taske.txt,g4pE_taska.txt,heavy,heavy,0.71058166,True
g0pB_taske.txt,g4pE_taskb.txt,heavy,light,0.6843559,False
g0pB_taske.txt,g4pE_taskc.txt,heavy,cut,0.7627754,True
g0pB_taske.txt,g4pE_taskd.txt,heavy,non,0.8135489,True
g0pB_taske.txt,g4pE_taske.txt,heavy,non,0.855067,True
g0pB_taske.txt,orig_taska.txt,heavy,orig,0.78553236,True
g0pB_taske.txt,orig_taskb.txt,heavy,orig,0.68521434,False
g0pB_taske.txt,orig_taskc.txt,heavy,orig,0.81628805,True
g0pB_taske.txt,orig_taskd.txt,heavy,orig,0.71763134,True
g0pB_taske.txt,orig_taske.txt,heavy,orig,0.94405377,True
g0pC_taska.txt,g0pC_taskb.txt,heavy,non,0.6383816,False
g0pC_taska.txt,g0pC_taskc.txt,heavy,non,0.7291912,True
g0pC_taska.txt,g0pC_taskd.txt,heavy,cut,0.69331515,False
g0pC_taska.txt,g0pC_taske.txt,heavy,light,0.76730263,True
g0pC_taska.txt,g0pD_taska.txt,heavy,cut,0.9103559,True
g0pC_taska.txt,g0pD_taskb.txt,heavy,light,0.65868884,False
g0pC_taska.txt,g0pD_taskc.txt,heavy,heavy,0.76366544,True
g0pC_taska.txt,g0pD_taskd.txt,heavy,non,0.6151414,False
g0pC_taska.txt,g0pD_taske.txt,heavy,non,0.73330307,True
g0pC_taska.txt,g0pE_taska.txt,heavy,light,0.91716814,True
g0pC_taska.txt,g0pE_taskb.txt,heavy,heavy,0.66800153,False
g0pC_taska.txt,g0pE_taskc.txt,heavy,non,0.6162602,False
g0pC_taska.txt,g0pE_taskd.txt,heavy,non,0.67450684,False
g0pC_taska.txt,g0pE_taske.txt,heavy,cut,0.7588317,True
g0pC_taska.txt,g1pA_taska.txt,heavy,non,0.85936445,True
g0pC_taska.txt,g1pA_taskb.txt,heavy,heavy,0.698952,False
g0pC_taska.txt,g1pA_taskc.txt,heavy,light,0.7306509,True
g0pC_taska.txt,g1pA_taskd.txt,heavy,cut,0.7465563,True
g0pC_taska.txt,g1pA_taske.txt,heavy,non,0.7677044,True
g0pC_taska.txt,g1pB_taska.txt,heavy,non,0.8290585,True
g0pC_taska.txt,g1pB_taskb.txt,heavy,non,0.6296064,False
g0pC_taska.txt,g1pB_taskc.txt,heavy,heavy,0.7289481,True
g0pC_taska.txt,g1pB_taskd.txt,heavy,light,0.70233047,True
g0pC_taska.txt,g1pB_taske.txt,heavy,cut,0.7902539,True
g0pC_taska.txt,g1pD_taska.txt,heavy,light,0.926381,True
g0pC_taska.txt,g1pD_taskb.txt,heavy,cut,0.7244246,True
g0pC_taska.txt,g1pD_taskc.txt,heavy,non,0.6664516,False
g0pC_taska.txt,g1pD_taskd.txt,heavy,non,0.63440216,False
g0pC_taska.txt,g1pD_taske.txt,heavy,heavy,0.7055856,True
g0pC_taska.txt,g2pA_taska.txt,heavy,non,0.8196283,True
g0pC_taska.txt,g2pA_taskb.txt,heavy,heavy,0.6528574,False
g0pC_taska.txt,g2pA_taskc.txt,heavy,light,0.7493362,True
g0pC_taska.txt,g2pA_taskd.txt,heavy,cut,0.6653091,False
g0pC_taska.txt,g2pA_taske.txt,heavy,non,0.7177414,True
g0pC_taska.txt,g2pB_taska.txt,heavy,non,0.84130543,True
g0pC_taska.txt,g2pB_taskb.txt,heavy,non,0.67519206,False
g0pC_taska.txt,g2pB_taskc.txt,heavy,heavy,0.7768721,True
g0pC_taska.txt,g2pB_taskd.txt,heavy,light,0.6985726,False
g0pC_taska.txt,g2pB_taske.txt,heavy,cut,0.7381098,True
g0pC_taska.txt,g2pC_taska.txt,heavy,cut,0.9291193,True
g0pC_taska.txt,g2pC_taskb.txt,heavy,non,0.6584463,False
g0pC_taska.txt,g2pC_taskc.txt,heavy,non,0.6649494,False
g0pC_taska.txt,g2pC_taskd.txt,heavy,heavy,0.6269047,False
g0pC_taska.txt,g2pC_taske.txt,heavy,light,0.7547058,True
g0pC_taska.txt,g2pE_taska.txt,heavy,heavy,0.9142443,True
g0pC_taska.txt,g2pE_taskb.txt,heavy,light,0.6911084,False
g0pC_taska.txt,g2pE_taskc.txt,heavy,cut,0.62875867,False
g0pC_taska.txt,g2pE_taskd.txt,heavy,non,0.7323892,True
g0pC_taska.txt,g2pE_taske.txt,heavy,non,0.72993135,True
g0pC_taska.txt,g3pA_taska.txt,heavy,non,0.85635114,True
g0pC_taska.txt,g3pA_taskb.txt,heavy,heavy,0.6629555,False
g0pC_taska.txt,g3pA_taskc.txt,heavy,light,0.7552671,True
g0pC_taska.txt,g3pA_taskd.txt,heavy,cut,0.69408345,False
g0pC_taska.txt,g3pA_taske.txt,heavy,non,0.7677859,True
g0pC_taska.txt,g3pB_taska.txt,heavy,non,0.8822448,True
g0pC_taska.txt,g3pB_taskb.txt,heavy,non,0.6829037,False
g0pC_taska.txt,g3pB_taskc.txt,heavy,heavy,0.760844,True
g0pC_taska.txt,g3pB_taskd.txt,heavy,light,0.71089965,True
g0pC_taska.txt,g3pB_taske.txt,heavy,cut,0.75661093,True
g0pC_taska.txt,g3pC_taska.txt,heavy,cut,0.85250866,True
g0pC_taska.txt,g3pC_taskb.txt,heavy,non,0.73186815,True
g0pC_taska.txt,g3pC_taskc.txt,heavy,non,0.65812314,False
g0pC_taska.txt,g3pC_taskd.txt,heavy,heavy,0.62065667,False
g0pC_taska.txt,g3pC_taske.txt,heavy,light,0.7665207,True
g0pC_taska.txt,g4pB_taska.txt,heavy,non,0.8534217,True
g0pC_taska.txt,g4pB_taskb.txt,heavy,non,0.7030971,True
g0pC_taska.txt,g4pB_taskc.txt,heavy,heavy,0.7390583,True
g0pC_taska.txt,g4pB_taskd.txt,heavy,light,0.65567034,False
g0pC_taska.txt,g4pB_taske.txt,heavy,cut,0.7571319,True
g0pC_taska.txt,g4pC_taska.txt,heavy,cut,0.92326075,True
g0pC_taska.txt,g4pC_taskb.txt,heavy,non,0.63423276,False
g0pC_taska.txt,g4pC_taskc.txt,heavy,non,0.74120176,True
g0pC_taska.txt,g4pC_taskd.txt,heavy,heavy,0.68996364,False
g0pC_taska.txt,g4pC_taske.txt,heavy,light,0.75204897,True
g0pC_taska.txt,g4pD_taska.txt,heavy,light,0.91611236,True
g0pC_taska.txt,g4pD_taskb.txt,heavy,cut,0.7211852,True
g0pC_taska.txt,g4pD_taskc.txt,heavy,non,0.74743205,True
g0pC_taska.txt,g4pD_taskd.txt,heavy,non,0.7498176,True
g0pC_taska.txt,g4pD_taske.txt,heavy,heavy,0.7895435,True
g0pC_taska.txt,g4pE_taska.txt,heavy,heavy,0.86632884,True
g0pC_taska.txt,g4pE_taskb.txt,heavy,light,0.6665781,False
g0pC_taska.txt,g4pE_taskc.txt,heavy,cut,0.6907732,False
g0pC_taska.txt,g4pE_taskd.txt,heavy,non,0.756531,True
g0pC_taska.txt,g4pE_taske.txt,heavy,non,0.79371893,True
g0pC_taska.txt,orig_taska.txt,heavy,orig,0.9185641,True
g0pC_taska.txt,orig_taskb.txt,heavy,orig,0.6619158,False
g0pC_taska.txt,orig_taskc.txt,heavy,orig,0.7591522,True
g0pC_taska.txt,orig_taskd.txt,heavy,orig,0.6988733,False
g0pC_taska.txt,orig_taske.txt,heavy,orig,0.7722472,True
g0pC_taskb.txt,g0pC_taskc.txt,non,non,0.72286403,True
g0pC_taskb.txt,g0pC_taskd.txt,non,cut,0.5629031,False
g0pC_taskb.txt,g0pC_taske.txt,non,light,0.6897392,False
g0pC_taskb.txt,g0pD_taska.txt,non,cut,0.6491585,False
g0pC_taskb.txt,g0pD_taskb.txt,non,light,0.76221156,True
g0pC_taskb.txt,g0pD_taskc.txt,non,heavy,0.73707426,True
g0pC_taskb.txt,g0pD_taskd.txt,non,non,0.56557715,False
g0pC_taskb.txt,g0pD_taske.txt,non,non,0.6399612,False
g0pC_taskb.txt,g0pE_taska.txt,non,light,0.6800066,False
g0pC_taskb.txt,g0pE_taskb.txt,non,heavy,0.8281536,True
g0pC_taskb.txt,g0pE_taskc.txt,non,non,0.5864428,False
g0pC_taskb.txt,g0pE_taskd.txt,non,non,0.603315,False
g0pC_taskb.txt,g0pE_taske.txt,non,cut,0.6619304,False
g0pC_taskb.txt,g1pA_taska.txt,non,non,0.59201527,False
g0pC_taskb.txt,g1pA_taskb.txt,non,heavy,0.87907183,True
g0pC_taskb.txt,g1pA_taskc.txt,non,light,0.7357843,True
g0pC_taskb.txt,g1pA_taskd.txt,non,cut,0.62742424,False
g0pC_taskb.txt,g1pA_taske.txt,non,non,0.7080496,True
g0pC_taskb.txt,g1pB_taska.txt,non,non,0.6199627,False
g0pC_taskb.txt,g1pB_taskb.txt,non,non,0.89338696,True
g0pC_taskb.txt,g1pB_taskc.txt,non,heavy,0.7606302,True
g0pC_taskb.txt,g1pB_taskd.txt,non,light,0.5928774,False
g0pC_taskb.txt,g1pB_taske.txt,non,cut,0.7152668,True
g0pC_taskb.txt,g1pD_taska.txt,non,light,0.6957724,False
g0pC_taskb.txt,g1pD_taskb.txt,non,cut,0.80415016,True
g0pC_taskb.txt,g1pD_taskc.txt,non,non,0.6927203,False
g0pC_taskb.txt,g1pD_taskd.txt,non,non,0.58774245,False
g0pC_taskb.txt,g1pD_taske.txt,non,heavy,0.6818942,False
g0pC_taskb.txt,g2pA_taska.txt,non,non,0.6568519,False
g0pC_taskb.txt,g2pA_taskb.txt,non,heavy,0.89651084,True
g0pC_taskb.txt,g2pA_taskc.txt,non,light,0.73272675,True
g0pC_taskb.txt,g2pA_taskd.txt,non,cut,0.53366375,False
g0pC_taskb.txt,g2pA_taske.txt,non,non,0.6649767,False
g0pC_taskb.txt,g2pB_taska.txt,non,non,0.67726266,False
g0pC_taskb.txt,g2pB_taskb.txt,non,non,0.866637,True
g0pC_taskb.txt,g2pB_taskc.txt,non,heavy,0.7467412,True
g0pC_taskb.txt,g2pB_taskd.txt,non,light,0.57661813,False
g0pC_taskb.txt,g2pB_taske.txt,non,cut,0.69349325,False
g0pC_taskb.txt,g2pC_taska.txt,non,cut,0.66737634,False
g0pC_taskb.txt,g2pC_taskb.txt,non,non,0.89706826,True
g0pC_taskb.txt,g2pC_taskc.txt,non,non,0.69093823,False
g0pC_taskb.txt,g2pC_taskd.txt,non,heavy,0.50535804,False
g0pC_taskb.txt,g2pC_taske.txt,non,light,0.6687754,False
g0pC_taskb.txt,g2pE_taska.txt,non,heavy,0.69096243,False
g0pC_taskb.txt,g2pE_taskb.txt,non,light,0.76725304,True
g0pC_taskb.txt,g2pE_taskc.txt,non,cut,0.66649055,False
g0pC_taskb.txt,g2pE_taskd.txt,non,non,0.6459473,False
g0pC_taskb.txt,g2pE_taske.txt,non,non,0.6619785,False
g0pC_taskb.txt,g3pA_taska.txt,non,non,0.65903306,False
g0pC_taskb.txt,g3pA_taskb.txt,non,heavy,0.88130903,True
g0pC_taskb.txt,g3pA_taskc.txt,non,light,0.7568108,True
g0pC_taskb.txt,g3pA_taskd.txt,non,cut,0.5628902,False
g0pC_taskb.txt,g3pA_taske.txt,non,non,0.708936,True
g0pC_taskb.txt,g3pB_taska.txt,non,non,0.6151401,False
g0pC_taskb.txt,g3pB_taskb.txt,non,non,0.8725063,True
g0pC_taskb.txt,g3pB_taskc.txt,non,heavy,0.7273474,True
g0pC_taskb.txt,g3pB_taskd.txt,non,light,0.63397914,False
g0pC_taskb.txt,g3pB_taske.txt,non,cut,0.68063504,False
g0pC_taskb.txt,g3pC_taska.txt,non,cut,0.5877099,False
g0pC_taskb.txt,g3pC_taskb.txt,non,non,0.884275,True
g0pC_taskb.txt,g3pC_taskc.txt,non,non,0.72343856,True
g0pC_taskb.txt,g3pC_taskd.txt,non,heavy,0.4884626,False
g0pC_taskb.txt,g3pC_taske.txt,non,light,0.6819206,False
g0pC_taskb.txt,g4pB_taska.txt,non,non,0.6238403,False
g0pC_taskb.txt,g4pB_taskb.txt,non,non,0.9131576,True
g0pC_taskb.txt,g4pB_taskc.txt,non,heavy,0.73600674,True
g0pC_taskb.txt,g4pB_taskd.txt,non,light,0.5272702,False
g0pC_taskb.txt,g4pB_taske.txt,non,cut,0.6802232,False
g0pC_taskb.txt,g4pC_taska.txt,non,cut,0.6696944,False
g0pC_taskb.txt,g4pC_taskb.txt,non,non,0.84709936,True
g0pC_taskb.txt,g4pC_taskc.txt,non,non,0.70813966,True
g0pC_taskb.txt,g4pC_taskd.txt,non,heavy,0.55196214,False
g0pC_taskb.txt,g4pC_taske.txt,non,light,0.71498597,True
g0pC_taskb.txt,g4pD_taska.txt,non,light,0.65211153,False
g0pC_taskb.txt,g4pD_taskb.txt,non,cut,0.7635933,True
g0pC_taskb.txt,g4pD_taskc.txt,non,non,0.7423657,True
g0pC_taskb.txt,g4pD_taskd.txt,non,non,0.63713366,False
g0pC_taskb.txt,g4pD_taske.txt,non,heavy,0.6949296,False
g0pC_taskb.txt,g4pE_taska.txt,non,heavy,0.635008,False
g0pC_taskb.txt,g4pE_taskb.txt,non,light,0.84606135,True
g0pC_taskb.txt,g4pE_taskc.txt,non,cut,0.6403382,False
g0pC_taskb.txt,g4pE_taskd.txt,non,non,0.7269939,True
g0pC_taskb.txt,g4pE_taske.txt,non,non,0.7383249,True
g0pC_taskb.txt,orig_taska.txt,non,orig,0.6730875,False
g0pC_taskb.txt,orig_taskb.txt,non,orig,0.8984511,True
g0pC_taskb.txt,orig_taskc.txt,non,orig,0.7381474,True
g0pC_taskb.txt,orig_taskd.txt,non,orig,0.56877255,False
g0pC_taskb.txt,orig_taske.txt,non,orig,0.7199166,True
g0pC_taskc.txt,g0pC_taskd.txt,non,cut,0.73210824,True
g0pC_taskc.txt,g0pC_taske.txt,non,light,0.74063885,True
g0pC_taskc.txt,g0pD_taska.txt,non,cut,0.7331451,True
g0pC_taskc.txt,g0pD_taskb.txt,non,light,0.72080034,True
g0pC_taskc.txt,g0pD_taskc.txt,non,heavy,0.87198514,True
g0pC_taskc.txt,g0pD_taskd.txt,non,non,0.6435704,False
g0pC_taskc.txt,g0pD_taske.txt,non,non,0.7313355,True
g0pC_taskc.txt,g0pE_taska.txt,non,light,0.75557154,True
g0pC_taskc.txt,g0pE_taskb.txt,non,heavy,0.76785636,True
g0pC_taskc.txt,g0pE_taskc.txt,non,non,0.7879635,True
g0pC_taskc.txt,g0pE_taskd.txt,non,non,0.713727,True
g0pC_taskc.txt,g0pE_taske.txt,non,cut,0.7313983,True
g0pC_taskc.txt,g1pA_taska.txt,non,non,0.6705109,False
g0pC_taskc.txt,g1pA_taskb.txt,non,heavy,0.7785238,True
g0pC_taskc.txt,g1pA_taskc.txt,non,light,0.87281966,True
g0pC_taskc.txt,g1pA_taskd.txt,non,cut,0.7598819,True
g0pC_taskc.txt,g1pA_taske.txt,non,non,0.7799635,True
g0pC_taskc.txt,g1pB_taska.txt,non,non,0.67934924,False
g0pC_taskc.txt,g1pB_taskb.txt,non,non,0.7225627,True
g0pC_taskc.txt,g1pB_taskc.txt,non,heavy,0.8711501,True
g0pC_taskc.txt,g1pB_taskd.txt,non,light,0.72963786,True
g0pC_taskc.txt,g1pB_taske.txt,non,cut,0.8032929,True
g0pC_taskc.txt,g1pD_taska.txt,non,light,0.74759567,True
g0pC_taskc.txt,g1pD_taskb.txt,non,cut,0.82797414,True
g0pC_taskc.txt,g1pD_taskc.txt,non,non,0.8753666,True
g0pC_taskc.txt,g1pD_taskd.txt,non,non,0.71148,True
g0pC_taskc.txt,g1pD_taske.txt,non,heavy,0.746776,True
g0pC_taskc.txt,g2pA_taska.txt,non,non,0.73885214,True
g0pC_taskc.txt,g2pA_taskb.txt,non,heavy,0.7492898,True
g0pC_taskc.txt,g2pA_taskc.txt,non,light,0.8829699,True
g0pC_taskc.txt,g2pA_taskd.txt,non,cut,0.6610492,False
g0pC_taskc.txt,g2pA_taske.txt,non,non,0.7535591,True
g0pC_taskc.txt,g2pB_taska.txt,non,non,0.7113706,True
g0pC_taskc.txt,g2pB_taskb.txt,non,non,0.7709514,True
g0pC_taskc.txt,g2pB_taskc.txt,non,heavy,0.89075327,True
g0pC_taskc.txt,g2pB_taskd.txt,non,light,0.73431844,True
g0pC_taskc.txt,g2pB_taske.txt,non,cut,0.77718985,True
g0pC_taskc.txt,g2pC_taska.txt,non,cut,0.7358365,True
g0pC_taskc.txt,g2pC_taskb.txt,non,non,0.76692116,True
g0pC_taskc.txt,g2pC_taskc.txt,non,non,0.9044323,True
g0pC_taskc.txt,g2pC_taskd.txt,non,heavy,0.67156196,False
g0pC_taskc.txt,g2pC_taske.txt,non,light,0.7547827,True
g0pC_taskc.txt,g2pE_taska.txt,non,heavy,0.7574407,True
g0pC_taskc.txt,g2pE_taskb.txt,non,light,0.7337925,True
g0pC_taskc.txt,g2pE_taskc.txt,non,cut,0.67539424,False
g0pC_taskc.txt,g2pE_taskd.txt,non,non,0.7658056,True
g0pC_taskc.txt,g2pE_taske.txt,non,non,0.7613473,True
g0pC_taskc.txt,g3pA_taska.txt,non,non,0.7005615,True
g0pC_taskc.txt,g3pA_taskb.txt,non,heavy,0.7747428,True
g0pC_taskc.txt,g3pA_taskc.txt,non,light,0.91993165,True
g0pC_taskc.txt,g3pA_taskd.txt,non,cut,0.7307887,True
g0pC_taskc.txt,g3pA_taske.txt,non,non,0.78277487,True
g0pC_taskc.txt,g3pB_taska.txt,non,non,0.7336424,True
g0pC_taskc.txt,g3pB_taskb.txt,non,non,0.7602685,True
g0pC_taskc.txt,g3pB_taskc.txt,non,heavy,0.8910063,True
g0pC_taskc.txt,g3pB_taskd.txt,non,light,0.75754756,True
g0pC_taskc.txt,g3pB_taske.txt,non,cut,0.76806486,True
g0pC_taskc.txt,g3pC_taska.txt,non,cut,0.6692659,False
g0pC_taskc.txt,g3pC_taskb.txt,non,non,0.7859106,True
g0pC_taskc.txt,g3pC_taskc.txt,non,non,0.85401034,True
g0pC_taskc.txt,g3pC_taskd.txt,non,heavy,0.6681502,False
g0pC_taskc.txt,g3pC_taske.txt,non,light,0.74499273,True
g0pC_taskc.txt,g4pB_taska.txt,non,non,0.71462786,True
g0pC_taskc.txt,g4pB_taskb.txt,non,non,0.7671901,True
g0pC_taskc.txt,g4pB_taskc.txt,non,heavy,0.90356684,True
g0pC_taskc.txt,g4pB_taskd.txt,non,light,0.6932534,False
g0pC_taskc.txt,g4pB_taske.txt,non,cut,0.8107016,True
g0pC_taskc.txt,g4pC_taska.txt,non,cut,0.7543692,True
g0pC_taskc.txt,g4pC_taskb.txt,non,non,0.77307904,True
g0pC_taskc.txt,g4pC_taskc.txt,non,non,0.84756744,True
g0pC_taskc.txt,g4pC_taskd.txt,non,heavy,0.7183018,True
g0pC_taskc.txt,g4pC_taske.txt,non,light,0.7900903,True
g0pC_taskc.txt,g4pD_taska.txt,non,light,0.7364025,True
g0pC_taskc.txt,g4pD_taskb.txt,non,cut,0.80790836,True
g0pC_taskc.txt,g4pD_taskc.txt,non,non,0.8102243,True
g0pC_taskc.txt,g4pD_taskd.txt,non,non,0.7540263,True
g0pC_taskc.txt,g4pD_taske.txt,non,heavy,0.8213742,True
g0pC_taskc.txt,g4pE_taska.txt,non,heavy,0.6794923,False
g0pC_taskc.txt,g4pE_taskb.txt,non,light,0.745039,True
g0pC_taskc.txt,g4pE_taskc.txt,non,cut,0.87472856,True
g0pC_taskc.txt,g4pE_taskd.txt,non,non,0.783428,True
g0pC_taskc.txt,g4pE_taske.txt,non,non,0.7760302,True
g0pC_taskc.txt,orig_taska.txt,non,orig,0.75153446,True
g0pC_taskc.txt,orig_taskb.txt,non,orig,0.76494646,True
g0pC_taskc.txt,orig_taskc.txt,non,orig,0.8929785,True
g0pC_taskc.txt,orig_taskd.txt,non,orig,0.7307826,True
g0pC_taskc.txt,orig_taske.txt,non,orig,0.8344809,True
g0pC_taskd.txt,g0pC_taske.txt,cut,light,0.6865761,False
g0pC_taskd.txt,g0pD_taska.txt,cut,cut,0.684031,False
g0pC_taskd.txt,g0pD_taskb.txt,cut,light,0.62773234,False
g0pC_taskd.txt,g0pD_taskc.txt,cut,heavy,0.74754417,True
g0pC_taskd.txt,g0pD_taskd.txt,cut,non,0.76056063,True
g0pC_taskd.txt,g0pD_taske.txt,cut,non,0.6103281,False
g0pC_taskd.txt,g0pE_taska.txt,cut,light,0.72582126,True
g0pC_taskd.txt,g0pE_taskb.txt,cut,heavy,0.64924043,False
g0pC_taskd.txt,g0pE_taskc.txt,cut,non,0.5811356,False
g0pC_taskd.txt,g0pE_taskd.txt,cut,non,0.79295135,True
g0pC_taskd.txt,g0pE_taske.txt,cut,cut,0.6623509,False
g0pC_taskd.txt,g1pA_taska.txt,cut,non,0.64892924,False
g0pC_taskd.txt,g1pA_taskb.txt,cut,heavy,0.7037182,True
g0pC_taskd.txt,g1pA_taskc.txt,cut,light,0.75585014,True
g0pC_taskd.txt,g1pA_taskd.txt,cut,cut,0.9356962,True
g0pC_taskd.txt,g1pA_taske.txt,cut,non,0.7038871,True
g0pC_taskd.txt,g1pB_taska.txt,cut,non,0.66480935,False
g0pC_taskd.txt,g1pB_taskb.txt,cut,non,0.61069334,False
g0pC_taskd.txt,g1pB_taskc.txt,cut,heavy,0.74715674,True
g0pC_taskd.txt,g1pB_taskd.txt,cut,light,0.921596,True
g0pC_taskd.txt,g1pB_taske.txt,cut,cut,0.7003896,True
g0pC_taskd.txt,g1pD_taska.txt,cut,light,0.70956564,True
g0pC_taskd.txt,g1pD_taskb.txt,cut,cut,0.8048678,True
g0pC_taskd.txt,g1pD_taskc.txt,cut,non,0.6912782,False
g0pC_taskd.txt,g1pD_taskd.txt,cut,non,0.8482581,True
g0pC_taskd.txt,g1pD_taske.txt,cut,heavy,0.61601937,False
g0pC_taskd.txt,g2pA_taska.txt,cut,non,0.6497897,False
g0pC_taskd.txt,g2pA_taskb.txt,cut,heavy,0.64813524,False
g0pC_taskd.txt,g2pA_taskc.txt,cut,light,0.7666057,True
g0pC_taskd.txt,g2pA_taskd.txt,cut,cut,0.830943,True
g0pC_taskd.txt,g2pA_taske.txt,cut,non,0.6544095,False
g0pC_taskd.txt,g2pB_taska.txt,cut,non,0.6768033,False
g0pC_taskd.txt,g2pB_taskb.txt,cut,non,0.64607817,False
g0pC_taskd.txt,g2pB_taskc.txt,cut,heavy,0.7554764,True
g0pC_taskd.txt,g2pB_taskd.txt,cut,light,0.9641097,True
g0pC_taskd.txt,g2pB_taske.txt,cut,cut,0.67473716,False
g0pC_taskd.txt,g2pC_taska.txt,cut,cut,0.6955891,False
g0pC_taskd.txt,g2pC_taskb.txt,cut,non,0.6473386,False
g0pC_taskd.txt,g2pC_taskc.txt,cut,non,0.7045072,True
g0pC_taskd.txt,g2pC_taskd.txt,cut,heavy,0.8945436,True
g0pC_taskd.txt,g2pC_taske.txt,cut,light,0.6622292,False
g0pC_taskd.txt,g2pE_taska.txt,cut,heavy,0.73331565,True
g0pC_taskd.txt,g2pE_taskb.txt,cut,light,0.6627955,False
g0pC_taskd.txt,g2pE_taskc.txt,cut,cut,0.5657294,False
g0pC_taskd.txt,g2pE_taskd.txt,cut,non,0.85999584,True
g0pC_taskd.txt,g2pE_taske.txt,cut,non,0.6657245,False
g0pC_taskd.txt,g3pA_taska.txt,cut,non,0.68482864,False
g0pC_taskd.txt,g3pA_taskb.txt,cut,heavy,0.67559445,False
g0pC_taskd.txt,g3pA_taskc.txt,cut,light,0.7702658,True
g0pC_taskd.txt,g3pA_taskd.txt,cut,cut,0.9705113,True
g0pC_taskd.txt,g3pA_taske.txt,cut,non,0.6788069,False
g0pC_taskd.txt,g3pB_taska.txt,cut,non,0.69647336,False
g0pC_taskd.txt,g3pB_taskb.txt,cut,non,0.630735,False
g0pC_taskd.txt,g3pB_taskc.txt,cut,heavy,0.7759371,True
g0pC_taskd.txt,g3pB_taskd.txt,cut,light,0.8921995,True
g0pC_taskd.txt,g3pB_taske.txt,cut,cut,0.6768681,False
g0pC_taskd.txt,g3pC_taska.txt,cut,cut,0.6636091,False
g0pC_taskd.txt,g3pC_taskb.txt,cut,non,0.6855943,False
g0pC_taskd.txt,g3pC_taskc.txt,cut,non,0.7140181,True
g0pC_taskd.txt,g3pC_taskd.txt,cut,heavy,0.8863008,True
g0pC_taskd.txt,g3pC_taske.txt,cut,light,0.6799474,False
g0pC_taskd.txt,g4pB_taska.txt,cut,non,0.6907121,False
g0pC_taskd.txt,g4pB_taskb.txt,cut,non,0.6418044,False
g0pC_taskd.txt,g4pB_taskc.txt,cut,heavy,0.76167744,True
g0pC_taskd.txt,g4pB_taskd.txt,cut,light,0.91636574,True
g0pC_taskd.txt,g4pB_taske.txt,cut,cut,0.6746651,False
g0pC_taskd.txt,g4pC_taska.txt,cut,cut,0.72305423,True
g0pC_taskd.txt,g4pC_taskb.txt,cut,non,0.64036316,False
g0pC_taskd.txt,g4pC_taskc.txt,cut,non,0.73091173,True
g0pC_taskd.txt,g4pC_taskd.txt,cut,heavy,0.96526897,True
g0pC_taskd.txt,g4pC_taske.txt,cut,light,0.6983286,False
g0pC_taskd.txt,g4pD_taska.txt,cut,light,0.7196711,True
g0pC_taskd.txt,g4pD_taskb.txt,cut,cut,0.7888033,True
g0pC_taskd.txt,g4pD_taskc.txt,cut,non,0.779378,True
g0pC_taskd.txt,g4pD_taskd.txt,cut,non,0.872783,True
g0pC_taskd.txt,g4pD_taske.txt,cut,heavy,0.7210008,True
g0pC_taskd.txt,g4pE_taska.txt,cut,heavy,0.6100249,False
g0pC_taskd.txt,g4pE_taskb.txt,cut,light,0.65280443,False
g0pC_taskd.txt,g4pE_taskc.txt,cut,cut,0.6874276,False
g0pC_taskd.txt,g4pE_taskd.txt,cut,non,0.7830242,True
g0pC_taskd.txt,g4pE_taske.txt,cut,non,0.65193313,False
g0pC_taskd.txt,orig_taska.txt,cut,orig,0.72545195,True
g0pC_taskd.txt,orig_taskb.txt,cut,orig,0.6653396,False
g0pC_taskd.txt,orig_taskc.txt,cut,orig,0.7692482,True
g0pC_taskd.txt,orig_taskd.txt,cut,orig,0.9661366,True
g0pC_taskd.txt,orig_taske.txt,cut,orig,0.71603054,True
g0pC_taske.txt,g0pD_taska.txt,light,cut,0.74937606,True
g0pC_taske.txt,g0pD_taskb.txt,light,light,0.672752,False
g0pC_taske.txt,g0pD_taskc.txt,light,heavy,0.78792995,True
g0pC_taske.txt,g0pD_taskd.txt,light,non,0.6506238,False
g0pC_taske.txt,g0pD_taske.txt,light,non,0.8179506,True
g0pC_taske.txt,g0pE_taska.txt,light,light,0.77337754,True
g0pC_taske.txt,g0pE_taskb.txt,light,heavy,0.7117097,True
g0pC_taske.txt,g0pE_taskc.txt,light,non,0.67909706,False
g0pC_taske.txt,g0pE_taskd.txt,light,non,0.6853305,False
g0pC_taske.txt,g0pE_taske.txt,light,cut,0.9075403,True
g0pC_taske.txt,g1pA_taska.txt,light,non,0.6744662,False
g0pC_taske.txt,g1pA_taskb.txt,light,heavy,0.72359675,True
g0pC_taske.txt,g1pA_taskc.txt,light,light,0.7814758,True
g0pC_taske.txt,g1pA_taskd.txt,light,cut,0.74620926,True
g0pC_taske.txt,g1pA_taske.txt,light,non,0.8511129,True
g0pC_taske.txt,g1pB_taska.txt,light,non,0.7401447,True
g0pC_taske.txt,g1pB_taskb.txt,light,non,0.66278934,False
g0pC_taske.txt,g1pB_taskc.txt,light,heavy,0.76498866,True
g0pC_taske.txt,g1pB_taskd.txt,light,light,0.6924761,False
g0pC_taske.txt,g1pB_taske.txt,light,cut,0.93333423,True
g0pC_taske.txt,g1pD_taska.txt,light,light,0.7851655,True
g0pC_taske.txt,g1pD_taskb.txt,light,cut,0.7346523,True
g0pC_taske.txt,g1pD_taskc.txt,light,non,0.7020446,True
g0pC_taske.txt,g1pD_taskd.txt,light,non,0.643611,False
g0pC_taske.txt,g1pD_taske.txt,light,heavy,0.83440614,True
g0pC_taske.txt,g2pA_taska.txt,light,non,0.7427989,True
g0pC_taske.txt,g2pA_taskb.txt,light,heavy,0.6688378,False
g0pC_taske.txt,g2pA_taskc.txt,light,light,0.78220093,True
g0pC_taske.txt,g2pA_taskd.txt,light,cut,0.63890624,False
g0pC_taske.txt,g2pA_taske.txt,light,non,0.8505272,True
g0pC_taske.txt,g2pB_taska.txt,light,non,0.7421764,True
g0pC_taske.txt,g2pB_taskb.txt,light,non,0.7154628,True
g0pC_taske.txt,g2pB_taskc.txt,light,heavy,0.793747,True
g0pC_taske.txt,g2pB_taskd.txt,light,light,0.68313545,False
g0pC_taske.txt,g2pB_taske.txt,light,cut,0.9033717,True
g0pC_taske.txt,g2pC_taska.txt,light,cut,0.7431574,True
g0pC_taske.txt,g2pC_taskb.txt,light,non,0.69637966,False
g0pC_taske.txt,g2pC_taskc.txt,light,non,0.704664,True
g0pC_taske.txt,g2pC_taskd.txt,light,heavy,0.5967021,False
g0pC_taske.txt,g2pC_taske.txt,light,light,0.8787279,True
g0pC_taske.txt,g2pE_taska.txt,light,heavy,0.8004815,True
g0pC_taske.txt,g2pE_taskb.txt,light,light,0.68614084,False
g0pC_taske.txt,g2pE_taskc.txt,light,cut,0.6685493,False
g0pC_taske.txt,g2pE_taskd.txt,light,non,0.7298554,True
g0pC_taske.txt,g2pE_taske.txt,light,non,0.83674926,True
g0pC_taske.txt,g3pA_taska.txt,light,non,0.7275096,True
g0pC_taske.txt,g3pA_taskb.txt,light,heavy,0.6913717,False
g0pC_taske.txt,g3pA_taskc.txt,light,light,0.7840301,True
g0pC_taske.txt,g3pA_taskd.txt,light,cut,0.6827408,False
g0pC_taske.txt,g3pA_taske.txt,light,non,0.839524,True
g0pC_taske.txt,g3pB_taska.txt,light,non,0.7451515,True
g0pC_taske.txt,g3pB_taskb.txt,light,non,0.7248055,True
g0pC_taske.txt,g3pB_taskc.txt,light,heavy,0.79537666,True
g0pC_taske.txt,g3pB_taskd.txt,light,light,0.7306717,True
g0pC_taske.txt,g3pB_taske.txt,light,cut,0.8970364,True
g0pC_taske.txt,g3pC_taska.txt,light,cut,0.67299676,False
g0pC_taske.txt,g3pC_taskb.txt,light,non,0.7683821,True
g0pC_taske.txt,g3pC_taskc.txt,light,non,0.69507545,False
g0pC_taske.txt,g3pC_taskd.txt,light,heavy,0.60313296,False
g0pC_taske.txt,g3pC_taske.txt,light,light,0.9169074,True
g0pC_taske.txt,g4pB_taska.txt,light,non,0.6889886,False
g0pC_taske.txt,g4pB_taskb.txt,light,non,0.71023214,True
g0pC_taske.txt,g4pB_taskc.txt,light,heavy,0.7849151,True
g0pC_taske.txt,g4pB_taskd.txt,light,light,0.6422049,False
g0pC_taske.txt,g4pB_taske.txt,light,cut,0.8567214,True
g0pC_taske.txt,g4pC_taska.txt,light,cut,0.77776814,True
g0pC_taske.txt,g4pC_taskb.txt,light,non,0.7076435,True
g0pC_taske.txt,g4pC_taskc.txt,light,non,0.7247349,True
g0pC_taske.txt,g4pC_taskd.txt,light,heavy,0.67785585,False
g0pC_taske.txt,g4pC_taske.txt,light,light,0.93760836,True
g0pC_taske.txt,g4pD_taska.txt,light,light,0.7832511,True
g0pC_taske.txt,g4pD_taskb.txt,light,cut,0.7072514,True
g0pC_taske.txt,g4pD_taskc.txt,light,non,0.79779136,True
g0pC_taske.txt,g4pD_taskd.txt,light,non,0.7819414,True
g0pC_taske.txt,g4pD_taske.txt,light,heavy,0.8742846,True
g0pC_taske.txt,g4pE_taska.txt,light,heavy,0.74288857,True
g0pC_taske.txt,g4pE_taskb.txt,light,light,0.6846847,False
g0pC_taske.txt,g4pE_taskc.txt,light,cut,0.722967,True
g0pC_taske.txt,g4pE_taskd.txt,light,non,0.8148181,True
g0pC_taske.txt,g4pE_taske.txt,light,non,0.9081456,True
g0pC_taske.txt,orig_taska.txt,light,orig,0.7753247,True
g0pC_taske.txt,orig_taskb.txt,light,orig,0.6945999,False
g0pC_taske.txt,orig_taskc.txt,light,orig,0.7884697,True
g0pC_taske.txt,orig_taskd.txt,light,orig,0.683975,False
g0pC_taske.txt,orig_taske.txt,light,orig,0.89561754,True
g0pD_taska.txt,g0pD_taskb.txt,cut,light,0.65622354,False
g0pD_taska.txt,g0pD_taskc.txt,cut,heavy,0.7891358,True
g0pD_taska.txt,g0pD_taskd.txt,cut,non,0.63723254,False
g0pD_taska.txt,g0pD_taske.txt,cut,non,0.75396585,True
g0pD_taska.txt,g0pE_taska.txt,cut,light,0.96698856,True
g0pD_taska.txt,g0pE_taskb.txt,cut,heavy,0.67453223,False
g0pD_taska.txt,g0pE_taskc.txt,cut,non,0.6238149,False
g0pD_taska.txt,g0pE_taskd.txt,cut,non,0.65031445,False
g0pD_taska.txt,g0pE_taske.txt,cut,cut,0.7581084,True
g0pD_taska.txt,g1pA_taska.txt,cut,non,0.85070926,True
g0pD_taska.txt,g1pA_taskb.txt,cut,heavy,0.7255426,True
g0pD_taska.txt,g1pA_taskc.txt,cut,light,0.7580274,True
g0pD_taska.txt,g1pA_taskd.txt,cut,cut,0.75272155,True
g0pD_taska.txt,g1pA_taske.txt,cut,non,0.7945943,True
g0pD_taska.txt,g1pB_taska.txt,cut,non,0.8282027,True
g0pD_taska.txt,g1pB_taskb.txt,cut,non,0.65618014,False
g0pD_taska.txt,g1pB_taskc.txt,cut,heavy,0.751107,True
g0pD_taska.txt,g1pB_taskd.txt,cut,light,0.69671947,False
g0pD_taska.txt,g1pB_taske.txt,cut,cut,0.79262275,True
g0pD_taska.txt,g1pD_taska.txt,cut,light,0.92702746,True
g0pD_taska.txt,g1pD_taskb.txt,cut,cut,0.73745286,True
g0pD_taska.txt,g1pD_taskc.txt,cut,non,0.70363796,True
g0pD_taska.txt,g1pD_taskd.txt,cut,non,0.63389015,False
g0pD_taska.txt,g1pD_taske.txt,cut,heavy,0.73402566,True
g0pD_taska.txt,g2pA_taska.txt,cut,non,0.81943154,True
g0pD_taska.txt,g2pA_taskb.txt,cut,heavy,0.6645334,False
g0pD_taska.txt,g2pA_taskc.txt,cut,light,0.7798753,True
g0pD_taska.txt,g2pA_taskd.txt,cut,cut,0.6518866,False
g0pD_taska.txt,g2pA_taske.txt,cut,non,0.7146884,True
g0pD_taska.txt,g2pB_taska.txt,cut,non,0.83216095,True
g0pD_taska.txt,g2pB_taskb.txt,cut,non,0.699612,False
g0pD_taska.txt,g2pB_taskc.txt,cut,heavy,0.79723716,True
g0pD_taska.txt,g2pB_taskd.txt,cut,light,0.69660956,False
g0pD_taska.txt,g2pB_taske.txt,cut,cut,0.7550014,True
g0pD_taska.txt,g2pC_taska.txt,cut,cut,0.93482935,True
g0pD_taska.txt,g2pC_taskb.txt,cut,non,0.68091553,False
g0pD_taska.txt,g2pC_taskc.txt,cut,non,0.67892885,False
g0pD_taska.txt,g2pC_taskd.txt,cut,heavy,0.6164892,False
g0pD_taska.txt,g2pC_taske.txt,cut,light,0.7632037,True
g0pD_taska.txt,g2pE_taska.txt,cut,heavy,0.9507334,True
g0pD_taska.txt,g2pE_taskb.txt,cut,light,0.69823456,False
g0pD_taska.txt,g2pE_taskc.txt,cut,cut,0.6151209,False
g0pD_taska.txt,g2pE_taskd.txt,cut,non,0.7520195,True
g0pD_taska.txt,g2pE_taske.txt,cut,non,0.74559796,True
g0pD_taska.txt,g3pA_taska.txt,cut,non,0.8499696,True
g0pD_taska.txt,g3pA_taskb.txt,cut,heavy,0.68103635,False
g0pD_taska.txt,g3pA_taskc.txt,cut,light,0.7790033,True
g0pD_taska.txt,g3pA_taskd.txt,cut,cut,0.69116026,False
g0pD_taska.txt,g3pA_taske.txt,cut,non,0.7930889,True
g0pD_taska.txt,g3pB_taska.txt,cut,non,0.88324964,True
g0pD_taska.txt,g3pB_taskb.txt,cut,non,0.6941135,False
g0pD_taska.txt,g3pB_taskc.txt,cut,heavy,0.7858107,True
g0pD_taska.txt,g3pB_taskd.txt,cut,light,0.7161274,True
g0pD_taska.txt,g3pB_taske.txt,cut,cut,0.76721585,True
g0pD_taska.txt,g3pC_taska.txt,cut,cut,0.9606397,True
g0pD_taska.txt,g3pC_taskb.txt,cut,non,0.75403047,True
g0pD_taska.txt,g3pC_taskc.txt,cut,non,0.6604419,False
g0pD_taska.txt,g3pC_taskd.txt,cut,heavy,0.6085497,False
g0pD_taska.txt,g3pC_taske.txt,cut,light,0.76101923,True
g0pD_taska.txt,g4pB_taska.txt,cut,non,0.85355896,True
g0pD_taska.txt,g4pB_taskb.txt,cut,non,0.7286742,True
g0pD_taska.txt,g4pB_taskc.txt,cut,heavy,0.7580253,True
g0pD_taska.txt,g4pB_taskd.txt,cut,light,0.65419644,False
g0pD_taska.txt,g4pB_taske.txt,cut,cut,0.75823337,True
g0pD_taska.txt,g4pC_taska.txt,cut,cut,0.9691309,True
g0pD_taska.txt,g4pC_taskb.txt,cut,non,0.6198149,False
g0pD_taska.txt,g4pC_taskc.txt,cut,non,0.7537018,True
g0pD_taska.txt,g4pC_taskd.txt,cut,heavy,0.690017,False
g0pD_taska.txt,g4pC_taske.txt,cut,light,0.7674335,True
g0pD_taska.txt,g4pD_taska.txt,cut,light,0.907333,True
g0pD_taska.txt,g4pD_taskb.txt,cut,cut,0.7468566,True
g0pD_taska.txt,g4pD_taskc.txt,cut,non,0.7785563,True
g0pD_taska.txt,g4pD_taskd.txt,cut,non,0.75214195,True
g0pD_taska.txt,g4pD_taske.txt,cut,heavy,0.7841457,True
g0pD_taska.txt,g4pE_taska.txt,cut,heavy,0.8770284,True
g0pD_taska.txt,g4pE_taskb.txt,cut,light,0.67732453,False
g0pD_taska.txt,g4pE_taskc.txt,cut,cut,0.7008345,True
g0pD_taska.txt,g4pE_taskd.txt,cut,non,0.7634717,True
g0pD_taska.txt,g4pE_taske.txt,cut,non,0.77477217,True
g0pD_taska.txt,orig_taska.txt,cut,orig,0.96597767,True
g0pD_taska.txt,orig_taskb.txt,cut,orig,0.66655016,False
g0pD_taska.txt,orig_taskc.txt,cut,orig,0.7858408,True
g0pD_taska.txt,orig_taskd.txt,cut,orig,0.69276774,False
g0pD_taska.txt,orig_taske.txt,cut,orig,0.78394437,True
g0pD_taskb.txt,g0pD_taskc.txt,light,heavy,0.7544724,True
g0pD_taskb.txt,g0pD_taskd.txt,light,non,0.59847486,False
g0pD_taskb.txt,g0pD_taske.txt,light,non,0.5941521,False
g0pD_taskb.txt,g0pE_taska.txt,light,light,0.70466876,True
g0pD_taskb.txt,g0pE_taskb.txt,light,heavy,0.90268576,True
g0pD_taskb.txt,g0pE_taskc.txt,light,non,0.5928273,False
g0pD_taskb.txt,g0pE_taskd.txt,light,non,0.6487073,False
g0pD_taskb.txt,g0pE_taske.txt,light,cut,0.64788425,False
g0pD_taskb.txt,g1pA_taska.txt,light,non,0.6174583,False
g0pD_taskb.txt,g1pA_taskb.txt,light,heavy,0.8347593,True
g0pD_taskb.txt,g1pA_taskc.txt,light,light,0.73638266,True
g0pD_taskb.txt,g1pA_taskd.txt,light,cut,0.6663513,False
g0pD_taskb.txt,g1pA_taske.txt,light,non,0.71151125,True
g0pD_taskb.txt,g1pB_taska.txt,light,non,0.58606005,False
g0pD_taskb.txt,g1pB_taskb.txt,light,non,0.72689354,True
g0pD_taskb.txt,g1pB_taskc.txt,light,heavy,0.75783,True
g0pD_taskb.txt,g1pB_taskd.txt,light,light,0.63977784,False
g0pD_taskb.txt,g1pB_taske.txt,light,cut,0.67656183,False
g0pD_taskb.txt,g1pD_taska.txt,light,light,0.6966021,False
g0pD_taskb.txt,g1pD_taskb.txt,light,cut,0.83127517,True
g0pD_taskb.txt,g1pD_taskc.txt,light,non,0.71359664,True
g0pD_taskb.txt,g1pD_taskd.txt,light,non,0.65693545,False
g0pD_taskb.txt,g1pD_taske.txt,light,heavy,0.620109,False
g0pD_taskb.txt,g2pA_taska.txt,light,non,0.6668241,False
g0pD_taskb.txt,g2pA_taskb.txt,light,heavy,0.8089177,True
g0pD_taskb.txt,g2pA_taskc.txt,light,light,0.73955464,True
g0pD_taskb.txt,g2pA_taskd.txt,light,cut,0.572873,False
g0pD_taskb.txt,g2pA_taske.txt,light,non,0.6727852,False
g0pD_taskb.txt,g2pB_taska.txt,light,non,0.6705363,False
g0pD_taskb.txt,g2pB_taskb.txt,light,non,0.8318944,True
g0pD_taskb.txt,g2pB_taskc.txt,light,heavy,0.7368896,True
g0pD_taskb.txt,g2pB_taskd.txt,light,light,0.6485456,False
g0pD_taskb.txt,g2pB_taske.txt,light,cut,0.6753422,False
g0pD_taskb.txt,g2pC_taska.txt,light,cut,0.6838238,False
g0pD_taskb.txt,g2pC_taskb.txt,light,non,0.791502,True
g0pD_taskb.txt,g2pC_taskc.txt,light,non,0.69486594,False
g0pD_taskb.txt,g2pC_taskd.txt,light,heavy,0.5801743,False
g0pD_taskb.txt,g2pC_taske.txt,light,light,0.64737177,False
g0pD_taskb.txt,g2pE_taska.txt,light,heavy,0.70550126,True
g0pD_taskb.txt,g2pE_taskb.txt,light,light,0.9478929,True
g0pD_taskb.txt,g2pE_taskc.txt,light,cut,0.6853235,False
g0pD_taskb.txt,g2pE_taskd.txt,light,non,0.6644363,False
g0pD_taskb.txt,g2pE_taske.txt,light,non,0.6640098,False
g0pD_taskb.txt,g3pA_taska.txt,light,non,0.67867255,False
g0pD_taskb.txt,g3pA_taskb.txt,light,heavy,0.8286977,True
g0pD_taskb.txt,g3pA_taskc.txt,light,light,0.7528445,True
g0pD_taskb.txt,g3pA_taskd.txt,light,cut,0.6335183,False
g0pD_taskb.txt,g3pA_taske.txt,light,non,0.6792524,False
g0pD_taskb.txt,g3pB_taska.txt,light,non,0.65393496,False
g0pD_taskb.txt,g3pB_taskb.txt,light,non,0.8278865,True
g0pD_taskb.txt,g3pB_taskc.txt,light,heavy,0.7356033,True
g0pD_taskb.txt,g3pB_taskd.txt,light,light,0.6668117,False
g0pD_taskb.txt,g3pB_taske.txt,light,cut,0.6651746,False
g0pD_taskb.txt,g3pC_taska.txt,light,cut,0.5855131,False
g0pD_taskb.txt,g3pC_taskb.txt,light,non,0.8297905,True
g0pD_taskb.txt,g3pC_taskc.txt,light,non,0.7237164,True
g0pD_taskb.txt,g3pC_taskd.txt,light,heavy,0.5863105,False
g0pD_taskb.txt,g3pC_taske.txt,light,light,0.66478854,False
g0pD_taskb.txt,g4pB_taska.txt,light,non,0.64210355,False
g0pD_taskb.txt,g4pB_taskb.txt,light,non,0.78647405,True
g0pD_taskb.txt,g4pB_taskc.txt,light,heavy,0.75839597,True
g0pD_taskb.txt,g4pB_taskd.txt,light,light,0.6189554,False
g0pD_taskb.txt,g4pB_taske.txt,light,cut,0.67315984,False
g0pD_taskb.txt,g4pC_taska.txt,light,cut,0.69863683,False
g0pD_taskb.txt,g4pC_taskb.txt,light,non,0.8439274,True
g0pD_taskb.txt,g4pC_taskc.txt,light,non,0.737746,True
g0pD_taskb.txt,g4pC_taskd.txt,light,heavy,0.6205665,False
g0pD_taskb.txt,g4pC_taske.txt,light,light,0.71005356,True
g0pD_taskb.txt,g4pD_taska.txt,light,light,0.71629494,True
g0pD_taskb.txt,g4pD_taskb.txt,light,cut,0.7753756,True
g0pD_taskb.txt,g4pD_taskc.txt,light,non,0.7406913,True
g0pD_taskb.txt,g4pD_taskd.txt,light,non,0.682869,False
g0pD_taskb.txt,g4pD_taske.txt,light,heavy,0.70276237,True
g0pD_taskb.txt,g4pE_taska.txt,light,heavy,0.6319248,False
g0pD_taskb.txt,g4pE_taskb.txt,light,light,0.88069665,True
g0pD_taskb.txt,g4pE_taskc.txt,light,cut,0.6676831,False
g0pD_taskb.txt,g4pE_taskd.txt,light,non,0.7551014,True
g0pD_taskb.txt,g4pE_taske.txt,light,non,0.7103935,True
g0pD_taskb.txt,orig_taska.txt,light,orig,0.7029176,True
g0pD_taskb.txt,orig_taskb.txt,light,orig,0.8729731,True
g0pD_taskb.txt,orig_taskc.txt,light,orig,0.74660885,True
g0pD_taskb.txt,orig_taskd.txt,light,orig,0.6392275,False
g0pD_taskb.txt,orig_taske.txt,light,orig,0.7069994,True
g0pD_taskc.txt,g0pD_taskd.txt,heavy,non,0.71221733,True
g0pD_taskc.txt,g0pD_taske.txt,heavy,non,0.74493384,True
g0pD_taskc.txt,g0pE_taska.txt,heavy,light,0.8282908,True
g0pD_taskc.txt,g0pE_taskb.txt,heavy,heavy,0.7942904,True
g0pD_taskc.txt,g0pE_taskc.txt,heavy,non,0.8268534,True
g0pD_taskc.txt,g0pE_taskd.txt,heavy,non,0.69952166,False
g0pD_taskc.txt,g0pE_taske.txt,heavy,cut,0.7969908,True
g0pD_taskc.txt,g1pA_taska.txt,heavy,non,0.7628224,True
g0pD_taskc.txt,g1pA_taskb.txt,heavy,heavy,0.7982562,True
g0pD_taskc.txt,g1pA_taskc.txt,heavy,light,0.9394278,True
g0pD_taskc.txt,g1pA_taskd.txt,heavy,cut,0.79564404,True
g0pD_taskc.txt,g1pA_taske.txt,heavy,non,0.80132926,True
g0pD_taskc.txt,g1pB_taska.txt,heavy,non,0.730357,True
g0pD_taskc.txt,g1pB_taskb.txt,heavy,non,0.7489002,True
g0pD_taskc.txt,g1pB_taskc.txt,heavy,heavy,0.93664753,True
g0pD_taskc.txt,g1pB_taskd.txt,heavy,light,0.7544668,True
g0pD_taskc.txt,g1pB_taske.txt,heavy,cut,0.8147264,True
g0pD_taskc.txt,g1pD_taska.txt,heavy,light,0.81122637,True
g0pD_taskc.txt,g1pD_taskb.txt,heavy,cut,0.83460474,True
g0pD_taskc.txt,g1pD_taskc.txt,heavy,non,0.8906828,True
g0pD_taskc.txt,g1pD_taskd.txt,heavy,non,0.698733,False
g0pD_taskc.txt,g1pD_taske.txt,heavy,heavy,0.7377963,True
g0pD_taskc.txt,g2pA_taska.txt,heavy,non,0.7738992,True
g0pD_taskc.txt,g2pA_taskb.txt,heavy,heavy,0.7737354,True
g0pD_taskc.txt,g2pA_taskc.txt,heavy,light,0.9686953,True
g0pD_taskc.txt,g2pA_taskd.txt,heavy,cut,0.67320085,False
g0pD_taskc.txt,g2pA_taske.txt,heavy,non,0.776834,True
g0pD_taskc.txt,g2pB_taska.txt,heavy,non,0.7847107,True
g0pD_taskc.txt,g2pB_taskb.txt,heavy,non,0.7927276,True
g0pD_taskc.txt,g2pB_taskc.txt,heavy,heavy,0.9458049,True
g0pD_taskc.txt,g2pB_taskd.txt,heavy,light,0.75885856,True
g0pD_taskc.txt,g2pB_taske.txt,heavy,cut,0.79857457,True
g0pD_taskc.txt,g2pC_taska.txt,heavy,cut,0.8069204,True
g0pD_taskc.txt,g2pC_taskb.txt,heavy,non,0.78937846,True
g0pD_taskc.txt,g2pC_taskc.txt,heavy,non,0.897037,True
g0pD_taskc.txt,g2pC_taskd.txt,heavy,heavy,0.67105794,False
g0pD_taskc.txt,g2pC_taske.txt,heavy,light,0.7699214,True
g0pD_taskc.txt,g2pE_taska.txt,heavy,heavy,0.8402597,True
g0pD_taskc.txt,g2pE_taskb.txt,heavy,light,0.77666986,True
g0pD_taskc.txt,g2pE_taskc.txt,heavy,cut,0.75513667,True
g0pD_taskc.txt,g2pE_taskd.txt,heavy,non,0.80217105,True
g0pD_taskc.txt,g2pE_taske.txt,heavy,non,0.7759264,True
g0pD_taskc.txt,g3pA_taska.txt,heavy,non,0.7922218,True
g0pD_taskc.txt,g3pA_taskb.txt,heavy,heavy,0.7886714,True
g0pD_taskc.txt,g3pA_taskc.txt,heavy,light,0.9633227,True
g0pD_taskc.txt,g3pA_taskd.txt,heavy,cut,0.75649345,True
g0pD_taskc.txt,g3pA_taske.txt,heavy,non,0.8041053,True
g0pD_taskc.txt,g3pB_taska.txt,heavy,non,0.7988765,True
g0pD_taskc.txt,g3pB_taskb.txt,heavy,non,0.7986291,True
g0pD_taskc.txt,g3pB_taskc.txt,heavy,heavy,0.93572974,True
g0pD_taskc.txt,g3pB_taskd.txt,heavy,light,0.75688773,True
g0pD_taskc.txt,g3pB_taske.txt,heavy,cut,0.80588204,True
g0pD_taskc.txt,g3pC_taska.txt,heavy,cut,0.72408694,True
g0pD_taskc.txt,g3pC_taskb.txt,heavy,non,0.83131444,True
g0pD_taskc.txt,g3pC_taskc.txt,heavy,non,0.83774596,True
g0pD_taskc.txt,g3pC_taskd.txt,heavy,heavy,0.67456937,False
g0pD_taskc.txt,g3pC_taske.txt,heavy,light,0.8056594,True
g0pD_taskc.txt,g4pB_taska.txt,heavy,non,0.7746268,True
g0pD_taskc.txt,g4pB_taskb.txt,heavy,non,0.78565836,True
g0pD_taskc.txt,g4pB_taskc.txt,heavy,heavy,0.96514434,True
g0pD_taskc.txt,g4pB_taskd.txt,heavy,light,0.7229425,True
g0pD_taskc.txt,g4pB_taske.txt,heavy,cut,0.7933035,True
g0pD_taskc.txt,g4pC_taska.txt,heavy,cut,0.8212005,True
g0pD_taskc.txt,g4pC_taskb.txt,heavy,non,0.7829266,True
g0pD_taskc.txt,g4pC_taskc.txt,heavy,non,0.86490464,True
g0pD_taskc.txt,g4pC_taskd.txt,heavy,heavy,0.74784064,True
g0pD_taskc.txt,g4pC_taske.txt,heavy,light,0.8256583,True
g0pD_taskc.txt,g4pD_taska.txt,heavy,light,0.811079,True
g0pD_taskc.txt,g4pD_taskb.txt,heavy,cut,0.82789767,True
g0pD_taskc.txt,g4pD_taskc.txt,heavy,non,0.8893189,True
g0pD_taskc.txt,g4pD_taskd.txt,heavy,non,0.79333436,True
g0pD_taskc.txt,g4pD_taske.txt,heavy,heavy,0.8220984,True
g0pD_taskc.txt,g4pE_taska.txt,heavy,heavy,0.73886883,True
g0pD_taskc.txt,g4pE_taskb.txt,heavy,light,0.7931318,True
g0pD_taskc.txt,g4pE_taskc.txt,heavy,cut,0.89744765,True
g0pD_taskc.txt,g4pE_taskd.txt,heavy,non,0.82866716,True
g0pD_taskc.txt,g4pE_taske.txt,heavy,non,0.81162006,True
g0pD_taskc.txt,orig_taska.txt,heavy,orig,0.8260107,True
g0pD_taskc.txt,orig_taskb.txt,heavy,orig,0.8060532,True
g0pD_taskc.txt,orig_taskc.txt,heavy,orig,0.9719094,True
g0pD_taskc.txt,orig_taskd.txt,heavy,orig,0.7579493,True
g0pD_taskc.txt,orig_taske.txt,heavy,orig,0.82512164,True
g0pD_taskd.txt,g0pD_taske.txt,non,non,0.63836277,False
g0pD_taskd.txt,g0pE_taska.txt,non,light,0.6973963,False
g0pD_taskd.txt,g0pE_taskb.txt,non,heavy,0.60212034,False
g0pD_taskd.txt,g0pE_taskc.txt,non,non,0.5817791,False
g0pD_taskd.txt,g0pE_taskd.txt,non,non,0.73339033,True
g0pD_taskd.txt,g0pE_taske.txt,non,cut,0.6567607,False
g0pD_taskd.txt,g1pA_taska.txt,non,non,0.58493114,False
g0pD_taskd.txt,g1pA_taskb.txt,non,heavy,0.6976541,False
g0pD_taskd.txt,g1pA_taskc.txt,non,light,0.71964926,True
g0pD_taskd.txt,g1pA_taskd.txt,non,cut,0.80128133,True
g0pD_taskd.txt,g1pA_taske.txt,non,non,0.7058712,True
g0pD_taskd.txt,g1pB_taska.txt,non,non,0.6091316,False
g0pD_taskd.txt,g1pB_taskb.txt,non,non,0.5997058,False
g0pD_taskd.txt,g1pB_taskc.txt,non,heavy,0.7181736,True
g0pD_taskd.txt,g1pB_taskd.txt,non,light,0.78764683,True
g0pD_taskd.txt,g1pB_taske.txt,non,cut,0.667187,False
g0pD_taskd.txt,g1pD_taska.txt,non,light,0.68805563,False
g0pD_taskd.txt,g1pD_taskb.txt,non,cut,0.71289873,True
g0pD_taskd.txt,g1pD_taskc.txt,non,non,0.6567841,False
g0pD_taskd.txt,g1pD_taskd.txt,non,non,0.7155465,True
g0pD_taskd.txt,g1pD_taske.txt,non,heavy,0.6259469,False
g0pD_taskd.txt,g2pA_taska.txt,non,non,0.60416377,False
g0pD_taskd.txt,g2pA_taskb.txt,non,heavy,0.6178434,False
g0pD_taskd.txt,g2pA_taskc.txt,non,light,0.7411821,True
g0pD_taskd.txt,g2pA_taskd.txt,non,cut,0.6725596,False
g0pD_taskd.txt,g2pA_taske.txt,non,non,0.6497437,False
g0pD_taskd.txt,g2pB_taska.txt,non,non,0.63337064,False
g0pD_taskd.txt,g2pB_taskb.txt,non,non,0.6199416,False
g0pD_taskd.txt,g2pB_taskc.txt,non,heavy,0.7032232,True
g0pD_taskd.txt,g2pB_taskd.txt,non,light,0.79039913,True
g0pD_taskd.txt,g2pB_taske.txt,non,cut,0.6589966,False
g0pD_taskd.txt,g2pC_taska.txt,non,cut,0.6482988,False
g0pD_taskd.txt,g2pC_taskb.txt,non,non,0.64772767,False
g0pD_taskd.txt,g2pC_taskc.txt,non,non,0.67321414,False
g0pD_taskd.txt,g2pC_taskd.txt,non,heavy,0.72014785,True
g0pD_taskd.txt,g2pC_taske.txt,non,light,0.6350417,False
g0pD_taskd.txt,g2pE_taska.txt,non,heavy,0.6995198,False
g0pD_taskd.txt,g2pE_taskb.txt,non,light,0.62297726,False
g0pD_taskd.txt,g2pE_taskc.txt,non,cut,0.62812203,False
g0pD_taskd.txt,g2pE_taskd.txt,non,non,0.77950203,True
g0pD_taskd.txt,g2pE_taske.txt,non,non,0.6635093,False
g0pD_taskd.txt,g3pA_taska.txt,non,non,0.6371901,False
g0pD_taskd.txt,g3pA_taskb.txt,non,heavy,0.6492169,False
g0pD_taskd.txt,g3pA_taskc.txt,non,light,0.71938884,True
g0pD_taskd.txt,g3pA_taskd.txt,non,cut,0.7761275,True
g0pD_taskd.txt,g3pA_taske.txt,non,non,0.69239575,False
g0pD_taskd.txt,g3pB_taska.txt,non,non,0.6050432,False
g0pD_taskd.txt,g3pB_taskb.txt,non,non,0.6299952,False
g0pD_taskd.txt,g3pB_taskc.txt,non,heavy,0.7341248,True
g0pD_taskd.txt,g3pB_taskd.txt,non,light,0.7483759,True
g0pD_taskd.txt,g3pB_taske.txt,non,cut,0.6527887,False
g0pD_taskd.txt,g3pC_taska.txt,non,cut,0.6018827,False
g0pD_taskd.txt,g3pC_taskb.txt,non,non,0.6707669,False
g0pD_taskd.txt,g3pC_taskc.txt,non,non,0.645021,False
g0pD_taskd.txt,g3pC_taskd.txt,non,heavy,0.7429096,True
g0pD_taskd.txt,g3pC_taske.txt,non,light,0.6693127,False
g0pD_taskd.txt,g4pB_taska.txt,non,non,0.6000145,False
g0pD_taskd.txt,g4pB_taskb.txt,non,non,0.6344496,False
g0pD_taskd.txt,g4pB_taskc.txt,non,heavy,0.72392124,True
g0pD_taskd.txt,g4pB_taskd.txt,non,light,0.7578554,True
g0pD_taskd.txt,g4pB_taske.txt,non,cut,0.6280113,False
g0pD_taskd.txt,g4pC_taska.txt,non,cut,0.6839057,False
g0pD_taskd.txt,g4pC_taskb.txt,non,non,0.593414,False
g0pD_taskd.txt,g4pC_taskc.txt,non,non,0.6700265,False
g0pD_taskd.txt,g4pC_taskd.txt,non,heavy,0.7776092,True
g0pD_taskd.txt,g4pC_taske.txt,non,light,0.67229366,False
g0pD_taskd.txt,g4pD_taska.txt,non,light,0.68796915,False
g0pD_taskd.txt,g4pD_taskb.txt,non,cut,0.69825876,False
g0pD_taskd.txt,g4pD_taskc.txt,non,non,0.75554544,True
g0pD_taskd.txt,g4pD_taskd.txt,non,non,0.7710076,True
g0pD_taskd.txt,g4pD_taske.txt,non,heavy,0.66663474,False
g0pD_taskd.txt,g4pE_taska.txt,non,heavy,0.57114035,False
g0pD_taskd.txt,g4pE_taskb.txt,non,light,0.6104619,False
g0pD_taskd.txt,g4pE_taskc.txt,non,cut,0.6066582,False
g0pD_taskd.txt,g4pE_taskd.txt,non,non,0.7405124,True
g0pD_taskd.txt,g4pE_taske.txt,non,non,0.61305225,False
g0pD_taskd.txt,orig_taska.txt,non,orig,0.6927278,False
g0pD_taskd.txt,orig_taskb.txt,non,orig,0.6215626,False
g0pD_taskd.txt,orig_taskc.txt,non,orig,0.7337503,True
g0pD_taskd.txt,orig_taskd.txt,non,orig,0.7744149,True
g0pD_taskd.txt,orig_taske.txt,non,orig,0.6685132,False
g0pD_taske.txt,g0pE_taska.txt,non,light,0.7626995,True
g0pD_taske.txt,g0pE_taskb.txt,non,heavy,0.63405764,False
g0pD_taske.txt,g0pE_taskc.txt,non,non,0.6371943,False
g0pD_taske.txt,g0pE_taskd.txt,non,non,0.6382453,False
g0pD_taske.txt,g0pE_taske.txt,non,cut,0.77944446,True
g0pD_taske.txt,g1pA_taska.txt,non,non,0.65887415,False
g0pD_taske.txt,g1pA_taskb.txt,non,heavy,0.6654451,False
g0pD_taske.txt,g1pA_taskc.txt,non,light,0.735624,True
g0pD_taske.txt,g1pA_taskd.txt,non,cut,0.6936052,False
g0pD_taske.txt,g1pA_taske.txt,non,non,0.8452792,True
g0pD_taske.txt,g1pB_taska.txt,non,non,0.68474543,False
g0pD_taske.txt,g1pB_taskb.txt,non,non,0.61621666,False
g0pD_taske.txt,g1pB_taskc.txt,non,heavy,0.71202505,True
g0pD_taske.txt,g1pB_taskd.txt,non,light,0.6401906,False
g0pD_taske.txt,g1pB_taske.txt,non,cut,0.8426118,True
g0pD_taske.txt,g1pD_taska.txt,non,light,0.7771431,True
g0pD_taske.txt,g1pD_taskb.txt,non,cut,0.689996,False
g0pD_taske.txt,g1pD_taskc.txt,non,non,0.7016955,True
g0pD_taske.txt,g1pD_taskd.txt,non,non,0.5785421,False
g0pD_taske.txt,g1pD_taske.txt,non,heavy,0.85043836,True
g0pD_taske.txt,g2pA_taska.txt,non,non,0.7222409,True
g0pD_taske.txt,g2pA_taskb.txt,non,heavy,0.6182096,False
g0pD_taske.txt,g2pA_taskc.txt,non,light,0.7413423,True
g0pD_taske.txt,g2pA_taskd.txt,non,cut,0.59549505,False
g0pD_taske.txt,g2pA_taske.txt,non,non,0.8615657,True
g0pD_taske.txt,g2pB_taska.txt,non,non,0.71849597,True
g0pD_taske.txt,g2pB_taskb.txt,non,non,0.6735867,False
g0pD_taske.txt,g2pB_taskc.txt,non,heavy,0.7555371,True
g0pD_taske.txt,g2pB_taskd.txt,non,light,0.6225519,False
g0pD_taske.txt,g2pB_taske.txt,non,cut,0.84820944,True
g0pD_taske.txt,g2pC_taska.txt,non,cut,0.73980236,True
g0pD_taske.txt,g2pC_taskb.txt,non,non,0.64349616,False
g0pD_taske.txt,g2pC_taskc.txt,non,non,0.69287384,False
g0pD_taske.txt,g2pC_taskd.txt,non,heavy,0.55546147,False
g0pD_taske.txt,g2pC_taske.txt,non,light,0.8688086,True
g0pD_taske.txt,g2pE_taska.txt,non,heavy,0.77582335,True
g0pD_taske.txt,g2pE_taskb.txt,non,light,0.6073643,False
g0pD_taske.txt,g2pE_taskc.txt,non,cut,0.5984739,False
g0pD_taske.txt,g2pE_taskd.txt,non,non,0.7004036,True
g0pD_taske.txt,g2pE_taske.txt,non,non,0.8887029,True
g0pD_taske.txt,g3pA_taska.txt,non,non,0.7074461,True
g0pD_taske.txt,g3pA_taskb.txt,non,heavy,0.6398116,False
g0pD_taske.txt,g3pA_taskc.txt,non,light,0.75380397,True
g0pD_taske.txt,g3pA_taskd.txt,non,cut,0.61836636,False
g0pD_taske.txt,g3pA_taske.txt,non,non,0.8140975,True
g0pD_taske.txt,g3pB_taska.txt,non,non,0.7267683,True
g0pD_taske.txt,g3pB_taskb.txt,non,non,0.68204975,False
g0pD_taske.txt,g3pB_taskc.txt,non,heavy,0.7602519,True
g0pD_taske.txt,g3pB_taskd.txt,non,light,0.70240676,True
g0pD_taske.txt,g3pB_taske.txt,non,cut,0.80930805,True
g0pD_taske.txt,g3pC_taska.txt,non,cut,0.66822016,False
g0pD_taske.txt,g3pC_taskb.txt,non,non,0.6971258,False
g0pD_taske.txt,g3pC_taskc.txt,non,non,0.67471844,False
g0pD_taske.txt,g3pC_taskd.txt,non,heavy,0.54431826,False
g0pD_taske.txt,g3pC_taske.txt,non,light,0.79666364,True
g0pD_taske.txt,g4pB_taska.txt,non,non,0.6732398,False
g0pD_taske.txt,g4pB_taskb.txt,non,non,0.66943574,False
g0pD_taske.txt,g4pB_taskc.txt,non,heavy,0.74534845,True
g0pD_taske.txt,g4pB_taskd.txt,non,light,0.58844185,False
g0pD_taske.txt,g4pB_taske.txt,non,cut,0.84634686,True
g0pD_taske.txt,g4pC_taska.txt,non,cut,0.7649118,True
g0pD_taske.txt,g4pC_taskb.txt,non,non,0.6262791,False
g0pD_taske.txt,g4pC_taskc.txt,non,non,0.6889227,False
g0pD_taske.txt,g4pC_taskd.txt,non,heavy,0.6142893,False
g0pD_taske.txt,g4pC_taske.txt,non,light,0.8429682,True
g0pD_taske.txt,g4pD_taska.txt,non,light,0.7439362,True
g0pD_taske.txt,g4pD_taskb.txt,non,cut,0.6782087,False
g0pD_taske.txt,g4pD_taskc.txt,non,non,0.7364551,True
g0pD_taske.txt,g4pD_taskd.txt,non,non,0.70637375,True
g0pD_taske.txt,g4pD_taske.txt,non,heavy,0.8416669,True
g0pD_taske.txt,g4pE_taska.txt,non,heavy,0.7050533,True
g0pD_taske.txt,g4pE_taskb.txt,non,light,0.6029736,False
g0pD_taske.txt,g4pE_taskc.txt,non,cut,0.6989934,False
g0pD_taske.txt,g4pE_taskd.txt,non,non,0.731707,True
g0pD_taske.txt,g4pE_taske.txt,non,non,0.8041339,True
g0pD_taske.txt,orig_taska.txt,non,orig,0.7640397,True
g0pD_taske.txt,orig_taskb.txt,non,orig,0.61581874,False
g0pD_taske.txt,orig_taskc.txt,non,orig,0.747799,True
g0pD_taske.txt,orig_taskd.txt,non,orig,0.619231,False
g0pD_taske.txt,orig_taske.txt,non,orig,0.85829926,True
g0pE_taska.txt,g0pE_taskb.txt,light,heavy,0.7239459,True
g0pE_taska.txt,g0pE_taskc.txt,light,non,0.66200393,False
g0pE_taska.txt,g0pE_taskd.txt,light,non,0.7002278,True
g0pE_taska.txt,g0pE_taske.txt,light,cut,0.76961565,True
g0pE_taska.txt,g1pA_taska.txt,light,non,0.8583679,True
g0pE_taska.txt,g1pA_taskb.txt,light,heavy,0.76364946,True
g0pE_taska.txt,g1pA_taskc.txt,light,light,0.79064846,True
g0pE_taska.txt,g1pA_taskd.txt,light,cut,0.78435826,True
g0pE_taska.txt,g1pA_taske.txt,light,non,0.8172616,True
g0pE_taska.txt,g1pB_taska.txt,light,non,0.82828516,True
g0pE_taska.txt,g1pB_taskb.txt,light,non,0.69035655,False
g0pE_taska.txt,g1pB_taskc.txt,light,heavy,0.7830015,True
g0pE_taska.txt,g1pB_taskd.txt,light,light,0.7375094,True
g0pE_taska.txt,g1pB_taske.txt,light,cut,0.81354845,True
g0pE_taska.txt,g1pD_taska.txt,light,light,0.95956504,True
g0pE_taska.txt,g1pD_taskb.txt,light,cut,0.7742001,True
g0pE_taska.txt,g1pD_taskc.txt,light,non,0.73953426,True
g0pE_taska.txt,g1pD_taskd.txt,light,non,0.6608658,False
g0pE_taska.txt,g1pD_taske.txt,light,heavy,0.7526484,True
g0pE_taska.txt,g2pA_taska.txt,light,non,0.83577204,True
g0pE_taska.txt,g2pA_taskb.txt,light,heavy,0.69327617,False
g0pE_taska.txt,g2pA_taskc.txt,light,light,0.81058556,True
g0pE_taska.txt,g2pA_taskd.txt,light,cut,0.68107843,False
g0pE_taska.txt,g2pA_taske.txt,light,non,0.73459387,True
g0pE_taska.txt,g2pB_taska.txt,light,non,0.84818363,True
g0pE_taska.txt,g2pB_taskb.txt,light,non,0.72426075,True
g0pE_taska.txt,g2pB_taskc.txt,light,heavy,0.8201495,True
g0pE_taska.txt,g2pB_taskd.txt,light,light,0.73566425,True
g0pE_taska.txt,g2pB_taske.txt,light,cut,0.7732098,True
g0pE_taska.txt,g2pC_taska.txt,light,cut,0.9544836,True
g0pE_taska.txt,g2pC_taskb.txt,light,non,0.7184547,True
g0pE_taska.txt,g2pC_taskc.txt,light,non,0.7201442,True
g0pE_taska.txt,g2pC_taskd.txt,light,heavy,0.64900315,False
g0pE_taska.txt,g2pC_taske.txt,light,light,0.7793189,True
g0pE_taska.txt,g2pE_taska.txt,light,heavy,0.9758791,True
g0pE_taska.txt,g2pE_taskb.txt,light,light,0.74258924,True
g0pE_taska.txt,g2pE_taskc.txt,light,cut,0.6955656,False
g0pE_taska.txt,g2pE_taskd.txt,light,non,0.7793692,True
g0pE_taska.txt,g2pE_taske.txt,light,non,0.767461,True
g0pE_taska.txt,g3pA_taska.txt,light,non,0.8828691,True
g0pE_taska.txt,g3pA_taskb.txt,light,heavy,0.71620184,True
g0pE_taska.txt,g3pA_taskc.txt,light,light,0.8082653,True
g0pE_taska.txt,g3pA_taskd.txt,light,cut,0.7300892,True
g0pE_taska.txt,g3pA_taske.txt,light,non,0.8000512,True
g0pE_taska.txt,g3pB_taska.txt,light,non,0.88999426,True
g0pE_taska.txt,g3pB_taskb.txt,light,non,0.72344893,True
g0pE_taska.txt,g3pB_taskc.txt,light,heavy,0.81177366,True
g0pE_taska.txt,g3pB_taskd.txt,light,light,0.755724,True
g0pE_taska.txt,g3pB_taske.txt,light,cut,0.7814133,True
g0pE_taska.txt,g3pC_taska.txt,light,cut,0.93078226,True
g0pE_taska.txt,g3pC_taskb.txt,light,non,0.7912745,True
g0pE_taska.txt,g3pC_taskc.txt,light,non,0.6867074,False
g0pE_taska.txt,g3pC_taskd.txt,light,heavy,0.6466959,False
g0pE_taska.txt,g3pC_taske.txt,light,light,0.7803439,True
g0pE_taska.txt,g4pB_taska.txt,light,non,0.8489229,True
g0pE_taska.txt,g4pB_taskb.txt,light,non,0.7539858,True
g0pE_taska.txt,g4pB_taskc.txt,light,heavy,0.7926588,True
g0pE_taska.txt,g4pB_taskd.txt,light,light,0.6968433,False
g0pE_taska.txt,g4pB_taske.txt,light,cut,0.7673508,True
g0pE_taska.txt,g4pC_taska.txt,light,cut,0.99475753,True
g0pE_taska.txt,g4pC_taskb.txt,light,non,0.65558255,False
g0pE_taska.txt,g4pC_taskc.txt,light,non,0.7875383,True
g0pE_taska.txt,g4pC_taskd.txt,light,heavy,0.7259503,True
g0pE_taska.txt,g4pC_taske.txt,light,light,0.7892029,True
g0pE_taska.txt,g4pD_taska.txt,light,light,0.9581765,True
g0pE_taska.txt,g4pD_taskb.txt,light,cut,0.76915276,True
g0pE_taska.txt,g4pD_taskc.txt,light,non,0.82183254,True
g0pE_taska.txt,g4pD_taskd.txt,light,non,0.7987778,True
g0pE_taska.txt,g4pD_taske.txt,light,heavy,0.79060614,True
g0pE_taska.txt,g4pE_taska.txt,light,heavy,0.8843732,True
g0pE_taska.txt,g4pE_taskb.txt,light,light,0.7200075,True
g0pE_taska.txt,g4pE_taskc.txt,light,cut,0.7202455,True
g0pE_taska.txt,g4pE_taskd.txt,light,non,0.79555327,True
g0pE_taska.txt,g4pE_taske.txt,light,non,0.79035693,True
g0pE_taska.txt,orig_taska.txt,light,orig,0.9979901,True
g0pE_taska.txt,orig_taskb.txt,light,orig,0.7100733,True
g0pE_taska.txt,orig_taskc.txt,light,orig,0.81755817,True
g0pE_taska.txt,orig_taskd.txt,light,orig,0.7323053,True
g0pE_taska.txt,orig_taske.txt,light,orig,0.7971786,True
g0pE_taskb.txt,g0pE_taskc.txt,heavy,non,0.62755996,False
g0pE_taskb.txt,g0pE_taskd.txt,heavy,non,0.6531619,False
g0pE_taskb.txt,g0pE_taske.txt,heavy,cut,0.688673,False
g0pE_taskb.txt,g1pA_taska.txt,heavy,non,0.6295702,False
g0pE_taskb.txt,g1pA_taskb.txt,heavy,heavy,0.8999612,True
g0pE_taskb.txt,g1pA_taskc.txt,heavy,light,0.7917801,True
g0pE_taskb.txt,g1pA_taskd.txt,heavy,cut,0.6853585,False
g0pE_taskb.txt,g1pA_taske.txt,heavy,non,0.74078834,True
g0pE_taskb.txt,g1pB_taska.txt,heavy,non,0.6325816,False
g0pE_taskb.txt,g1pB_taskb.txt,heavy,non,0.810939,True
g0pE_taskb.txt,g1pB_taskc.txt,heavy,heavy,0.8107252,True
g0pE_taskb.txt,g1pB_taskd.txt,heavy,light,0.66083896,False
g0pE_taskb.txt,g1pB_taske.txt,heavy,cut,0.7186191,True
g0pE_taskb.txt,g1pD_taska.txt,heavy,light,0.7201443,True
g0pE_taskb.txt,g1pD_taskb.txt,heavy,cut,0.89306116,True
g0pE_taskb.txt,g1pD_taskc.txt,heavy,non,0.75192505,True
g0pE_taskb.txt,g1pD_taskd.txt,heavy,non,0.6633818,False
g0pE_taskb.txt,g1pD_taske.txt,heavy,heavy,0.66390824,False
g0pE_taskb.txt,g2pA_taska.txt,heavy,non,0.69615906,False
g0pE_taskb.txt,g2pA_taskb.txt,heavy,heavy,0.89470905,True
g0pE_taskb.txt,g2pA_taskc.txt,heavy,light,0.78044134,True
g0pE_taskb.txt,g2pA_taskd.txt,heavy,cut,0.5812961,False
g0pE_taskb.txt,g2pA_taske.txt,heavy,non,0.706119,True
g0pE_taskb.txt,g2pB_taska.txt,heavy,non,0.6804641,False
g0pE_taskb.txt,g2pB_taskb.txt,heavy,non,0.89074236,True
g0pE_taskb.txt,g2pB_taskc.txt,heavy,heavy,0.7928753,True
g0pE_taskb.txt,g2pB_taskd.txt,heavy,light,0.6641233,False
g0pE_taskb.txt,g2pB_taske.txt,heavy,cut,0.7159996,True
g0pE_taskb.txt,g2pC_taska.txt,heavy,cut,0.6941719,False
g0pE_taskb.txt,g2pC_taskb.txt,heavy,non,0.87724876,True
g0pE_taskb.txt,g2pC_taskc.txt,heavy,non,0.7472942,True
g0pE_taskb.txt,g2pC_taskd.txt,heavy,heavy,0.58695877,False
g0pE_taskb.txt,g2pC_taske.txt,heavy,light,0.6887728,False
g0pE_taskb.txt,g2pE_taska.txt,heavy,heavy,0.7243787,True
g0pE_taskb.txt,g2pE_taskb.txt,heavy,light,0.88861537,True
g0pE_taskb.txt,g2pE_taskc.txt,heavy,cut,0.74007607,True
g0pE_taskb.txt,g2pE_taskd.txt,heavy,non,0.6786932,False
g0pE_taskb.txt,g2pE_taske.txt,heavy,non,0.69467217,False
g0pE_taskb.txt,g3pA_taska.txt,heavy,non,0.69431114,False
g0pE_taskb.txt,g3pA_taskb.txt,heavy,heavy,0.8988536,True
g0pE_taskb.txt,g3pA_taskc.txt,heavy,light,0.8072389,True
g0pE_taskb.txt,g3pA_taskd.txt,heavy,cut,0.6505643,False
g0pE_taskb.txt,g3pA_taske.txt,heavy,non,0.7146012,True
g0pE_taskb.txt,g3pB_taska.txt,heavy,non,0.65581405,False
g0pE_taskb.txt,g3pB_taskb.txt,heavy,non,0.8937669,True
g0pE_taskb.txt,g3pB_taskc.txt,heavy,heavy,0.78474545,True
g0pE_taskb.txt,g3pB_taskd.txt,heavy,light,0.68419254,False
g0pE_taskb.txt,g3pB_taske.txt,heavy,cut,0.7062143,True
g0pE_taskb.txt,g3pC_taska.txt,heavy,cut,0.5999092,False
g0pE_taskb.txt,g3pC_taskb.txt,heavy,non,0.9020246,True
g0pE_taskb.txt,g3pC_taskc.txt,heavy,non,0.7825352,True
g0pE_taskb.txt,g3pC_taskd.txt,heavy,heavy,0.58697456,False
g0pE_taskb.txt,g3pC_taske.txt,heavy,light,0.6998234,False
g0pE_taskb.txt,g4pB_taska.txt,heavy,non,0.65962243,False
g0pE_taskb.txt,g4pB_taskb.txt,heavy,non,0.8574585,True
g0pE_taskb.txt,g4pB_taskc.txt,heavy,heavy,0.7985728,True
g0pE_taskb.txt,g4pB_taskd.txt,heavy,light,0.62229174,False
g0pE_taskb.txt,g4pB_taske.txt,heavy,cut,0.70574164,True
g0pE_taskb.txt,g4pC_taska.txt,heavy,cut,0.7189772,True
g0pE_taskb.txt,g4pC_taskb.txt,heavy,non,0.89083725,True
g0pE_taskb.txt,g4pC_taskc.txt,heavy,non,0.7822555,True
g0pE_taskb.txt,g4pC_taskd.txt,heavy,heavy,0.63971597,False
g0pE_taskb.txt,g4pC_taske.txt,heavy,light,0.75065315,True
g0pE_taskb.txt,g4pD_taska.txt,heavy,light,0.7255192,True
g0pE_taskb.txt,g4pD_taskb.txt,heavy,cut,0.8210168,True
g0pE_taskb.txt,g4pD_taskc.txt,heavy,non,0.7843997,True
g0pE_taskb.txt,g4pD_taskd.txt,heavy,non,0.69986075,False
g0pE_taskb.txt,g4pD_taske.txt,heavy,heavy,0.7327137,True
g0pE_taskb.txt,g4pE_taska.txt,heavy,heavy,0.6443995,False
g0pE_taskb.txt,g4pE_taskb.txt,heavy,light,0.88213754,True
g0pE_taskb.txt,g4pE_taskc.txt,heavy,cut,0.7209424,True
g0pE_taskb.txt,g4pE_taskd.txt,heavy,non,0.7912819,True
g0pE_taskb.txt,g4pE_taske.txt,heavy,non,0.74914575,True
g0pE_taskb.txt,orig_taska.txt,heavy,orig,0.7233983,True
g0pE_taskb.txt,orig_taskb.txt,heavy,orig,0.9159276,True
g0pE_taskb.txt,orig_taskc.txt,heavy,orig,0.79143006,True
g0pE_taskb.txt,orig_taskd.txt,heavy,orig,0.65480936,False
g0pE_taskb.txt,orig_taske.txt,heavy,orig,0.74058044,True
g0pE_taskc.txt,g0pE_taskd.txt,non,non,0.55493414,False
g0pE_taskc.txt,g0pE_taske.txt,non,cut,0.6647662,False
g0pE_taskc.txt,g1pA_taska.txt,non,non,0.61593306,False
g0pE_taskc.txt,g1pA_taskb.txt,non,heavy,0.6304991,False
g0pE_taskc.txt,g1pA_taskc.txt,non,light,0.8334787,True
g0pE_taskc.txt,g1pA_taskd.txt,non,cut,0.6195941,False
g0pE_taskc.txt,g1pA_taske.txt,non,non,0.6500858,False
g0pE_taskc.txt,g1pB_taska.txt,non,non,0.53894204,False
g0pE_taskc.txt,g1pB_taskb.txt,non,non,0.57163817,False
g0pE_taskc.txt,g1pB_taskc.txt,non,heavy,0.82607824,True
g0pE_taskc.txt,g1pB_taskd.txt,non,light,0.5593059,False
g0pE_taskc.txt,g1pB_taske.txt,non,cut,0.68657595,False
g0pE_taskc.txt,g1pD_taska.txt,non,light,0.67055094,False
g0pE_taskc.txt,g1pD_taskb.txt,non,cut,0.6530684,False
g0pE_taskc.txt,g1pD_taskc.txt,non,non,0.87057644,True
g0pE_taskc.txt,g1pD_taskd.txt,non,non,0.47765607,False
g0pE_taskc.txt,g1pD_taske.txt,non,heavy,0.64312077,False
g0pE_taskc.txt,g2pA_taska.txt,non,non,0.63242793,False
g0pE_taskc.txt,g2pA_taskb.txt,non,heavy,0.59449923,False
g0pE_taskc.txt,g2pA_taskc.txt,non,light,0.8265314,True
g0pE_taskc.txt,g2pA_taskd.txt,non,cut,0.48484704,False
g0pE_taskc.txt,g2pA_taske.txt,non,non,0.6918884,False
g0pE_taskc.txt,g2pB_taska.txt,non,non,0.6059339,False
g0pE_taskc.txt,g2pB_taskb.txt,non,non,0.59690267,False
g0pE_taskc.txt,g2pB_taskc.txt,non,heavy,0.8335513,True
g0pE_taskc.txt,g2pB_taskd.txt,non,light,0.56503856,False
g0pE_taskc.txt,g2pB_taske.txt,non,cut,0.6836592,False
g0pE_taskc.txt,g2pC_taska.txt,non,cut,0.6420882,False
g0pE_taskc.txt,g2pC_taskb.txt,non,non,0.63820964,False
g0pE_taskc.txt,g2pC_taskc.txt,non,non,0.86800146,True
g0pE_taskc.txt,g2pC_taskd.txt,non,heavy,0.47240368,False
g0pE_taskc.txt,g2pC_taske.txt,non,light,0.6434516,False
g0pE_taskc.txt,g2pE_taska.txt,non,heavy,0.6656685,False
g0pE_taskc.txt,g2pE_taskb.txt,non,light,0.5918944,False
g0pE_taskc.txt,g2pE_taskc.txt,non,cut,0.7225052,True
g0pE_taskc.txt,g2pE_taskd.txt,non,non,0.6160642,False
g0pE_taskc.txt,g2pE_taske.txt,non,non,0.6585921,False
g0pE_taskc.txt,g3pA_taska.txt,non,non,0.66254747,False
g0pE_taskc.txt,g3pA_taskb.txt,non,heavy,0.6103096,False
g0pE_taskc.txt,g3pA_taskc.txt,non,light,0.8321006,True
g0pE_taskc.txt,g3pA_taskd.txt,non,cut,0.5731785,False
g0pE_taskc.txt,g3pA_taske.txt,non,non,0.6707974,False
g0pE_taskc.txt,g3pB_taska.txt,non,non,0.63202953,False
g0pE_taskc.txt,g3pB_taskb.txt,non,non,0.6381766,False
g0pE_taskc.txt,g3pB_taskc.txt,non,heavy,0.82233286,True
g0pE_taskc.txt,g3pB_taskd.txt,non,light,0.5921075,False
g0pE_taskc.txt,g3pB_taske.txt,non,cut,0.67005616,False
g0pE_taskc.txt,g3pC_taska.txt,non,cut,0.5387104,False
g0pE_taskc.txt,g3pC_taskb.txt,non,non,0.6742455,False
g0pE_taskc.txt,g3pC_taskc.txt,non,non,0.72812843,True
g0pE_taskc.txt,g3pC_taskd.txt,non,heavy,0.4989924,False
g0pE_taskc.txt,g3pC_taske.txt,non,light,0.6605084,False
g0pE_taskc.txt,g4pB_taska.txt,non,non,0.6193423,False
g0pE_taskc.txt,g4pB_taskb.txt,non,non,0.608364,False
g0pE_taskc.txt,g4pB_taskc.txt,non,heavy,0.83517843,True
g0pE_taskc.txt,g4pB_taskd.txt,non,light,0.52347916,False
g0pE_taskc.txt,g4pB_taske.txt,non,cut,0.6722846,False
g0pE_taskc.txt,g4pC_taska.txt,non,cut,0.6617713,False
g0pE_taskc.txt,g4pC_taskb.txt,non,non,0.6264955,False
g0pE_taskc.txt,g4pC_taskc.txt,non,non,0.7374991,True
g0pE_taskc.txt,g4pC_taskd.txt,non,heavy,0.5639003,False
g0pE_taskc.txt,g4pC_taske.txt,non,light,0.7003813,True
g0pE_taskc.txt,g4pD_taska.txt,non,light,0.6699054,False
g0pE_taskc.txt,g4pD_taskb.txt,non,cut,0.6669108,False
g0pE_taskc.txt,g4pD_taskc.txt,non,non,0.6890516,False
g0pE_taskc.txt,g4pD_taskd.txt,non,non,0.6528151,False
g0pE_taskc.txt,g4pD_taske.txt,non,heavy,0.67967343,False
g0pE_taskc.txt,g4pE_taska.txt,non,heavy,0.59468675,False
g0pE_taskc.txt,g4pE_taskb.txt,non,light,0.63931006,False
g0pE_taskc.txt,g4pE_taskc.txt,non,cut,0.881169,True
g0pE_taskc.txt,g4pE_taskd.txt,non,non,0.6700006,False
g0pE_taskc.txt,g4pE_taske.txt,non,non,0.6937162,False
g0pE_taskc.txt,orig_taska.txt,non,orig,0.6619423,False
g0pE_taskc.txt,orig_taskb.txt,non,orig,0.62835884,False
g0pE_taskc.txt,orig_taskc.txt,non,orig,0.8300927,True
g0pE_taskc.txt,orig_taskd.txt,non,orig,0.57203317,False
g0pE_taskc.txt,orig_taske.txt,non,orig,0.6891532,False
g0pE_taskd.txt,g0pE_taske.txt,non,cut,0.66530967,False
g0pE_taskd.txt,g1pA_taska.txt,non,non,0.5882377,False
g0pE_taskd.txt,g1pA_taskb.txt,non,heavy,0.68304133,False
g0pE_taskd.txt,g1pA_taskc.txt,non,light,0.68715656,False
g0pE_taskd.txt,g1pA_taskd.txt,non,cut,0.77451134,True
g0pE_taskd.txt,g1pA_taske.txt,non,non,0.7350685,True
g0pE_taskd.txt,g1pB_taska.txt,non,non,0.64157784,False
g0pE_taskd.txt,g1pB_taskb.txt,non,non,0.6012351,False
g0pE_taskd.txt,g1pB_taskc.txt,non,heavy,0.6776214,False
g0pE_taskd.txt,g1pB_taskd.txt,non,light,0.8138295,True
g0pE_taskd.txt,g1pB_taske.txt,non,cut,0.7078127,True
g0pE_taskd.txt,g1pD_taska.txt,non,light,0.6787318,False
g0pE_taskd.txt,g1pD_taskb.txt,non,cut,0.75238585,True
g0pE_taskd.txt,g1pD_taskc.txt,non,non,0.64438593,False
g0pE_taskd.txt,g1pD_taskd.txt,non,non,0.8062732,True
g0pE_taskd.txt,g1pD_taske.txt,non,heavy,0.6681547,False
g0pE_taskd.txt,g2pA_taska.txt,non,non,0.65343785,False
g0pE_taskd.txt,g2pA_taskb.txt,non,heavy,0.6204612,False
g0pE_taskd.txt,g2pA_taskc.txt,non,light,0.70632315,True
g0pE_taskd.txt,g2pA_taskd.txt,non,cut,0.71467745,True
g0pE_taskd.txt,g2pA_taske.txt,non,non,0.6768075,False
g0pE_taskd.txt,g2pB_taska.txt,non,non,0.68478966,False
g0pE_taskd.txt,g2pB_taskb.txt,non,non,0.66069573,False
g0pE_taskd.txt,g2pB_taskc.txt,non,heavy,0.71007943,True
g0pE_taskd.txt,g2pB_taskd.txt,non,light,0.8137116,True
g0pE_taskd.txt,g2pB_taske.txt,non,cut,0.71352243,True
g0pE_taskd.txt,g2pC_taska.txt,non,cut,0.66066885,False
g0pE_taskd.txt,g2pC_taskb.txt,non,non,0.64883006,False
g0pE_taskd.txt,g2pC_taskc.txt,non,non,0.6694606,False
g0pE_taskd.txt,g2pC_taskd.txt,non,heavy,0.76742184,True
g0pE_taskd.txt,g2pC_taske.txt,non,light,0.70035005,True
g0pE_taskd.txt,g2pE_taska.txt,non,heavy,0.6898465,False
g0pE_taskd.txt,g2pE_taskb.txt,non,light,0.6616927,False
g0pE_taskd.txt,g2pE_taskc.txt,non,cut,0.55966747,False
g0pE_taskd.txt,g2pE_taskd.txt,non,non,0.7909675,True
g0pE_taskd.txt,g2pE_taske.txt,non,non,0.7127272,True
g0pE_taskd.txt,g3pA_taska.txt,non,non,0.639228,False
g0pE_taskd.txt,g3pA_taskb.txt,non,heavy,0.6742065,False
g0pE_taskd.txt,g3pA_taskc.txt,non,light,0.71937484,True
g0pE_taskd.txt,g3pA_taskd.txt,non,cut,0.8096949,True
g0pE_taskd.txt,g3pA_taske.txt,non,non,0.70955575,True
g0pE_taskd.txt,g3pB_taska.txt,non,non,0.64186335,False
g0pE_taskd.txt,g3pB_taskb.txt,non,non,0.6328147,False
g0pE_taskd.txt,g3pB_taskc.txt,non,heavy,0.75091183,True
g0pE_taskd.txt,g3pB_taskd.txt,non,light,0.8037206,True
g0pE_taskd.txt,g3pB_taske.txt,non,cut,0.69200146,False
g0pE_taskd.txt,g3pC_taska.txt,non,cut,0.62089396,False
g0pE_taskd.txt,g3pC_taskb.txt,non,non,0.6826676,False
g0pE_taskd.txt,g3pC_taskc.txt,non,non,0.706251,True
g0pE_taskd.txt,g3pC_taskd.txt,non,heavy,0.77987146,True
g0pE_taskd.txt,g3pC_taske.txt,non,light,0.6981705,False
g0pE_taskd.txt,g4pB_taska.txt,non,non,0.61412823,False
g0pE_taskd.txt,g4pB_taskb.txt,non,non,0.6389978,False
g0pE_taskd.txt,g4pB_taskc.txt,non,heavy,0.7312778,True
g0pE_taskd.txt,g4pB_taskd.txt,non,light,0.81638896,True
g0pE_taskd.txt,g4pB_taske.txt,non,cut,0.72936875,True
g0pE_taskd.txt,g4pC_taska.txt,non,cut,0.69118327,False
g0pE_taskd.txt,g4pC_taskb.txt,non,non,0.6596637,False
g0pE_taskd.txt,g4pC_taskc.txt,non,non,0.7079909,True
g0pE_taskd.txt,g4pC_taskd.txt,non,heavy,0.80174124,True
g0pE_taskd.txt,g4pC_taske.txt,non,light,0.7159716,True
g0pE_taskd.txt,g4pD_taska.txt,non,light,0.70140517,True
g0pE_taskd.txt,g4pD_taskb.txt,non,cut,0.7212534,True
g0pE_taskd.txt,g4pD_taskc.txt,non,non,0.75060284,True
g0pE_taskd.txt,g4pD_taskd.txt,non,non,0.8282527,True
g0pE_taskd.txt,g4pD_taske.txt,non,heavy,0.73802674,True
g0pE_taskd.txt,g4pE_taska.txt,non,heavy,0.609959,False
g0pE_taskd.txt,g4pE_taskb.txt,non,light,0.64897466,False
g0pE_taskd.txt,g4pE_taskc.txt,non,cut,0.6322432,False
g0pE_taskd.txt,g4pE_taskd.txt,non,non,0.7389621,True
g0pE_taskd.txt,g4pE_taske.txt,non,non,0.6574261,False
g0pE_taskd.txt,orig_taska.txt,non,orig,0.69348013,False
g0pE_taskd.txt,orig_taskb.txt,non,orig,0.6540949,False
g0pE_taskd.txt,orig_taskc.txt,non,orig,0.7073469,True
g0pE_taskd.txt,orig_taskd.txt,non,orig,0.8134982,True
g0pE_taskd.txt,orig_taske.txt,non,orig,0.76173365,True
g0pE_taske.txt,g1pA_taska.txt,cut,non,0.6992721,False
g0pE_taske.txt,g1pA_taskb.txt,cut,heavy,0.7237058,True
g0pE_taske.txt,g1pA_taskc.txt,cut,light,0.7765938,True
g0pE_taske.txt,g1pA_taskd.txt,cut,cut,0.73662496,True
g0pE_taske.txt,g1pA_taske.txt,cut,non,0.82239395,True
g0pE_taske.txt,g1pB_taska.txt,cut,non,0.7411095,True
g0pE_taske.txt,g1pB_taskb.txt,cut,non,0.6565331,False
g0pE_taske.txt,g1pB_taskc.txt,cut,heavy,0.77383584,True
g0pE_taske.txt,g1pB_taskd.txt,cut,light,0.7088467,True
g0pE_taske.txt,g1pB_taske.txt,cut,cut,0.8965421,True
g0pE_taske.txt,g1pD_taska.txt,cut,light,0.7708481,True
g0pE_taske.txt,g1pD_taskb.txt,cut,cut,0.7266673,True
g0pE_taske.txt,g1pD_taskc.txt,cut,non,0.71182895,True
g0pE_taske.txt,g1pD_taskd.txt,cut,non,0.62247944,False
g0pE_taske.txt,g1pD_taske.txt,cut,heavy,0.8305485,True
g0pE_taske.txt,g2pA_taska.txt,cut,non,0.75948626,True
g0pE_taske.txt,g2pA_taskb.txt,cut,heavy,0.66183484,False
g0pE_taske.txt,g2pA_taskc.txt,cut,light,0.79017305,True
g0pE_taske.txt,g2pA_taskd.txt,cut,cut,0.6273798,False
g0pE_taske.txt,g2pA_taske.txt,cut,non,0.81959176,True
g0pE_taske.txt,g2pB_taska.txt,cut,non,0.775331,True
g0pE_taske.txt,g2pB_taskb.txt,cut,non,0.7058345,True
g0pE_taske.txt,g2pB_taskc.txt,cut,heavy,0.79772043,True
g0pE_taske.txt,g2pB_taskd.txt,cut,light,0.68207514,False
g0pE_taske.txt,g2pB_taske.txt,cut,cut,0.9136838,True
g0pE_taske.txt,g2pC_taska.txt,cut,cut,0.7393155,True
g0pE_taske.txt,g2pC_taskb.txt,cut,non,0.6970048,False
g0pE_taske.txt,g2pC_taskc.txt,cut,non,0.71797687,True
g0pE_taske.txt,g2pC_taskd.txt,cut,heavy,0.59732455,False
g0pE_taske.txt,g2pC_taske.txt,cut,light,0.867176,True
g0pE_taske.txt,g2pE_taska.txt,cut,heavy,0.79709834,True
g0pE_taske.txt,g2pE_taskb.txt,cut,light,0.6600239,False
g0pE_taske.txt,g2pE_taskc.txt,cut,cut,0.6245862,False
g0pE_taske.txt,g2pE_taskd.txt,cut,non,0.7511655,True
g0pE_taske.txt,g2pE_taske.txt,cut,non,0.8331138,True
g0pE_taske.txt,g3pA_taska.txt,cut,non,0.72279894,True
g0pE_taske.txt,g3pA_taskb.txt,cut,heavy,0.68268347,False
g0pE_taske.txt,g3pA_taskc.txt,cut,light,0.7869959,True
g0pE_taske.txt,g3pA_taskd.txt,cut,cut,0.67630965,False
g0pE_taske.txt,g3pA_taske.txt,cut,non,0.82299596,True
g0pE_taske.txt,g3pB_taska.txt,cut,non,0.7370901,True
g0pE_taske.txt,g3pB_taskb.txt,cut,non,0.70690763,True
g0pE_taske.txt,g3pB_taskc.txt,cut,heavy,0.80284095,True
g0pE_taske.txt,g3pB_taskd.txt,cut,light,0.7021902,True
g0pE_taske.txt,g3pB_taske.txt,cut,cut,0.95028925,True
g0pE_taske.txt,g3pC_taska.txt,cut,cut,0.6988081,False
g0pE_taske.txt,g3pC_taskb.txt,cut,non,0.7389451,True
g0pE_taske.txt,g3pC_taskc.txt,cut,non,0.7011235,True
g0pE_taske.txt,g3pC_taskd.txt,cut,heavy,0.5999309,False
g0pE_taske.txt,g3pC_taske.txt,cut,light,0.96871585,True
g0pE_taske.txt,g4pB_taska.txt,cut,non,0.7122006,True
g0pE_taske.txt,g4pB_taskb.txt,cut,non,0.7045376,True
g0pE_taske.txt,g4pB_taskc.txt,cut,heavy,0.78449273,True
g0pE_taske.txt,g4pB_taskd.txt,cut,light,0.64312816,False
g0pE_taske.txt,g4pB_taske.txt,cut,cut,0.85784835,True
g0pE_taske.txt,g4pC_taska.txt,cut,cut,0.7680173,True
g0pE_taske.txt,g4pC_taskb.txt,cut,non,0.65423906,False
g0pE_taske.txt,g4pC_taskc.txt,cut,non,0.7144729,True
g0pE_taske.txt,g4pC_taskd.txt,cut,heavy,0.67508566,False
g0pE_taske.txt,g4pC_taske.txt,cut,light,0.9074786,True
g0pE_taske.txt,g4pD_taska.txt,cut,light,0.7704532,True
g0pE_taske.txt,g4pD_taskb.txt,cut,cut,0.724071,True
g0pE_taske.txt,g4pD_taskc.txt,cut,non,0.81753397,True
g0pE_taske.txt,g4pD_taskd.txt,cut,non,0.73208654,True
g0pE_taske.txt,g4pD_taske.txt,cut,heavy,0.87134826,True
g0pE_taske.txt,g4pE_taska.txt,cut,heavy,0.7332367,True
g0pE_taske.txt,g4pE_taskb.txt,cut,light,0.66342664,False
g0pE_taske.txt,g4pE_taskc.txt,cut,cut,0.7303027,True
g0pE_taske.txt,g4pE_taskd.txt,cut,non,0.7960475,True
g0pE_taske.txt,g4pE_taske.txt,cut,non,0.82763886,True
g0pE_taske.txt,orig_taska.txt,cut,orig,0.77095485,True
g0pE_taske.txt,orig_taskb.txt,cut,orig,0.6710544,False
g0pE_taske.txt,orig_taskc.txt,cut,orig,0.79143655,True
g0pE_taske.txt,orig_taskd.txt,cut,orig,0.6764684,False
g0pE_taske.txt,orig_taske.txt,cut,orig,0.87855923,True
g1pA_taska.txt,g1pA_taskb.txt,non,heavy,0.65981275,False
g1pA_taska.txt,g1pA_taskc.txt,non,light,0.7202985,True
g1pA_taska.txt,g1pA_taskd.txt,non,cut,0.7064698,True
g1pA_taska.txt,g1pA_taske.txt,non,non,0.7255701,True
g1pA_taska.txt,g1pB_taska.txt,non,non,0.78485614,True
g1pA_taska.txt,g1pB_taskb.txt,non,non,0.6416609,False
g1pA_taska.txt,g1pB_taskc.txt,non,heavy,0.7288618,True
g1pA_taska.txt,g1pB_taskd.txt,non,light,0.6571516,False
g1pA_taska.txt,g1pB_taske.txt,non,cut,0.730163,True
g1pA_taska.txt,g1pD_taska.txt,non,light,0.86887413,True
g1pA_taska.txt,g1pD_taskb.txt,non,cut,0.70737815,True
g1pA_taska.txt,g1pD_taskc.txt,non,non,0.6788661,False
g1pA_taska.txt,g1pD_taskd.txt,non,non,0.56350774,False
g1pA_taska.txt,g1pD_taske.txt,non,heavy,0.6586703,False
g1pA_taska.txt,g2pA_taska.txt,non,non,0.7908604,True
g1pA_taska.txt,g2pA_taskb.txt,non,heavy,0.62414145,False
g1pA_taska.txt,g2pA_taskc.txt,non,light,0.7386041,True
g1pA_taska.txt,g2pA_taskd.txt,non,cut,0.6020281,False
g1pA_taska.txt,g2pA_taske.txt,non,non,0.6592102,False
g1pA_taska.txt,g2pB_taska.txt,non,non,0.8015094,True
g1pA_taska.txt,g2pB_taskb.txt,non,non,0.65070415,False
g1pA_taska.txt,g2pB_taskc.txt,non,heavy,0.759959,True
g1pA_taska.txt,g2pB_taskd.txt,non,light,0.6538087,False
g1pA_taska.txt,g2pB_taske.txt,non,cut,0.6780086,False
g1pA_taska.txt,g2pC_taska.txt,non,cut,0.8717271,True
g1pA_taska.txt,g2pC_taskb.txt,non,non,0.63860804,False
g1pA_taska.txt,g2pC_taskc.txt,non,non,0.65724146,False
g1pA_taska.txt,g2pC_taskd.txt,non,heavy,0.5801618,False
g1pA_taska.txt,g2pC_taske.txt,non,light,0.6954094,False
g1pA_taska.txt,g2pE_taska.txt,non,heavy,0.8528343,True
g1pA_taska.txt,g2pE_taskb.txt,non,light,0.66810405,False
g1pA_taska.txt,g2pE_taskc.txt,non,cut,0.5909668,False
g1pA_taska.txt,g2pE_taskd.txt,non,non,0.6944922,False
g1pA_taska.txt,g2pE_taske.txt,non,non,0.6524018,False
g1pA_taska.txt,g3pA_taska.txt,non,non,0.8588392,True
g1pA_taska.txt,g3pA_taskb.txt,non,heavy,0.6315597,False
g1pA_taska.txt,g3pA_taskc.txt,non,light,0.7467559,True
g1pA_taska.txt,g3pA_taskd.txt,non,cut,0.650089,False
g1pA_taska.txt,g3pA_taske.txt,non,non,0.7117559,True
g1pA_taska.txt,g3pB_taska.txt,non,non,0.8746738,True
g1pA_taska.txt,g3pB_taskb.txt,non,non,0.65207803,False
g1pA_taska.txt,g3pB_taskc.txt,non,heavy,0.752344,True
g1pA_taska.txt,g3pB_taskd.txt,non,light,0.63558906,False
g1pA_taska.txt,g3pB_taske.txt,non,cut,0.7056974,True
g1pA_taska.txt,g3pC_taska.txt,non,cut,0.79980516,True
g1pA_taska.txt,g3pC_taskb.txt,non,non,0.7028229,True
g1pA_taska.txt,g3pC_taskc.txt,non,non,0.6400449,False
g1pA_taska.txt,g3pC_taskd.txt,non,heavy,0.5745094,False
g1pA_taska.txt,g3pC_taske.txt,non,light,0.67598534,False
g1pA_taska.txt,g4pB_taska.txt,non,non,0.8273864,True
g1pA_taska.txt,g4pB_taskb.txt,non,non,0.67456865,False
g1pA_taska.txt,g4pB_taskc.txt,non,heavy,0.7253733,True
g1pA_taska.txt,g4pB_taskd.txt,non,light,0.61170876,False
g1pA_taska.txt,g4pB_taske.txt,non,cut,0.68138015,False
g1pA_taska.txt,g4pC_taska.txt,non,cut,0.856341,True
g1pA_taska.txt,g4pC_taskb.txt,non,non,0.58952785,False
g1pA_taska.txt,g4pC_taskc.txt,non,non,0.7198708,True
g1pA_taska.txt,g4pC_taskd.txt,non,heavy,0.6523154,False
g1pA_taska.txt,g4pC_taske.txt,non,light,0.6891103,False
g1pA_taska.txt,g4pD_taska.txt,non,light,0.8464283,True
g1pA_taska.txt,g4pD_taskb.txt,non,cut,0.7258346,True
g1pA_taska.txt,g4pD_taskc.txt,non,non,0.7028979,True
g1pA_taska.txt,g4pD_taskd.txt,non,non,0.67298746,False
g1pA_taska.txt,g4pD_taske.txt,non,heavy,0.7006933,True
g1pA_taska.txt,g4pE_taska.txt,non,heavy,0.82830834,True
g1pA_taska.txt,g4pE_taskb.txt,non,light,0.64393663,False
g1pA_taska.txt,g4pE_taskc.txt,non,cut,0.66518736,False
g1pA_taska.txt,g4pE_taskd.txt,non,non,0.71336603,True
g1pA_taska.txt,g4pE_taske.txt,non,non,0.70534956,True
g1pA_taska.txt,orig_taska.txt,non,orig,0.8609129,True
g1pA_taska.txt,orig_taskb.txt,non,orig,0.63734096,False
g1pA_taska.txt,orig_taskc.txt,non,orig,0.7464042,True
g1pA_taska.txt,orig_taskd.txt,non,orig,0.6518829,False
g1pA_taska.txt,orig_taske.txt,non,orig,0.69699407,False
g1pA_taskb.txt,g1pA_taskc.txt,heavy,light,0.80793464,True
g1pA_taskb.txt,g1pA_taskd.txt,heavy,cut,0.7512281,True
g1pA_taskb.txt,g1pA_taske.txt,heavy,non,0.7843996,True
g1pA_taskb.txt,g1pB_taska.txt,heavy,non,0.66102123,False
g1pA_taskb.txt,g1pB_taskb.txt,heavy,non,0.88945365,True
g1pA_taskb.txt,g1pB_taskc.txt,heavy,heavy,0.83891594,True
g1pA_taskb.txt,g1pB_taskd.txt,heavy,light,0.74657464,True
g1pA_taskb.txt,g1pB_taske.txt,heavy,cut,0.75489086,True
g1pA_taskb.txt,g1pD_taska.txt,heavy,light,0.76386285,True
g1pA_taskb.txt,g1pD_taskb.txt,heavy,cut,0.92151463,True
g1pA_taskb.txt,g1pD_taskc.txt,heavy,non,0.76883984,True
g1pA_taskb.txt,g1pD_taskd.txt,heavy,non,0.7318307,True
g1pA_taskb.txt,g1pD_taske.txt,heavy,heavy,0.7082521,True
g1pA_taskb.txt,g2pA_taska.txt,heavy,non,0.73838395,True
g1pA_taskb.txt,g2pA_taskb.txt,heavy,heavy,0.9364799,True
g1pA_taskb.txt,g2pA_taskc.txt,heavy,light,0.8066726,True
g1pA_taskb.txt,g2pA_taskd.txt,heavy,cut,0.6687058,False
g1pA_taskb.txt,g2pA_taske.txt,heavy,non,0.711917,True
g1pA_taskb.txt,g2pB_taska.txt,heavy,non,0.7454067,True
g1pA_taskb.txt,g2pB_taskb.txt,heavy,non,0.92447746,True
g1pA_taskb.txt,g2pB_taskc.txt,heavy,heavy,0.8117257,True
g1pA_taskb.txt,g2pB_taskd.txt,heavy,light,0.72935665,True
g1pA_taskb.txt,g2pB_taske.txt,heavy,cut,0.74349225,True
g1pA_taskb.txt,g2pC_taska.txt,heavy,cut,0.74225724,True
g1pA_taskb.txt,g2pC_taskb.txt,heavy,non,0.9237931,True
g1pA_taskb.txt,g2pC_taskc.txt,heavy,non,0.7610092,True
g1pA_taskb.txt,g2pC_taskd.txt,heavy,heavy,0.6636841,False
g1pA_taskb.txt,g2pC_taske.txt,heavy,light,0.7064053,True
g1pA_taskb.txt,g2pE_taska.txt,heavy,heavy,0.7708031,True
g1pA_taskb.txt,g2pE_taskb.txt,heavy,light,0.8468536,True
g1pA_taskb.txt,g2pE_taskc.txt,heavy,cut,0.73350644,True
g1pA_taskb.txt,g2pE_taskd.txt,heavy,non,0.76080215,True
g1pA_taskb.txt,g2pE_taske.txt,heavy,non,0.7153888,True
g1pA_taskb.txt,g3pA_taska.txt,heavy,non,0.72673225,True
g1pA_taskb.txt,g3pA_taskb.txt,heavy,heavy,0.941187,True
g1pA_taskb.txt,g3pA_taskc.txt,heavy,light,0.81975424,True
g1pA_taskb.txt,g3pA_taskd.txt,heavy,cut,0.7104001,True
g1pA_taskb.txt,g3pA_taske.txt,heavy,non,0.7716553,True
g1pA_taskb.txt,g3pB_taska.txt,heavy,non,0.6852539,False
g1pA_taskb.txt,g3pB_taskb.txt,heavy,non,0.92382884,True
g1pA_taskb.txt,g3pB_taskc.txt,heavy,heavy,0.81875056,True
g1pA_taskb.txt,g3pB_taskd.txt,heavy,light,0.7502974,True
g1pA_taskb.txt,g3pB_taske.txt,heavy,cut,0.7360297,True
g1pA_taskb.txt,g3pC_taska.txt,heavy,cut,0.6676029,False
g1pA_taskb.txt,g3pC_taskb.txt,heavy,non,0.916542,True
g1pA_taskb.txt,g3pC_taskc.txt,heavy,non,0.7972305,True
g1pA_taskb.txt,g3pC_taskd.txt,heavy,heavy,0.64863455,False
g1pA_taskb.txt,g3pC_taske.txt,heavy,light,0.7382399,True
g1pA_taskb.txt,g4pB_taska.txt,heavy,non,0.6952923,False
g1pA_taskb.txt,g4pB_taskb.txt,heavy,non,0.92238617,True
g1pA_taskb.txt,g4pB_taskc.txt,heavy,heavy,0.8073706,True
g1pA_taskb.txt,g4pB_taskd.txt,heavy,light,0.6797972,False
g1pA_taskb.txt,g4pB_taske.txt,heavy,cut,0.7262726,True
g1pA_taskb.txt,g4pC_taska.txt,heavy,cut,0.7568283,True
g1pA_taskb.txt,g4pC_taskb.txt,heavy,non,0.86452365,True
g1pA_taskb.txt,g4pC_taskc.txt,heavy,non,0.77941346,True
g1pA_taskb.txt,g4pC_taskd.txt,heavy,heavy,0.70131284,True
g1pA_taskb.txt,g4pC_taske.txt,heavy,light,0.76302385,True
g1pA_taskb.txt,g4pD_taska.txt,heavy,light,0.73895633,True
g1pA_taskb.txt,g4pD_taskb.txt,heavy,cut,0.8907887,True
g1pA_taskb.txt,g4pD_taskc.txt,heavy,non,0.82960534,True
g1pA_taskb.txt,g4pD_taskd.txt,heavy,non,0.71964204,True
g1pA_taskb.txt,g4pD_taske.txt,heavy,heavy,0.75953615,True
g1pA_taskb.txt,g4pE_taska.txt,heavy,heavy,0.6830982,False
g1pA_taskb.txt,g4pE_taskb.txt,heavy,light,0.8934793,True
g1pA_taskb.txt,g4pE_taskc.txt,heavy,cut,0.7022177,True
g1pA_taskb.txt,g4pE_taskd.txt,heavy,non,0.82068837,True
g1pA_taskb.txt,g4pE_taske.txt,heavy,non,0.7555723,True
g1pA_taskb.txt,orig_taska.txt,heavy,orig,0.76170075,True
g1pA_taskb.txt,orig_taskb.txt,heavy,orig,0.92704695,True
g1pA_taskb.txt,orig_taskc.txt,heavy,orig,0.8064625,True
g1pA_taskb.txt,orig_taskd.txt,heavy,orig,0.7114186,True
g1pA_taskb.txt,orig_taske.txt,heavy,orig,0.7682004,True
g1pA_taskc.txt,g1pA_taskd.txt,light,cut,0.78931314,True
g1pA_taskc.txt,g1pA_taske.txt,light,non,0.7894863,True
g1pA_taskc.txt,g1pB_taska.txt,light,non,0.6845679,False
g1pA_taskc.txt,g1pB_taskb.txt,light,non,0.74064785,True
g1pA_taskc.txt,g1pB_taskc.txt,light,heavy,0.93896997,True
g1pA_taskc.txt,g1pB_taskd.txt,light,light,0.74984634,True
g1pA_taskc.txt,g1pB_taske.txt,light,cut,0.7928006,True
g1pA_taskc.txt,g1pD_taska.txt,light,light,0.7898516,True
g1pA_taskc.txt,g1pD_taskb.txt,light,cut,0.83990645,True
g1pA_taskc.txt,g1pD_taskc.txt,light,non,0.89539206,True
g1pA_taskc.txt,g1pD_taskd.txt,light,non,0.70809686,True
g1pA_taskc.txt,g1pD_taske.txt,light,heavy,0.74458754,True
g1pA_taskc.txt,g2pA_taska.txt,light,non,0.7463453,True
g1pA_taskc.txt,g2pA_taskb.txt,light,heavy,0.78005034,True
g1pA_taskc.txt,g2pA_taskc.txt,light,light,0.94709975,True
g1pA_taskc.txt,g2pA_taskd.txt,light,cut,0.66101223,False
g1pA_taskc.txt,g2pA_taske.txt,light,non,0.78945005,True
g1pA_taskc.txt,g2pB_taska.txt,light,non,0.75137436,True
g1pA_taskc.txt,g2pB_taskb.txt,light,non,0.7803354,True
g1pA_taskc.txt,g2pB_taskc.txt,light,heavy,0.9367477,True
g1pA_taskc.txt,g2pB_taskd.txt,light,light,0.7718558,True
g1pA_taskc.txt,g2pB_taske.txt,light,cut,0.79551935,True
g1pA_taskc.txt,g2pC_taska.txt,light,cut,0.76934576,True
g1pA_taskc.txt,g2pC_taskb.txt,light,non,0.7827954,True
g1pA_taskc.txt,g2pC_taskc.txt,light,non,0.911993,True
g1pA_taskc.txt,g2pC_taskd.txt,light,heavy,0.6723882,False
g1pA_taskc.txt,g2pC_taske.txt,light,light,0.7705077,True
g1pA_taskc.txt,g2pE_taska.txt,light,heavy,0.8045038,True
g1pA_taskc.txt,g2pE_taskb.txt,light,light,0.7620672,True
g1pA_taskc.txt,g2pE_taskc.txt,light,cut,0.7411772,True
g1pA_taskc.txt,g2pE_taskd.txt,light,non,0.78334975,True
g1pA_taskc.txt,g2pE_taske.txt,light,non,0.78383577,True
g1pA_taskc.txt,g3pA_taska.txt,light,non,0.7671057,True
g1pA_taskc.txt,g3pA_taskb.txt,light,heavy,0.7950908,True
g1pA_taskc.txt,g3pA_taskc.txt,light,light,0.956787,True
g1pA_taskc.txt,g3pA_taskd.txt,light,cut,0.7635994,True
g1pA_taskc.txt,g3pA_taske.txt,light,non,0.784703,True
g1pA_taskc.txt,g3pB_taska.txt,light,non,0.7631031,True
g1pA_taskc.txt,g3pB_taskb.txt,light,non,0.7862187,True
g1pA_taskc.txt,g3pB_taskc.txt,light,heavy,0.9312971,True
g1pA_taskc.txt,g3pB_taskd.txt,light,light,0.7747644,True
g1pA_taskc.txt,g3pB_taske.txt,light,cut,0.80831164,True
g1pA_taskc.txt,g3pC_taska.txt,light,cut,0.6738342,False
g1pA_taskc.txt,g3pC_taskb.txt,light,non,0.82793415,True
g1pA_taskc.txt,g3pC_taskc.txt,light,non,0.8466848,True
g1pA_taskc.txt,g3pC_taskd.txt,light,heavy,0.66645133,False
g1pA_taskc.txt,g3pC_taske.txt,light,light,0.77208376,True
g1pA_taskc.txt,g4pB_taska.txt,light,non,0.74420965,True
g1pA_taskc.txt,g4pB_taskb.txt,light,non,0.7673503,True
g1pA_taskc.txt,g4pB_taskc.txt,light,heavy,0.9489297,True
g1pA_taskc.txt,g4pB_taskd.txt,light,light,0.721789,True
g1pA_taskc.txt,g4pB_taske.txt,light,cut,0.7793676,True
g1pA_taskc.txt,g4pC_taska.txt,light,cut,0.7824095,True
g1pA_taskc.txt,g4pC_taskb.txt,light,non,0.7680154,True
g1pA_taskc.txt,g4pC_taskc.txt,light,non,0.8603865,True
g1pA_taskc.txt,g4pC_taskd.txt,light,heavy,0.75550425,True
g1pA_taskc.txt,g4pC_taske.txt,light,light,0.82034457,True
g1pA_taskc.txt,g4pD_taska.txt,light,light,0.78025424,True
g1pA_taskc.txt,g4pD_taskb.txt,light,cut,0.8281193,True
g1pA_taskc.txt,g4pD_taskc.txt,light,non,0.87950134,True
g1pA_taskc.txt,g4pD_taskd.txt,light,non,0.8079109,True
g1pA_taskc.txt,g4pD_taske.txt,light,heavy,0.80540556,True
g1pA_taskc.txt,g4pE_taska.txt,light,heavy,0.7123287,True
g1pA_taskc.txt,g4pE_taskb.txt,light,light,0.7951827,True
g1pA_taskc.txt,g4pE_taskc.txt,light,cut,0.9030491,True
g1pA_taskc.txt,g4pE_taskd.txt,light,non,0.83756626,True
g1pA_taskc.txt,g4pE_taske.txt,light,non,0.7916771,True
g1pA_taskc.txt,orig_taska.txt,light,orig,0.78827715,True
g1pA_taskc.txt,orig_taskb.txt,light,orig,0.80331814,True
g1pA_taskc.txt,orig_taskc.txt,light,orig,0.9508383,True
g1pA_taskc.txt,orig_taskd.txt,light,orig,0.76345086,True
g1pA_taskc.txt,orig_taske.txt,light,orig,0.8131292,True
g1pA_taskd.txt,g1pA_taske.txt,cut,non,0.75434566,True
g1pA_taskd.txt,g1pB_taska.txt,cut,non,0.735169,True
g1pA_taskd.txt,g1pB_taskb.txt,cut,non,0.67474484,False
g1pA_taskd.txt,g1pB_taskc.txt,cut,heavy,0.7944561,True
g1pA_taskd.txt,g1pB_taskd.txt,cut,light,0.935344,True
g1pA_taskd.txt,g1pB_taske.txt,cut,cut,0.76645726,True
g1pA_taskd.txt,g1pD_taska.txt,cut,light,0.77085155,True
g1pA_taskd.txt,g1pD_taskb.txt,cut,cut,0.8305442,True
g1pA_taskd.txt,g1pD_taskc.txt,cut,non,0.71966696,True
g1pA_taskd.txt,g1pD_taskd.txt,cut,non,0.84181297,True
g1pA_taskd.txt,g1pD_taske.txt,cut,heavy,0.6884948,False
g1pA_taskd.txt,g2pA_taska.txt,cut,non,0.71730816,True
g1pA_taskd.txt,g2pA_taskb.txt,cut,heavy,0.6927241,False
g1pA_taskd.txt,g2pA_taskc.txt,cut,light,0.809275,True
g1pA_taskd.txt,g2pA_taskd.txt,cut,cut,0.83050877,True
g1pA_taskd.txt,g2pA_taske.txt,cut,non,0.6996076,False
g1pA_taskd.txt,g2pB_taska.txt,cut,non,0.7489157,True
g1pA_taskd.txt,g2pB_taskb.txt,cut,non,0.70676094,True
g1pA_taskd.txt,g2pB_taskc.txt,cut,heavy,0.79180187,True
g1pA_taskd.txt,g2pB_taskd.txt,cut,light,0.9372278,True
g1pA_taskd.txt,g2pB_taske.txt,cut,cut,0.7406111,True
g1pA_taskd.txt,g2pC_taska.txt,cut,cut,0.7561283,True
g1pA_taskd.txt,g2pC_taskb.txt,cut,non,0.706949,True
g1pA_taskd.txt,g2pC_taskc.txt,cut,non,0.7295499,True
g1pA_taskd.txt,g2pC_taskd.txt,cut,heavy,0.86747956,True
g1pA_taskd.txt,g2pC_taske.txt,cut,light,0.69970083,False
g1pA_taskd.txt,g2pE_taska.txt,cut,heavy,0.796204,True
g1pA_taskd.txt,g2pE_taskb.txt,cut,light,0.7110182,True
g1pA_taskd.txt,g2pE_taskc.txt,cut,cut,0.592204,False
g1pA_taskd.txt,g2pE_taskd.txt,cut,non,0.9025178,True
g1pA_taskd.txt,g2pE_taske.txt,cut,non,0.71829665,True
g1pA_taskd.txt,g3pA_taska.txt,cut,non,0.74077743,True
g1pA_taskd.txt,g3pA_taskb.txt,cut,heavy,0.7210671,True
g1pA_taskd.txt,g3pA_taskc.txt,cut,light,0.8090621,True
g1pA_taskd.txt,g3pA_taskd.txt,cut,cut,0.93500054,True
g1pA_taskd.txt,g3pA_taske.txt,cut,non,0.7477535,True
g1pA_taskd.txt,g3pB_taska.txt,cut,non,0.75024086,True
g1pA_taskd.txt,g3pB_taskb.txt,cut,non,0.6895353,False
g1pA_taskd.txt,g3pB_taskc.txt,cut,heavy,0.81934935,True
g1pA_taskd.txt,g3pB_taskd.txt,cut,light,0.876994,True
g1pA_taskd.txt,g3pB_taske.txt,cut,cut,0.73587734,True
g1pA_taskd.txt,g3pC_taska.txt,cut,cut,0.72956073,True
g1pA_taskd.txt,g3pC_taskb.txt,cut,non,0.7354244,True
g1pA_taskd.txt,g3pC_taskc.txt,cut,non,0.7282853,True
g1pA_taskd.txt,g3pC_taskd.txt,cut,heavy,0.85733575,True
g1pA_taskd.txt,g3pC_taske.txt,cut,light,0.74929994,True
g1pA_taskd.txt,g4pB_taska.txt,cut,non,0.7322712,True
g1pA_taskd.txt,g4pB_taskb.txt,cut,non,0.70721334,True
g1pA_taskd.txt,g4pB_taskc.txt,cut,heavy,0.7970392,True
g1pA_taskd.txt,g4pB_taskd.txt,cut,light,0.89102226,True
g1pA_taskd.txt,g4pB_taske.txt,cut,cut,0.71271574,True
g1pA_taskd.txt,g4pC_taska.txt,cut,cut,0.7796788,True
g1pA_taskd.txt,g4pC_taskb.txt,cut,non,0.664979,False
g1pA_taskd.txt,g4pC_taskc.txt,cut,non,0.76701593,True
g1pA_taskd.txt,g4pC_taskd.txt,cut,heavy,0.9312762,True
g1pA_taskd.txt,g4pC_taske.txt,cut,light,0.7680541,True
g1pA_taskd.txt,g4pD_taska.txt,cut,light,0.7670263,True
g1pA_taskd.txt,g4pD_taskb.txt,cut,cut,0.822722,True
g1pA_taskd.txt,g4pD_taskc.txt,cut,non,0.8363988,True
g1pA_taskd.txt,g4pD_taskd.txt,cut,non,0.86609906,True
g1pA_taskd.txt,g4pD_taske.txt,cut,heavy,0.76417935,True
g1pA_taskd.txt,g4pE_taska.txt,cut,heavy,0.6867857,False
g1pA_taskd.txt,g4pE_taskb.txt,cut,light,0.68699694,False
g1pA_taskd.txt,g4pE_taskc.txt,cut,cut,0.70946205,True
g1pA_taskd.txt,g4pE_taskd.txt,cut,non,0.83551264,True
g1pA_taskd.txt,g4pE_taske.txt,cut,non,0.71699774,True
g1pA_taskd.txt,orig_taska.txt,cut,orig,0.7851632,True
g1pA_taskd.txt,orig_taskb.txt,cut,orig,0.7014341,True
g1pA_taskd.txt,orig_taskc.txt,cut,orig,0.81321853,True
g1pA_taskd.txt,orig_taskd.txt,cut,orig,0.93275744,True
g1pA_taskd.txt,orig_taske.txt,cut,orig,0.7664061,True
g1pA_taske.txt,g1pB_taska.txt,non,non,0.71281075,True
g1pA_taske.txt,g1pB_taskb.txt,non,non,0.6935436,False
g1pA_taske.txt,g1pB_taskc.txt,non,heavy,0.78930414,True
g1pA_taske.txt,g1pB_taskd.txt,non,light,0.728856,True
g1pA_taske.txt,g1pB_taske.txt,non,cut,0.9056684,True
g1pA_taske.txt,g1pD_taska.txt,non,light,0.8108315,True
g1pA_taske.txt,g1pD_taskb.txt,non,cut,0.7940359,True
g1pA_taske.txt,g1pD_taskc.txt,non,non,0.76919466,True
g1pA_taske.txt,g1pD_taskd.txt,non,non,0.7087108,True
g1pA_taske.txt,g1pD_taske.txt,non,heavy,0.89627147,True
g1pA_taske.txt,g2pA_taska.txt,non,non,0.79655385,True
g1pA_taske.txt,g2pA_taskb.txt,non,heavy,0.70841575,True
g1pA_taske.txt,g2pA_taskc.txt,non,light,0.7959063,True
g1pA_taske.txt,g2pA_taskd.txt,non,cut,0.67625606,False
g1pA_taske.txt,g2pA_taske.txt,non,non,0.86167955,True
g1pA_taske.txt,g2pB_taska.txt,non,non,0.8120576,True
g1pA_taske.txt,g2pB_taskb.txt,non,non,0.77197766,True
g1pA_taske.txt,g2pB_taskc.txt,non,heavy,0.8322222,True
g1pA_taske.txt,g2pB_taskd.txt,non,light,0.7143166,True
g1pA_taske.txt,g2pB_taske.txt,non,cut,0.892696,True
g1pA_taske.txt,g2pC_taska.txt,non,cut,0.79963833,True
g1pA_taske.txt,g2pC_taskb.txt,non,non,0.72454023,True
g1pA_taske.txt,g2pC_taskc.txt,non,non,0.7352178,True
g1pA_taske.txt,g2pC_taskd.txt,non,heavy,0.65668654,False
g1pA_taske.txt,g2pC_taske.txt,non,light,0.9144765,True
g1pA_taske.txt,g2pE_taska.txt,non,heavy,0.84399676,True
g1pA_taske.txt,g2pE_taskb.txt,non,light,0.7287071,True
g1pA_taske.txt,g2pE_taskc.txt,non,cut,0.6782245,False
g1pA_taske.txt,g2pE_taskd.txt,non,non,0.7578199,True
g1pA_taske.txt,g2pE_taske.txt,non,non,0.8932042,True
g1pA_taske.txt,g3pA_taska.txt,non,non,0.7597519,True
g1pA_taske.txt,g3pA_taskb.txt,non,heavy,0.733047,True
g1pA_taske.txt,g3pA_taskc.txt,non,light,0.81026506,True
g1pA_taske.txt,g3pA_taskd.txt,non,cut,0.7031703,True
g1pA_taske.txt,g3pA_taske.txt,non,non,0.88996685,True
g1pA_taske.txt,g3pB_taska.txt,non,non,0.757553,True
g1pA_taske.txt,g3pB_taskb.txt,non,non,0.7662921,True
g1pA_taske.txt,g3pB_taskc.txt,non,heavy,0.8389947,True
g1pA_taske.txt,g3pB_taskd.txt,non,light,0.7868772,True
g1pA_taske.txt,g3pB_taske.txt,non,cut,0.8721921,True
g1pA_taske.txt,g3pC_taska.txt,non,cut,0.722872,True
g1pA_taske.txt,g3pC_taskb.txt,non,non,0.78104734,True
g1pA_taske.txt,g3pC_taskc.txt,non,non,0.73342514,True
g1pA_taske.txt,g3pC_taskd.txt,non,heavy,0.6498443,False
g1pA_taske.txt,g3pC_taske.txt,non,light,0.8421036,True
g1pA_taske.txt,g4pB_taska.txt,non,non,0.7397251,True
g1pA_taske.txt,g4pB_taskb.txt,non,non,0.74745023,True
g1pA_taske.txt,g4pB_taskc.txt,non,heavy,0.8135442,True
g1pA_taske.txt,g4pB_taskd.txt,non,light,0.6824455,False
g1pA_taske.txt,g4pB_taske.txt,non,cut,0.87956136,True
g1pA_taske.txt,g4pC_taska.txt,non,cut,0.8164351,True
g1pA_taske.txt,g4pC_taskb.txt,non,non,0.6999514,False
g1pA_taske.txt,g4pC_taskc.txt,non,non,0.76483536,True
g1pA_taske.txt,g4pC_taskd.txt,non,heavy,0.6971313,False
g1pA_taske.txt,g4pC_taske.txt,non,light,0.88282096,True
g1pA_taske.txt,g4pD_taska.txt,non,light,0.78944206,True
g1pA_taske.txt,g4pD_taskb.txt,non,cut,0.7706764,True
g1pA_taske.txt,g4pD_taskc.txt,non,non,0.82953024,True
g1pA_taske.txt,g4pD_taskd.txt,non,non,0.7809213,True
g1pA_taske.txt,g4pD_taske.txt,non,heavy,0.86380893,True
g1pA_taske.txt,g4pE_taska.txt,non,heavy,0.7488588,True
g1pA_taske.txt,g4pE_taskb.txt,non,light,0.7120539,True
g1pA_taske.txt,g4pE_taskc.txt,non,cut,0.7199107,True
g1pA_taske.txt,g4pE_taskd.txt,non,non,0.8140386,True
g1pA_taske.txt,g4pE_taske.txt,non,non,0.8524823,True
g1pA_taske.txt,orig_taska.txt,non,orig,0.82053804,True
g1pA_taske.txt,orig_taskb.txt,non,orig,0.704772,True
g1pA_taske.txt,orig_taskc.txt,non,orig,0.7991387,True
g1pA_taske.txt,orig_taskd.txt,non,orig,0.7026464,True
g1pA_taske.txt,orig_taske.txt,non,orig,0.90236783,True
g1pB_taska.txt,g1pB_taskb.txt,non,non,0.6404208,False
g1pB_taska.txt,g1pB_taskc.txt,non,heavy,0.69043154,False
g1pB_taska.txt,g1pB_taskd.txt,non,light,0.6872601,False
g1pB_taska.txt,g1pB_taske.txt,non,cut,0.76708853,True
g1pB_taska.txt,g1pD_taska.txt,non,light,0.8154813,True
g1pB_taska.txt,g1pD_taskb.txt,non,cut,0.69367635,False
g1pB_taska.txt,g1pD_taskc.txt,non,non,0.61293936,False
g1pB_taska.txt,g1pD_taskd.txt,non,non,0.6378102,False
g1pB_taska.txt,g1pD_taske.txt,non,heavy,0.678185,False
g1pB_taska.txt,g2pA_taska.txt,non,non,0.7731664,True
g1pB_taska.txt,g2pA_taskb.txt,non,heavy,0.61516875,False
g1pB_taska.txt,g2pA_taskc.txt,non,light,0.70780826,True
g1pB_taska.txt,g2pA_taskd.txt,non,cut,0.6540793,False
g1pB_taska.txt,g2pA_taske.txt,non,non,0.6394166,False
g1pB_taska.txt,g2pB_taska.txt,non,non,0.8012285,True
g1pB_taska.txt,g2pB_taskb.txt,non,non,0.6542891,False
g1pB_taska.txt,g2pB_taskc.txt,non,heavy,0.7256262,True
g1pB_taska.txt,g2pB_taskd.txt,non,light,0.66520107,False
g1pB_taska.txt,g2pB_taske.txt,non,cut,0.7152386,True
g1pB_taska.txt,g2pC_taska.txt,non,cut,0.80095935,True
g1pB_taska.txt,g2pC_taskb.txt,non,non,0.6398111,False
g1pB_taska.txt,g2pC_taskc.txt,non,non,0.6013026,False
g1pB_taska.txt,g2pC_taskd.txt,non,heavy,0.59363437,False
g1pB_taska.txt,g2pC_taske.txt,non,light,0.68698657,False
g1pB_taska.txt,g2pE_taska.txt,non,heavy,0.8287019,True
g1pB_taska.txt,g2pE_taskb.txt,non,light,0.6349716,False
g1pB_taska.txt,g2pE_taskc.txt,non,cut,0.5631076,False
g1pB_taska.txt,g2pE_taskd.txt,non,non,0.72637284,True
g1pB_taska.txt,g2pE_taske.txt,non,non,0.6815454,False
g1pB_taska.txt,g3pA_taska.txt,non,non,0.7895622,True
g1pB_taska.txt,g3pA_taskb.txt,non,heavy,0.6329683,False
g1pB_taska.txt,g3pA_taskc.txt,non,light,0.7088243,True
g1pB_taska.txt,g3pA_taskd.txt,non,cut,0.6528835,False
g1pB_taska.txt,g3pA_taske.txt,non,non,0.7455068,True
g1pB_taska.txt,g3pB_taska.txt,non,non,0.80627525,True
g1pB_taska.txt,g3pB_taskb.txt,non,non,0.65694773,False
g1pB_taska.txt,g3pB_taskc.txt,non,heavy,0.7186464,True
g1pB_taska.txt,g3pB_taskd.txt,non,light,0.66365254,False
g1pB_taska.txt,g3pB_taske.txt,non,cut,0.71881247,True
g1pB_taska.txt,g3pC_taska.txt,non,cut,0.82725304,True
g1pB_taska.txt,g3pC_taskb.txt,non,non,0.69358075,False
g1pB_taska.txt,g3pC_taskc.txt,non,non,0.6193533,False
g1pB_taska.txt,g3pC_taskd.txt,non,heavy,0.567073,False
g1pB_taska.txt,g3pC_taske.txt,non,light,0.75418633,True
g1pB_taska.txt,g4pB_taska.txt,non,non,0.779891,True
g1pB_taska.txt,g4pB_taskb.txt,non,non,0.6955391,False
g1pB_taska.txt,g4pB_taskc.txt,non,heavy,0.69954664,False
g1pB_taska.txt,g4pB_taskd.txt,non,light,0.6079939,False
g1pB_taska.txt,g4pB_taske.txt,non,cut,0.6977973,False
g1pB_taska.txt,g4pC_taska.txt,non,cut,0.8315927,True
g1pB_taska.txt,g4pC_taskb.txt,non,non,0.5869832,False
g1pB_taska.txt,g4pC_taskc.txt,non,non,0.660317,False
g1pB_taska.txt,g4pC_taskd.txt,non,heavy,0.65386736,False
g1pB_taska.txt,g4pC_taske.txt,non,light,0.7351016,True
g1pB_taska.txt,g4pD_taska.txt,non,light,0.79507196,True
g1pB_taska.txt,g4pD_taskb.txt,non,cut,0.6769567,False
g1pB_taska.txt,g4pD_taskc.txt,non,non,0.72850025,True
g1pB_taska.txt,g4pD_taskd.txt,non,non,0.7189846,True
g1pB_taska.txt,g4pD_taske.txt,non,heavy,0.73188096,True
g1pB_taska.txt,g4pE_taska.txt,non,heavy,0.8012836,True
g1pB_taska.txt,g4pE_taskb.txt,non,light,0.6227151,False
g1pB_taska.txt,g4pE_taskc.txt,non,cut,0.6020795,False
g1pB_taska.txt,g4pE_taskd.txt,non,non,0.7382581,True
g1pB_taska.txt,g4pE_taske.txt,non,non,0.75206375,True
g1pB_taska.txt,orig_taska.txt,non,orig,0.8271978,True
g1pB_taska.txt,orig_taskb.txt,non,orig,0.6335212,False
g1pB_taska.txt,orig_taskc.txt,non,orig,0.71556866,True
g1pB_taska.txt,orig_taskd.txt,non,orig,0.656252,False
g1pB_taska.txt,orig_taske.txt,non,orig,0.734523,True
g1pB_taskb.txt,g1pB_taskc.txt,non,heavy,0.77750933,True
g1pB_taskb.txt,g1pB_taskd.txt,non,light,0.6638112,False
g1pB_taskb.txt,g1pB_taske.txt,non,cut,0.69987273,False
g1pB_taskb.txt,g1pD_taska.txt,non,light,0.69950116,False
g1pB_taskb.txt,g1pD_taskb.txt,non,cut,0.83129317,True
g1pB_taskb.txt,g1pD_taskc.txt,non,non,0.6840507,False
g1pB_taskb.txt,g1pD_taskd.txt,non,non,0.61902964,False
g1pB_taskb.txt,g1pD_taske.txt,non,heavy,0.63807523,False
g1pB_taskb.txt,g2pA_taska.txt,non,non,0.65118134,False
g1pB_taskb.txt,g2pA_taskb.txt,non,heavy,0.8995521,True
g1pB_taskb.txt,g2pA_taskc.txt,non,light,0.747504,True
g1pB_taskb.txt,g2pA_taskd.txt,non,cut,0.6031313,False
g1pB_taskb.txt,g2pA_taske.txt,non,non,0.6262018,False
g1pB_taskb.txt,g2pB_taska.txt,non,non,0.67969024,False
g1pB_taskb.txt,g2pB_taskb.txt,non,non,0.88984525,True
g1pB_taskb.txt,g2pB_taskc.txt,non,heavy,0.75755453,True
g1pB_taskb.txt,g2pB_taskd.txt,non,light,0.63073766,False
g1pB_taskb.txt,g2pB_taske.txt,non,cut,0.66045463,False
g1pB_taskb.txt,g2pC_taska.txt,non,cut,0.68501043,False
g1pB_taskb.txt,g2pC_taskb.txt,non,non,0.9180943,True
g1pB_taskb.txt,g2pC_taskc.txt,non,non,0.70617574,True
g1pB_taskb.txt,g2pC_taskd.txt,non,heavy,0.579723,False
g1pB_taskb.txt,g2pC_taske.txt,non,light,0.6479006,False
g1pB_taskb.txt,g2pE_taska.txt,non,heavy,0.69560444,False
g1pB_taskb.txt,g2pE_taskb.txt,non,light,0.7450284,True
g1pB_taskb.txt,g2pE_taskc.txt,non,cut,0.62340695,False
g1pB_taskb.txt,g2pE_taskd.txt,non,non,0.7060212,True
g1pB_taskb.txt,g2pE_taske.txt,non,non,0.62033397,False
g1pB_taskb.txt,g3pA_taska.txt,non,non,0.664116,False
g1pB_taskb.txt,g3pA_taskb.txt,non,heavy,0.88285786,True
g1pB_taskb.txt,g3pA_taskc.txt,non,light,0.76681465,True
g1pB_taskb.txt,g3pA_taskd.txt,non,cut,0.61536324,False
g1pB_taskb.txt,g3pA_taske.txt,non,non,0.7156594,True
g1pB_taskb.txt,g3pB_taska.txt,non,non,0.64732295,False
g1pB_taskb.txt,g3pB_taskb.txt,non,non,0.8453194,True
g1pB_taskb.txt,g3pB_taskc.txt,non,heavy,0.75671077,True
g1pB_taskb.txt,g3pB_taskd.txt,non,light,0.65463567,False
g1pB_taskb.txt,g3pB_taske.txt,non,cut,0.65929765,False
g1pB_taskb.txt,g3pC_taska.txt,non,cut,0.6027247,False
g1pB_taskb.txt,g3pC_taskb.txt,non,non,0.88794875,True
g1pB_taskb.txt,g3pC_taskc.txt,non,non,0.74245894,True
g1pB_taskb.txt,g3pC_taskd.txt,non,heavy,0.54480547,False
g1pB_taskb.txt,g3pC_taske.txt,non,light,0.6676273,False
g1pB_taskb.txt,g4pB_taska.txt,non,non,0.60459554,False
g1pB_taskb.txt,g4pB_taskb.txt,non,non,0.9152714,True
g1pB_taskb.txt,g4pB_taskc.txt,non,heavy,0.7438922,True
g1pB_taskb.txt,g4pB_taskd.txt,non,light,0.5877075,False
g1pB_taskb.txt,g4pB_taske.txt,non,cut,0.6340122,False
g1pB_taskb.txt,g4pC_taska.txt,non,cut,0.67881316,False
g1pB_taskb.txt,g4pC_taskb.txt,non,non,0.80890334,True
g1pB_taskb.txt,g4pC_taskc.txt,non,non,0.71212524,True
g1pB_taskb.txt,g4pC_taskd.txt,non,heavy,0.60636806,False
g1pB_taskb.txt,g4pC_taske.txt,non,light,0.6805477,False
g1pB_taskb.txt,g4pD_taska.txt,non,light,0.6596331,False
g1pB_taskb.txt,g4pD_taskb.txt,non,cut,0.80875206,True
g1pB_taskb.txt,g4pD_taskc.txt,non,non,0.75091064,True
g1pB_taskb.txt,g4pD_taskd.txt,non,non,0.6388904,False
g1pB_taskb.txt,g4pD_taske.txt,non,heavy,0.67555034,False
g1pB_taskb.txt,g4pE_taska.txt,non,heavy,0.6319705,False
g1pB_taskb.txt,g4pE_taskb.txt,non,light,0.8354629,True
g1pB_taskb.txt,g4pE_taskc.txt,non,cut,0.6509292,False
g1pB_taskb.txt,g4pE_taskd.txt,non,non,0.7507858,True
g1pB_taskb.txt,g4pE_taske.txt,non,non,0.6917071,False
g1pB_taskb.txt,orig_taska.txt,non,orig,0.6861533,False
g1pB_taskb.txt,orig_taskb.txt,non,orig,0.89792746,True
g1pB_taskb.txt,orig_taskc.txt,non,orig,0.75183463,True
g1pB_taskb.txt,orig_taskd.txt,non,orig,0.6155193,False
g1pB_taskb.txt,orig_taske.txt,non,orig,0.6804552,False
g1pB_taskc.txt,g1pB_taskd.txt,heavy,light,0.7516162,True
g1pB_taskc.txt,g1pB_taske.txt,heavy,cut,0.79949117,True
g1pB_taskc.txt,g1pD_taska.txt,heavy,light,0.77826285,True
g1pB_taskc.txt,g1pD_taskb.txt,heavy,cut,0.85093063,True
g1pB_taskc.txt,g1pD_taskc.txt,heavy,non,0.8914135,True
g1pB_taskc.txt,g1pD_taskd.txt,heavy,non,0.7110117,True
g1pB_taskc.txt,g1pD_taske.txt,heavy,heavy,0.726098,True
g1pB_taskc.txt,g2pA_taska.txt,heavy,non,0.74901795,True
g1pB_taskc.txt,g2pA_taskb.txt,heavy,heavy,0.8099692,True
g1pB_taskc.txt,g2pA_taskc.txt,heavy,light,0.9583188,True
g1pB_taskc.txt,g2pA_taskd.txt,heavy,cut,0.670599,False
g1pB_taskc.txt,g2pA_taske.txt,heavy,non,0.75674945,True
g1pB_taskc.txt,g2pB_taska.txt,heavy,non,0.7482861,True
g1pB_taskc.txt,g2pB_taskb.txt,heavy,non,0.8056499,True
g1pB_taskc.txt,g2pB_taskc.txt,heavy,heavy,0.94210964,True
g1pB_taskc.txt,g2pB_taskd.txt,heavy,light,0.75571185,True
g1pB_taskc.txt,g2pB_taske.txt,heavy,cut,0.7767403,True
g1pB_taskc.txt,g2pC_taska.txt,heavy,cut,0.7619162,True
g1pB_taskc.txt,g2pC_taskb.txt,heavy,non,0.8181168,True
g1pB_taskc.txt,g2pC_taskc.txt,heavy,non,0.90858257,True
g1pB_taskc.txt,g2pC_taskd.txt,heavy,heavy,0.6722054,False
g1pB_taskc.txt,g2pC_taske.txt,heavy,light,0.7367535,True
g1pB_taskc.txt,g2pE_taska.txt,heavy,heavy,0.7951853,True
g1pB_taskc.txt,g2pE_taskb.txt,heavy,light,0.77048624,True
g1pB_taskc.txt,g2pE_taskc.txt,heavy,cut,0.7791759,True
g1pB_taskc.txt,g2pE_taskd.txt,heavy,non,0.77332896,True
g1pB_taskc.txt,g2pE_taske.txt,heavy,non,0.7419029,True
g1pB_taskc.txt,g3pA_taska.txt,heavy,non,0.7732616,True
g1pB_taskc.txt,g3pA_taskb.txt,heavy,heavy,0.82599616,True
g1pB_taskc.txt,g3pA_taskc.txt,heavy,light,0.9629811,True
g1pB_taskc.txt,g3pA_taskd.txt,heavy,cut,0.74903846,True
g1pB_taskc.txt,g3pA_taske.txt,heavy,non,0.7911358,True
g1pB_taskc.txt,g3pB_taska.txt,heavy,non,0.7535118,True
g1pB_taskc.txt,g3pB_taskb.txt,heavy,non,0.8246331,True
g1pB_taskc.txt,g3pB_taskc.txt,heavy,heavy,0.94241583,True
g1pB_taskc.txt,g3pB_taskd.txt,heavy,light,0.7659585,True
g1pB_taskc.txt,g3pB_taske.txt,heavy,cut,0.78711224,True
g1pB_taskc.txt,g3pC_taska.txt,heavy,cut,0.680105,False
g1pB_taskc.txt,g3pC_taskb.txt,heavy,non,0.83884895,True
g1pB_taskc.txt,g3pC_taskc.txt,heavy,non,0.84489703,True
g1pB_taskc.txt,g3pC_taskd.txt,heavy,heavy,0.67172575,False
g1pB_taskc.txt,g3pC_taske.txt,heavy,light,0.7753695,True
g1pB_taskc.txt,g4pB_taska.txt,heavy,non,0.74447054,True
g1pB_taskc.txt,g4pB_taskb.txt,heavy,non,0.81218016,True
g1pB_taskc.txt,g4pB_taskc.txt,heavy,heavy,0.9404274,True
g1pB_taskc.txt,g4pB_taskd.txt,heavy,light,0.70358753,True
g1pB_taskc.txt,g4pB_taske.txt,heavy,cut,0.76163423,True
g1pB_taskc.txt,g4pC_taska.txt,heavy,cut,0.77998364,True
g1pB_taskc.txt,g4pC_taskb.txt,heavy,non,0.7871817,True
g1pB_taskc.txt,g4pC_taskc.txt,heavy,non,0.8564368,True
g1pB_taskc.txt,g4pC_taskd.txt,heavy,heavy,0.7407227,True
g1pB_taskc.txt,g4pC_taske.txt,heavy,light,0.8043838,True
g1pB_taskc.txt,g4pD_taska.txt,heavy,light,0.7660332,True
g1pB_taskc.txt,g4pD_taskb.txt,heavy,cut,0.848876,True
g1pB_taskc.txt,g4pD_taskc.txt,heavy,non,0.87906647,True
g1pB_taskc.txt,g4pD_taskd.txt,heavy,non,0.7726122,True
g1pB_taskc.txt,g4pD_taske.txt,heavy,heavy,0.7977733,True
g1pB_taskc.txt,g4pE_taska.txt,heavy,heavy,0.7055584,True
g1pB_taskc.txt,g4pE_taskb.txt,heavy,light,0.8125271,True
g1pB_taskc.txt,g4pE_taskc.txt,heavy,cut,0.8756428,True
g1pB_taskc.txt,g4pE_taskd.txt,heavy,non,0.8346636,True
g1pB_taskc.txt,g4pE_taske.txt,heavy,non,0.7900318,True
g1pB_taskc.txt,orig_taska.txt,heavy,orig,0.7829669,True
g1pB_taskc.txt,orig_taskb.txt,heavy,orig,0.8271921,True
g1pB_taskc.txt,orig_taskc.txt,heavy,orig,0.95987517,True
g1pB_taskc.txt,orig_taskd.txt,heavy,orig,0.7485394,True
g1pB_taskc.txt,orig_taske.txt,heavy,orig,0.7976512,True
g1pB_taskd.txt,g1pB_taske.txt,light,cut,0.72710454,True
g1pB_taskd.txt,g1pD_taska.txt,light,light,0.7157297,True
g1pB_taskd.txt,g1pD_taskb.txt,light,cut,0.81537384,True
g1pB_taskd.txt,g1pD_taskc.txt,light,non,0.6918236,False
g1pB_taskd.txt,g1pD_taskd.txt,light,non,0.87649137,True
g1pB_taskd.txt,g1pD_taske.txt,light,heavy,0.666564,False
g1pB_taskd.txt,g2pA_taska.txt,light,non,0.6927829,False
g1pB_taskd.txt,g2pA_taskb.txt,light,heavy,0.67082787,False
g1pB_taskd.txt,g2pA_taskc.txt,light,light,0.7729651,True
g1pB_taskd.txt,g2pA_taskd.txt,light,cut,0.83854234,True
g1pB_taskd.txt,g2pA_taske.txt,light,non,0.65226984,False
g1pB_taskd.txt,g2pB_taska.txt,light,non,0.7393422,True
g1pB_taskd.txt,g2pB_taskb.txt,light,non,0.68993956,False
g1pB_taskd.txt,g2pB_taskc.txt,light,heavy,0.75240934,True
g1pB_taskd.txt,g2pB_taskd.txt,light,light,0.9424491,True
g1pB_taskd.txt,g2pB_taske.txt,light,cut,0.7058935,True
g1pB_taskd.txt,g2pC_taska.txt,light,cut,0.71139944,True
g1pB_taskd.txt,g2pC_taskb.txt,light,non,0.6894301,False
g1pB_taskd.txt,g2pC_taskc.txt,light,non,0.7075174,True
g1pB_taskd.txt,g2pC_taskd.txt,light,heavy,0.898547,True
g1pB_taskd.txt,g2pC_taske.txt,light,light,0.6767539,False
g1pB_taskd.txt,g2pE_taska.txt,light,heavy,0.7477743,True
g1pB_taskd.txt,g2pE_taskb.txt,light,light,0.6822179,False
g1pB_taskd.txt,g2pE_taskc.txt,light,cut,0.55266225,False
g1pB_taskd.txt,g2pE_taskd.txt,light,non,0.9064579,True
g1pB_taskd.txt,g2pE_taske.txt,light,non,0.6874871,False
g1pB_taskd.txt,g3pA_taska.txt,light,non,0.70588243,True
g1pB_taskd.txt,g3pA_taskb.txt,light,heavy,0.7075482,True
g1pB_taskd.txt,g3pA_taskc.txt,light,light,0.7724675,True
g1pB_taskd.txt,g3pA_taskd.txt,light,cut,0.9402947,True
g1pB_taskd.txt,g3pA_taske.txt,light,non,0.7329278,True
g1pB_taskd.txt,g3pB_taska.txt,light,non,0.6998143,False
g1pB_taskd.txt,g3pB_taskb.txt,light,non,0.6563852,False
g1pB_taskd.txt,g3pB_taskc.txt,light,heavy,0.795601,True
g1pB_taskd.txt,g3pB_taskd.txt,light,light,0.8771462,True
g1pB_taskd.txt,g3pB_taske.txt,light,cut,0.7078798,True
g1pB_taskd.txt,g3pC_taska.txt,light,cut,0.68118143,False
g1pB_taskd.txt,g3pC_taskb.txt,light,non,0.6954541,False
g1pB_taskd.txt,g3pC_taskc.txt,light,non,0.7270081,True
g1pB_taskd.txt,g3pC_taskd.txt,light,heavy,0.8986568,True
g1pB_taskd.txt,g3pC_taske.txt,light,light,0.7179469,True
g1pB_taskd.txt,g4pB_taska.txt,light,non,0.7019847,True
g1pB_taskd.txt,g4pB_taskb.txt,light,non,0.6799699,False
g1pB_taskd.txt,g4pB_taskc.txt,light,heavy,0.76483357,True
g1pB_taskd.txt,g4pB_taskd.txt,light,light,0.9260113,True
g1pB_taskd.txt,g4pB_taske.txt,light,cut,0.68453723,False
g1pB_taskd.txt,g4pC_taska.txt,light,cut,0.7284696,True
g1pB_taskd.txt,g4pC_taskb.txt,light,non,0.6439564,False
g1pB_taskd.txt,g4pC_taskc.txt,light,non,0.7262656,True
g1pB_taskd.txt,g4pC_taskd.txt,light,heavy,0.9365213,True
g1pB_taskd.txt,g4pC_taske.txt,light,light,0.7164776,True
g1pB_taskd.txt,g4pD_taska.txt,light,light,0.7252066,True
g1pB_taskd.txt,g4pD_taskb.txt,light,cut,0.80975765,True
g1pB_taskd.txt,g4pD_taskc.txt,light,non,0.80924517,True
g1pB_taskd.txt,g4pD_taskd.txt,light,non,0.82862747,True
g1pB_taskd.txt,g4pD_taske.txt,light,heavy,0.74652874,True
g1pB_taskd.txt,g4pE_taska.txt,light,heavy,0.6510839,False
g1pB_taskd.txt,g4pE_taskb.txt,light,light,0.6641886,False
g1pB_taskd.txt,g4pE_taskc.txt,light,cut,0.66411114,False
g1pB_taskd.txt,g4pE_taskd.txt,light,non,0.798152,True
g1pB_taskd.txt,g4pE_taske.txt,light,non,0.65274394,False
g1pB_taskd.txt,orig_taska.txt,light,orig,0.73715216,True
g1pB_taskd.txt,orig_taskb.txt,light,orig,0.6784613,False
g1pB_taskd.txt,orig_taskc.txt,light,orig,0.7718846,True
g1pB_taskd.txt,orig_taskd.txt,light,orig,0.93888515,True
g1pB_taskd.txt,orig_taske.txt,light,orig,0.7336232,True
g1pB_taske.txt,g1pD_taska.txt,cut,light,0.81245387,True
g1pB_taske.txt,g1pD_taskb.txt,cut,cut,0.7693523,True
g1pB_taske.txt,g1pD_taskc.txt,cut,non,0.73356724,True
g1pB_taske.txt,g1pD_taskd.txt,cut,non,0.67513925,False
g1pB_taske.txt,g1pD_taske.txt,cut,heavy,0.90703505,True
g1pB_taske.txt,g2pA_taska.txt,cut,non,0.8021559,True
g1pB_taske.txt,g2pA_taskb.txt,cut,heavy,0.6960712,False
g1pB_taske.txt,g2pA_taskc.txt,cut,light,0.812757,True
g1pB_taske.txt,g2pA_taskd.txt,cut,cut,0.6775716,False
g1pB_taske.txt,g2pA_taske.txt,cut,non,0.8476223,True
g1pB_taske.txt,g2pB_taska.txt,cut,non,0.8080226,True
g1pB_taske.txt,g2pB_taskb.txt,cut,non,0.7413391,True
g1pB_taske.txt,g2pB_taskc.txt,cut,heavy,0.8414136,True
g1pB_taske.txt,g2pB_taskd.txt,cut,light,0.6968788,False
g1pB_taske.txt,g2pB_taske.txt,cut,cut,0.91748935,True
g1pB_taske.txt,g2pC_taska.txt,cut,cut,0.7912934,True
g1pB_taske.txt,g2pC_taskb.txt,cut,non,0.7252462,True
g1pB_taske.txt,g2pC_taskc.txt,cut,non,0.7388258,True
g1pB_taske.txt,g2pC_taskd.txt,cut,heavy,0.63230515,False
g1pB_taske.txt,g2pC_taske.txt,cut,light,0.91009045,True
g1pB_taske.txt,g2pE_taska.txt,cut,heavy,0.8418339,True
g1pB_taske.txt,g2pE_taskb.txt,cut,light,0.7022673,True
g1pB_taske.txt,g2pE_taskc.txt,cut,cut,0.682495,False
g1pB_taske.txt,g2pE_taskd.txt,cut,non,0.77724814,True
g1pB_taske.txt,g2pE_taske.txt,cut,non,0.85932595,True
g1pB_taske.txt,g3pA_taska.txt,cut,non,0.7824576,True
g1pB_taske.txt,g3pA_taskb.txt,cut,heavy,0.7284192,True
g1pB_taske.txt,g3pA_taskc.txt,cut,light,0.8191599,True
g1pB_taske.txt,g3pA_taskd.txt,cut,cut,0.695849,False
g1pB_taske.txt,g3pA_taske.txt,cut,non,0.8806277,True
g1pB_taske.txt,g3pB_taska.txt,cut,non,0.78049505,True
g1pB_taske.txt,g3pB_taskb.txt,cut,non,0.7474082,True
g1pB_taske.txt,g3pB_taskc.txt,cut,heavy,0.843053,True
g1pB_taske.txt,g3pB_taskd.txt,cut,light,0.74667645,True
g1pB_taske.txt,g3pB_taske.txt,cut,cut,0.9200615,True
g1pB_taske.txt,g3pC_taska.txt,cut,cut,0.7188104,True
g1pB_taske.txt,g3pC_taskb.txt,cut,non,0.77481616,True
g1pB_taske.txt,g3pC_taskc.txt,cut,non,0.7202425,True
g1pB_taske.txt,g3pC_taskd.txt,cut,heavy,0.6297156,False
g1pB_taske.txt,g3pC_taske.txt,cut,light,0.896289,True
g1pB_taske.txt,g4pB_taska.txt,cut,non,0.72462636,True
g1pB_taske.txt,g4pB_taskb.txt,cut,non,0.75196505,True
g1pB_taske.txt,g4pB_taskc.txt,cut,heavy,0.8130355,True
g1pB_taske.txt,g4pB_taskd.txt,cut,light,0.65683377,False
g1pB_taske.txt,g4pB_taske.txt,cut,cut,0.90258884,True
g1pB_taske.txt,g4pC_taska.txt,cut,cut,0.8148882,True
g1pB_taske.txt,g4pC_taskb.txt,cut,non,0.69868505,False
g1pB_taske.txt,g4pC_taskc.txt,cut,non,0.7661473,True
g1pB_taske.txt,g4pC_taskd.txt,cut,heavy,0.689441,False
g1pB_taske.txt,g4pC_taske.txt,cut,light,0.9270549,True
g1pB_taske.txt,g4pD_taska.txt,cut,light,0.806166,True
g1pB_taske.txt,g4pD_taskb.txt,cut,cut,0.75479364,True
g1pB_taske.txt,g4pD_taskc.txt,cut,non,0.8336646,True
g1pB_taske.txt,g4pD_taskd.txt,cut,non,0.7649579,True
g1pB_taske.txt,g4pD_taske.txt,cut,heavy,0.89225084,True
g1pB_taske.txt,g4pE_taska.txt,cut,heavy,0.77837497,True
g1pB_taske.txt,g4pE_taskb.txt,cut,light,0.6941641,False
g1pB_taske.txt,g4pE_taskc.txt,cut,cut,0.7296499,True
g1pB_taske.txt,g4pE_taskd.txt,cut,non,0.812768,True
g1pB_taske.txt,g4pE_taske.txt,cut,non,0.8989493,True
g1pB_taske.txt,orig_taska.txt,cut,orig,0.816105,True
g1pB_taske.txt,orig_taskb.txt,cut,orig,0.70431024,True
g1pB_taske.txt,orig_taskc.txt,cut,orig,0.81907225,True
g1pB_taske.txt,orig_taskd.txt,cut,orig,0.6960015,False
g1pB_taske.txt,orig_taske.txt,cut,orig,0.9270209,True
g1pD_taska.txt,g1pD_taskb.txt,light,cut,0.7761228,True
g1pD_taska.txt,g1pD_taskc.txt,light,non,0.7479001,True
g1pD_taska.txt,g1pD_taskd.txt,light,non,0.6245609,False
g1pD_taska.txt,g1pD_taske.txt,light,heavy,0.7689034,True
g1pD_taska.txt,g2pA_taska.txt,light,non,0.8236211,True
g1pD_taska.txt,g2pA_taskb.txt,light,heavy,0.69596994,False
g1pD_taska.txt,g2pA_taskc.txt,light,light,0.80202377,True
g1pD_taska.txt,g2pA_taskd.txt,light,cut,0.65158266,False
g1pD_taska.txt,g2pA_taske.txt,light,non,0.7717004,True
g1pD_taska.txt,g2pB_taska.txt,light,non,0.85453224,True
g1pD_taska.txt,g2pB_taskb.txt,light,non,0.7268058,True
g1pD_taska.txt,g2pB_taskc.txt,light,heavy,0.82991576,True
g1pD_taska.txt,g2pB_taskd.txt,light,light,0.7198043,True
g1pD_taska.txt,g2pB_taske.txt,light,cut,0.77975607,True
g1pD_taska.txt,g2pC_taska.txt,light,cut,0.9576334,True
g1pD_taska.txt,g2pC_taskb.txt,light,non,0.7285377,True
g1pD_taska.txt,g2pC_taskc.txt,light,non,0.71361315,True
g1pD_taska.txt,g2pC_taskd.txt,light,heavy,0.6296113,False
g1pD_taska.txt,g2pC_taske.txt,light,light,0.79784626,True
g1pD_taska.txt,g2pE_taska.txt,light,heavy,0.9517074,True
g1pD_taska.txt,g2pE_taskb.txt,light,light,0.7318735,True
g1pD_taska.txt,g2pE_taskc.txt,light,cut,0.69630826,False
g1pD_taska.txt,g2pE_taskd.txt,light,non,0.77057165,True
g1pD_taska.txt,g2pE_taske.txt,light,non,0.78229904,True
g1pD_taska.txt,g3pA_taska.txt,light,non,0.887834,True
g1pD_taska.txt,g3pA_taskb.txt,light,heavy,0.71398705,True
g1pD_taska.txt,g3pA_taskc.txt,light,light,0.8065386,True
g1pD_taska.txt,g3pA_taskd.txt,light,cut,0.7109303,True
g1pD_taska.txt,g3pA_taske.txt,light,non,0.81803703,True
g1pD_taska.txt,g3pB_taska.txt,light,non,0.8792833,True
g1pD_taska.txt,g3pB_taskb.txt,light,non,0.7325208,True
g1pD_taska.txt,g3pB_taskc.txt,light,heavy,0.811814,True
g1pD_taska.txt,g3pB_taskd.txt,light,light,0.7480275,True
g1pD_taska.txt,g3pB_taske.txt,light,cut,0.78940856,True
g1pD_taska.txt,g3pC_taska.txt,light,cut,0.8625909,True
g1pD_taska.txt,g3pC_taskb.txt,light,non,0.79986864,True
g1pD_taska.txt,g3pC_taskc.txt,light,non,0.69033694,False
g1pD_taska.txt,g3pC_taskd.txt,light,heavy,0.6259874,False
g1pD_taska.txt,g3pC_taske.txt,light,light,0.77703226,True
g1pD_taska.txt,g4pB_taska.txt,light,non,0.83261204,True
g1pD_taska.txt,g4pB_taskb.txt,light,non,0.75686896,True
g1pD_taska.txt,g4pB_taskc.txt,light,heavy,0.7875693,True
g1pD_taska.txt,g4pB_taskd.txt,light,light,0.67203933,False
g1pD_taska.txt,g4pB_taske.txt,light,cut,0.77262074,True
g1pD_taska.txt,g4pC_taska.txt,light,cut,0.958883,True
g1pD_taska.txt,g4pC_taskb.txt,light,non,0.66723907,False
g1pD_taska.txt,g4pC_taskc.txt,light,non,0.7777846,True
g1pD_taska.txt,g4pC_taskd.txt,light,heavy,0.7093875,True
g1pD_taska.txt,g4pC_taske.txt,light,light,0.79087675,True
g1pD_taska.txt,g4pD_taska.txt,light,light,0.9464826,True
g1pD_taska.txt,g4pD_taskb.txt,light,cut,0.7617838,True
g1pD_taska.txt,g4pD_taskc.txt,light,non,0.8051026,True
g1pD_taska.txt,g4pD_taskd.txt,light,non,0.7848884,True
g1pD_taska.txt,g4pD_taske.txt,light,heavy,0.79640037,True
g1pD_taska.txt,g4pE_taska.txt,light,heavy,0.8635054,True
g1pD_taska.txt,g4pE_taskb.txt,light,light,0.7168045,True
g1pD_taska.txt,g4pE_taskc.txt,light,cut,0.73369306,True
g1pD_taska.txt,g4pE_taskd.txt,light,non,0.7927733,True
g1pD_taska.txt,g4pE_taske.txt,light,non,0.8035543,True
g1pD_taska.txt,orig_taska.txt,light,orig,0.9604146,True
g1pD_taska.txt,orig_taskb.txt,light,orig,0.71057034,True
g1pD_taska.txt,orig_taskc.txt,light,orig,0.8113512,True
g1pD_taska.txt,orig_taskd.txt,light,orig,0.7144668,True
g1pD_taska.txt,orig_taske.txt,light,orig,0.7907944,True
g1pD_taskb.txt,g1pD_taskc.txt,cut,non,0.80517054,True
g1pD_taskb.txt,g1pD_taskd.txt,cut,non,0.7928258,True
g1pD_taskb.txt,g1pD_taske.txt,cut,heavy,0.70951676,True
g1pD_taskb.txt,g2pA_taska.txt,cut,non,0.74206233,True
g1pD_taskb.txt,g2pA_taskb.txt,cut,heavy,0.90350056,True
g1pD_taskb.txt,g2pA_taskc.txt,cut,light,0.8468915,True
g1pD_taskb.txt,g2pA_taskd.txt,cut,cut,0.73361194,True
g1pD_taskb.txt,g2pA_taske.txt,cut,non,0.74660134,True
g1pD_taskb.txt,g2pB_taska.txt,cut,non,0.74740195,True
g1pD_taskb.txt,g2pB_taskb.txt,cut,non,0.8933238,True
g1pD_taskb.txt,g2pB_taskc.txt,cut,heavy,0.8516735,True
g1pD_taskb.txt,g2pB_taskd.txt,cut,light,0.8226074,True
g1pD_taskb.txt,g2pB_taske.txt,cut,cut,0.7566676,True
g1pD_taskb.txt,g2pC_taska.txt,cut,cut,0.75529695,True
g1pD_taskb.txt,g2pC_taskb.txt,cut,non,0.8896518,True
g1pD_taskb.txt,g2pC_taskc.txt,cut,non,0.8048829,True
g1pD_taskb.txt,g2pC_taskd.txt,cut,heavy,0.7610079,True
g1pD_taskb.txt,g2pC_taske.txt,cut,light,0.73050076,True
g1pD_taskb.txt,g2pE_taska.txt,cut,heavy,0.77859306,True
g1pD_taskb.txt,g2pE_taskb.txt,cut,light,0.85128593,True
g1pD_taskb.txt,g2pE_taskc.txt,cut,cut,0.6970758,False
g1pD_taskb.txt,g2pE_taskd.txt,cut,non,0.83540297,True
g1pD_taskb.txt,g2pE_taske.txt,cut,non,0.74160695,True
g1pD_taskb.txt,g3pA_taska.txt,cut,non,0.7447997,True
g1pD_taskb.txt,g3pA_taskb.txt,cut,heavy,0.9106605,True
g1pD_taskb.txt,g3pA_taskc.txt,cut,light,0.8655509,True
g1pD_taskb.txt,g3pA_taskd.txt,cut,cut,0.8141408,True
g1pD_taskb.txt,g3pA_taske.txt,cut,non,0.78416634,True
g1pD_taskb.txt,g3pB_taska.txt,cut,non,0.7289516,True
g1pD_taskb.txt,g3pB_taskb.txt,cut,non,0.8774109,True
g1pD_taskb.txt,g3pB_taskc.txt,cut,heavy,0.8625889,True
g1pD_taskb.txt,g3pB_taskd.txt,cut,light,0.80563515,True
g1pD_taskb.txt,g3pB_taske.txt,cut,cut,0.74434346,True
g1pD_taskb.txt,g3pC_taska.txt,cut,cut,0.6755961,False
g1pD_taskb.txt,g3pC_taskb.txt,cut,non,0.88715565,True
g1pD_taskb.txt,g3pC_taskc.txt,cut,non,0.84691143,True
g1pD_taskb.txt,g3pC_taskd.txt,cut,heavy,0.73964196,True
g1pD_taskb.txt,g3pC_taske.txt,cut,light,0.74727845,True
g1pD_taskb.txt,g4pB_taska.txt,cut,non,0.7271726,True
g1pD_taskb.txt,g4pB_taskb.txt,cut,non,0.86364126,True
g1pD_taskb.txt,g4pB_taskc.txt,cut,heavy,0.85177076,True
g1pD_taskb.txt,g4pB_taskd.txt,cut,light,0.78343225,True
g1pD_taskb.txt,g4pB_taske.txt,cut,cut,0.761604,True
g1pD_taskb.txt,g4pC_taska.txt,cut,cut,0.76931113,True
g1pD_taskb.txt,g4pC_taskb.txt,cut,non,0.8638086,True
g1pD_taskb.txt,g4pC_taskc.txt,cut,non,0.8217467,True
g1pD_taskb.txt,g4pC_taskd.txt,cut,heavy,0.8059189,True
g1pD_taskb.txt,g4pC_taske.txt,cut,light,0.78159785,True
g1pD_taskb.txt,g4pD_taska.txt,cut,light,0.7656027,True
g1pD_taskb.txt,g4pD_taskb.txt,cut,cut,0.9516681,True
g1pD_taskb.txt,g4pD_taskc.txt,cut,non,0.8516069,True
g1pD_taskb.txt,g4pD_taskd.txt,cut,non,0.78765464,True
g1pD_taskb.txt,g4pD_taske.txt,cut,heavy,0.7960686,True
g1pD_taskb.txt,g4pE_taska.txt,cut,heavy,0.6949531,False
g1pD_taskb.txt,g4pE_taskb.txt,cut,light,0.86232233,True
g1pD_taskb.txt,g4pE_taskc.txt,cut,cut,0.7666198,True
g1pD_taskb.txt,g4pE_taskd.txt,cut,non,0.84347355,True
g1pD_taskb.txt,g4pE_taske.txt,cut,non,0.75149864,True
g1pD_taskb.txt,orig_taska.txt,cut,orig,0.7721052,True
g1pD_taskb.txt,orig_taskb.txt,cut,orig,0.8958416,True
g1pD_taskb.txt,orig_taskc.txt,cut,orig,0.85248476,True
g1pD_taskb.txt,orig_taskd.txt,cut,orig,0.8153665,True
g1pD_taskb.txt,orig_taske.txt,cut,orig,0.80009234,True
g1pD_taskc.txt,g1pD_taskd.txt,non,non,0.6460291,False
g1pD_taskc.txt,g1pD_taske.txt,non,heavy,0.72719336,True
g1pD_taskc.txt,g2pA_taska.txt,non,non,0.7105071,True
g1pD_taskc.txt,g2pA_taskb.txt,non,heavy,0.7151251,True
g1pD_taskc.txt,g2pA_taskc.txt,non,light,0.88782,True
g1pD_taskc.txt,g2pA_taskd.txt,non,cut,0.5942172,False
g1pD_taskc.txt,g2pA_taske.txt,non,non,0.7488791,True
g1pD_taskc.txt,g2pB_taska.txt,non,non,0.69473004,False
g1pD_taskc.txt,g2pB_taskb.txt,non,non,0.74946606,True
g1pD_taskc.txt,g2pB_taskc.txt,non,heavy,0.8925266,True
g1pD_taskc.txt,g2pB_taskd.txt,non,light,0.7011818,True
g1pD_taskc.txt,g2pB_taske.txt,non,cut,0.7517481,True
g1pD_taskc.txt,g2pC_taska.txt,non,cut,0.70860445,True
g1pD_taskc.txt,g2pC_taskb.txt,non,non,0.75750685,True
g1pD_taskc.txt,g2pC_taskc.txt,non,non,0.91695535,True
g1pD_taskc.txt,g2pC_taskd.txt,non,heavy,0.62099445,False
g1pD_taskc.txt,g2pC_taske.txt,non,light,0.72671247,True
g1pD_taskc.txt,g2pE_taska.txt,non,heavy,0.75408804,True
g1pD_taskc.txt,g2pE_taskb.txt,non,light,0.7083526,True
g1pD_taskc.txt,g2pE_taskc.txt,non,cut,0.75056374,True
g1pD_taskc.txt,g2pE_taskd.txt,non,non,0.7304361,True
g1pD_taskc.txt,g2pE_taske.txt,non,non,0.7464566,True
g1pD_taskc.txt,g3pA_taska.txt,non,non,0.71990967,True
g1pD_taskc.txt,g3pA_taskb.txt,non,heavy,0.731698,True
g1pD_taskc.txt,g3pA_taskc.txt,non,light,0.91382504,True
g1pD_taskc.txt,g3pA_taskd.txt,non,cut,0.69493437,False
g1pD_taskc.txt,g3pA_taske.txt,non,non,0.77870464,True
g1pD_taskc.txt,g3pB_taska.txt,non,non,0.6993881,False
g1pD_taskc.txt,g3pB_taskb.txt,non,non,0.75115097,True
g1pD_taskc.txt,g3pB_taskc.txt,non,heavy,0.88530207,True
g1pD_taskc.txt,g3pB_taskd.txt,non,light,0.71736854,True
g1pD_taskc.txt,g3pB_taske.txt,non,cut,0.74679255,True
g1pD_taskc.txt,g3pC_taska.txt,non,cut,0.6298893,False
g1pD_taskc.txt,g3pC_taskb.txt,non,non,0.76703346,True
g1pD_taskc.txt,g3pC_taskc.txt,non,non,0.8601565,True
g1pD_taskc.txt,g3pC_taskd.txt,non,heavy,0.63624376,False
g1pD_taskc.txt,g3pC_taske.txt,non,light,0.7115216,True
g1pD_taskc.txt,g4pB_taska.txt,non,non,0.6927825,False
g1pD_taskc.txt,g4pB_taskb.txt,non,non,0.74053085,True
g1pD_taskc.txt,g4pB_taskc.txt,non,heavy,0.91445994,True
g1pD_taskc.txt,g4pB_taskd.txt,non,light,0.6630496,False
g1pD_taskc.txt,g4pB_taske.txt,non,cut,0.75023395,True
g1pD_taskc.txt,g4pC_taska.txt,non,cut,0.7330667,True
g1pD_taskc.txt,g4pC_taskb.txt,non,non,0.75112313,True
g1pD_taskc.txt,g4pC_taskc.txt,non,non,0.8240969,True
g1pD_taskc.txt,g4pC_taskd.txt,non,heavy,0.68945134,False
g1pD_taskc.txt,g4pC_taske.txt,non,light,0.763389,True
g1pD_taskc.txt,g4pD_taska.txt,non,light,0.7237597,True
g1pD_taskc.txt,g4pD_taskb.txt,non,cut,0.7907232,True
g1pD_taskc.txt,g4pD_taskc.txt,non,non,0.7901842,True
g1pD_taskc.txt,g4pD_taskd.txt,non,non,0.72158563,True
g1pD_taskc.txt,g4pD_taske.txt,non,heavy,0.7729825,True
g1pD_taskc.txt,g4pE_taska.txt,non,heavy,0.6339964,False
g1pD_taskc.txt,g4pE_taskb.txt,non,light,0.7233914,True
g1pD_taskc.txt,g4pE_taskc.txt,non,cut,0.88572437,True
g1pD_taskc.txt,g4pE_taskd.txt,non,non,0.760262,True
g1pD_taskc.txt,g4pE_taske.txt,non,non,0.73752475,True
g1pD_taskc.txt,orig_taska.txt,non,orig,0.7359174,True
g1pD_taskc.txt,orig_taskb.txt,non,orig,0.72898006,True
g1pD_taskc.txt,orig_taskc.txt,non,orig,0.8930054,True
g1pD_taskc.txt,orig_taskd.txt,non,orig,0.69522077,False
g1pD_taskc.txt,orig_taske.txt,non,orig,0.7710463,True
g1pD_taskd.txt,g1pD_taske.txt,non,heavy,0.60318017,False
g1pD_taskd.txt,g2pA_taska.txt,non,non,0.64622384,False
g1pD_taskd.txt,g2pA_taskb.txt,non,heavy,0.66970384,False
g1pD_taskd.txt,g2pA_taskc.txt,non,light,0.71562135,True
g1pD_taskd.txt,g2pA_taskd.txt,non,cut,0.7894244,True
g1pD_taskd.txt,g2pA_taske.txt,non,non,0.6087006,False
g1pD_taskd.txt,g2pB_taska.txt,non,non,0.6525813,False
g1pD_taskd.txt,g2pB_taskb.txt,non,non,0.70528895,True
g1pD_taskd.txt,g2pB_taskc.txt,non,heavy,0.7036728,True
g1pD_taskd.txt,g2pB_taskd.txt,non,light,0.8782158,True
g1pD_taskd.txt,g2pB_taske.txt,non,cut,0.6586559,False
g1pD_taskd.txt,g2pC_taska.txt,non,cut,0.6320974,False
g1pD_taskd.txt,g2pC_taskb.txt,non,non,0.6579253,False
g1pD_taskd.txt,g2pC_taskc.txt,non,non,0.66437805,False
g1pD_taskd.txt,g2pC_taskd.txt,non,heavy,0.8475015,True
g1pD_taskd.txt,g2pC_taske.txt,non,light,0.60915875,False
g1pD_taskd.txt,g2pE_taska.txt,non,heavy,0.66857547,False
g1pD_taskd.txt,g2pE_taskb.txt,non,light,0.69091403,False
g1pD_taskd.txt,g2pE_taskc.txt,non,cut,0.55043507,False
g1pD_taskd.txt,g2pE_taskd.txt,non,non,0.8004656,True
g1pD_taskd.txt,g2pE_taske.txt,non,non,0.6402839,False
g1pD_taskd.txt,g3pA_taska.txt,non,non,0.6064708,False
g1pD_taskd.txt,g3pA_taskb.txt,non,heavy,0.69482976,False
g1pD_taskd.txt,g3pA_taskc.txt,non,light,0.7230118,True
g1pD_taskd.txt,g3pA_taskd.txt,non,cut,0.862352,True
g1pD_taskd.txt,g3pA_taske.txt,non,non,0.68160117,False
g1pD_taskd.txt,g3pB_taska.txt,non,non,0.6243268,False
g1pD_taskd.txt,g3pB_taskb.txt,non,non,0.66836345,False
g1pD_taskd.txt,g3pB_taskc.txt,non,heavy,0.73889434,True
g1pD_taskd.txt,g3pB_taskd.txt,non,light,0.8317144,True
g1pD_taskd.txt,g3pB_taske.txt,non,cut,0.6461815,False
g1pD_taskd.txt,g3pC_taska.txt,non,cut,0.6163354,False
g1pD_taskd.txt,g3pC_taskb.txt,non,non,0.6644947,False
g1pD_taskd.txt,g3pC_taskc.txt,non,non,0.72093916,True
g1pD_taskd.txt,g3pC_taskd.txt,non,heavy,0.85424334,True
g1pD_taskd.txt,g3pC_taske.txt,non,light,0.66060174,False
g1pD_taskd.txt,g4pB_taska.txt,non,non,0.6272671,False
g1pD_taskd.txt,g4pB_taskb.txt,non,non,0.6577792,False
g1pD_taskd.txt,g4pB_taskc.txt,non,heavy,0.7274314,True
g1pD_taskd.txt,g4pB_taskd.txt,non,light,0.8657329,True
g1pD_taskd.txt,g4pB_taske.txt,non,cut,0.6657741,False
g1pD_taskd.txt,g4pC_taska.txt,non,cut,0.65639085,False
g1pD_taskd.txt,g4pC_taskb.txt,non,non,0.68484557,False
g1pD_taskd.txt,g4pC_taskc.txt,non,non,0.70940006,True
g1pD_taskd.txt,g4pC_taskd.txt,non,heavy,0.8594905,True
g1pD_taskd.txt,g4pC_taske.txt,non,light,0.6748708,False
g1pD_taskd.txt,g4pD_taska.txt,non,light,0.6414173,False
g1pD_taskd.txt,g4pD_taskb.txt,non,cut,0.78267205,True
g1pD_taskd.txt,g4pD_taskc.txt,non,non,0.75815886,True
g1pD_taskd.txt,g4pD_taskd.txt,non,non,0.76568913,True
g1pD_taskd.txt,g4pD_taske.txt,non,heavy,0.71001595,True
g1pD_taskd.txt,g4pE_taska.txt,non,heavy,0.5804365,False
g1pD_taskd.txt,g4pE_taskb.txt,non,light,0.662773,False
g1pD_taskd.txt,g4pE_taskc.txt,non,cut,0.5929036,False
g1pD_taskd.txt,g4pE_taskd.txt,non,non,0.73511094,True
g1pD_taskd.txt,g4pE_taske.txt,non,non,0.6394828,False
g1pD_taskd.txt,orig_taska.txt,non,orig,0.65810055,False
g1pD_taskd.txt,orig_taskb.txt,non,orig,0.67531073,False
g1pD_taskd.txt,orig_taskc.txt,non,orig,0.7108387,True
g1pD_taskd.txt,orig_taskd.txt,non,orig,0.864011,True
g1pD_taskd.txt,orig_taske.txt,non,orig,0.7150892,True
g1pD_taske.txt,g2pA_taska.txt,heavy,non,0.7387579,True
g1pD_taske.txt,g2pA_taskb.txt,heavy,heavy,0.61987877,False
g1pD_taske.txt,g2pA_taskc.txt,heavy,light,0.7360974,True
g1pD_taske.txt,g2pA_taskd.txt,heavy,cut,0.58164275,False
g1pD_taske.txt,g2pA_taske.txt,heavy,non,0.87445,True
g1pD_taske.txt,g2pB_taska.txt,heavy,non,0.7590584,True
g1pD_taske.txt,g2pB_taskb.txt,heavy,non,0.6903509,False
g1pD_taske.txt,g2pB_taskc.txt,heavy,heavy,0.7832491,True
g1pD_taske.txt,g2pB_taskd.txt,heavy,light,0.62390256,False
g1pD_taske.txt,g2pB_taske.txt,heavy,cut,0.9362705,True
g1pD_taske.txt,g2pC_taska.txt,heavy,cut,0.73148,True
g1pD_taske.txt,g2pC_taskb.txt,heavy,non,0.6754138,False
g1pD_taske.txt,g2pC_taskc.txt,heavy,non,0.7003888,True
g1pD_taske.txt,g2pC_taskd.txt,heavy,heavy,0.5574721,False
g1pD_taske.txt,g2pC_taske.txt,heavy,light,0.93376756,True
g1pD_taske.txt,g2pE_taska.txt,heavy,heavy,0.7753792,True
g1pD_taske.txt,g2pE_taskb.txt,heavy,light,0.62704647,False
g1pD_taske.txt,g2pE_taskc.txt,heavy,cut,0.6496064,False
g1pD_taske.txt,g2pE_taskd.txt,heavy,non,0.7069831,True
g1pD_taske.txt,g2pE_taske.txt,heavy,non,0.91295403,True
g1pD_taske.txt,g3pA_taska.txt,heavy,non,0.71366465,True
g1pD_taske.txt,g3pA_taskb.txt,heavy,heavy,0.65584874,False
g1pD_taske.txt,g3pA_taskc.txt,heavy,light,0.75620914,True
g1pD_taske.txt,g3pA_taskd.txt,heavy,cut,0.6164292,False
g1pD_taske.txt,g3pA_taske.txt,heavy,non,0.85622907,True
g1pD_taske.txt,g3pB_taska.txt,heavy,non,0.6834003,False
g1pD_taske.txt,g3pB_taskb.txt,heavy,non,0.6949138,False
g1pD_taske.txt,g3pB_taskc.txt,heavy,heavy,0.79538774,True
g1pD_taske.txt,g3pB_taskd.txt,heavy,light,0.7141722,True
g1pD_taske.txt,g3pB_taske.txt,heavy,cut,0.9042584,True
g1pD_taske.txt,g3pC_taska.txt,heavy,cut,0.6585543,False
g1pD_taske.txt,g3pC_taskb.txt,heavy,non,0.707693,True
g1pD_taske.txt,g3pC_taskc.txt,heavy,non,0.6920144,False
g1pD_taske.txt,g3pC_taskd.txt,heavy,heavy,0.54974306,False
g1pD_taske.txt,g3pC_taske.txt,heavy,light,0.8242501,True
g1pD_taske.txt,g4pB_taska.txt,heavy,non,0.65381604,False
g1pD_taske.txt,g4pB_taskb.txt,heavy,non,0.68381953,False
g1pD_taske.txt,g4pB_taskc.txt,heavy,heavy,0.7599678,True
g1pD_taske.txt,g4pB_taskd.txt,heavy,light,0.57862675,False
g1pD_taske.txt,g4pB_taske.txt,heavy,cut,0.9122346,True
g1pD_taske.txt,g4pC_taska.txt,heavy,cut,0.7506375,True
g1pD_taske.txt,g4pC_taskb.txt,heavy,non,0.6297498,False
g1pD_taske.txt,g4pC_taskc.txt,heavy,non,0.7072692,True
g1pD_taske.txt,g4pC_taskd.txt,heavy,heavy,0.6146564,False
g1pD_taske.txt,g4pC_taske.txt,heavy,light,0.89756775,True
g1pD_taske.txt,g4pD_taska.txt,heavy,light,0.7363069,True
g1pD_taske.txt,g4pD_taskb.txt,heavy,cut,0.69196695,False
g1pD_taske.txt,g4pD_taskc.txt,heavy,non,0.7660941,True
g1pD_taske.txt,g4pD_taskd.txt,heavy,non,0.7146648,True
g1pD_taske.txt,g4pD_taske.txt,heavy,heavy,0.84262514,True
g1pD_taske.txt,g4pE_taska.txt,heavy,heavy,0.683611,False
g1pD_taske.txt,g4pE_taskb.txt,heavy,light,0.6266469,False
g1pD_taske.txt,g4pE_taskc.txt,heavy,cut,0.6800162,False
g1pD_taske.txt,g4pE_taskd.txt,heavy,non,0.75399727,True
g1pD_taske.txt,g4pE_taske.txt,heavy,non,0.79919076,True
g1pD_taske.txt,orig_taska.txt,heavy,orig,0.7556196,True
g1pD_taske.txt,orig_taskb.txt,heavy,orig,0.6175412,False
g1pD_taske.txt,orig_taskc.txt,heavy,orig,0.74066603,True
g1pD_taske.txt,orig_taskd.txt,heavy,orig,0.614885,False
g1pD_taske.txt,orig_taske.txt,heavy,orig,0.91359794,True
g2pA_taska.txt,g2pA_taskb.txt,non,heavy,0.6689596,False
g2pA_taska.txt,g2pA_taskc.txt,non,light,0.7556546,True
g2pA_taska.txt,g2pA_taskd.txt,non,cut,0.66435516,False
g2pA_taska.txt,g2pA_taske.txt,non,non,0.6935842,False
g2pA_taska.txt,g2pB_taska.txt,non,non,0.85523504,True
g2pA_taska.txt,g2pB_taskb.txt,non,non,0.7180607,True
g2pA_taska.txt,g2pB_taskc.txt,non,heavy,0.78376985,True
g2pA_taska.txt,g2pB_taskd.txt,non,light,0.66833144,False
g2pA_taska.txt,g2pB_taske.txt,non,cut,0.7633755,True
g2pA_taska.txt,g2pC_taska.txt,non,cut,0.82505393,True
g2pA_taska.txt,g2pC_taskb.txt,non,non,0.6961031,False
g2pA_taska.txt,g2pC_taskc.txt,non,non,0.6878347,False
g2pA_taska.txt,g2pC_taskd.txt,non,heavy,0.61556756,False
g2pA_taska.txt,g2pC_taske.txt,non,light,0.72866666,True
g2pA_taska.txt,g2pE_taska.txt,non,heavy,0.84367603,True
g2pA_taska.txt,g2pE_taskb.txt,non,light,0.68744767,False
g2pA_taska.txt,g2pE_taskc.txt,non,cut,0.65302825,False
g2pA_taska.txt,g2pE_taskd.txt,non,non,0.7242751,True
g2pA_taska.txt,g2pE_taske.txt,non,non,0.74631584,True
g2pA_taska.txt,g3pA_taska.txt,non,non,0.7996458,True
g2pA_taska.txt,g3pA_taskb.txt,non,heavy,0.6922847,False
g2pA_taska.txt,g3pA_taskc.txt,non,light,0.76039743,True
g2pA_taska.txt,g3pA_taskd.txt,non,cut,0.6553736,False
g2pA_taska.txt,g3pA_taske.txt,non,non,0.81035525,True
g2pA_taska.txt,g3pB_taska.txt,non,non,0.8152976,True
g2pA_taska.txt,g3pB_taskb.txt,non,non,0.7060639,True
g2pA_taska.txt,g3pB_taskc.txt,non,heavy,0.7863016,True
g2pA_taska.txt,g3pB_taskd.txt,non,light,0.6883036,False
g2pA_taska.txt,g3pB_taske.txt,non,cut,0.7715046,True
g2pA_taska.txt,g3pC_taska.txt,non,cut,0.7580113,True
g2pA_taska.txt,g3pC_taskb.txt,non,non,0.7347738,True
g2pA_taska.txt,g3pC_taskc.txt,non,non,0.6748792,False
g2pA_taska.txt,g3pC_taskd.txt,non,heavy,0.59983605,False
g2pA_taska.txt,g3pC_taske.txt,non,light,0.7528943,True
g2pA_taska.txt,g4pB_taska.txt,non,non,0.7899661,True
g2pA_taska.txt,g4pB_taskb.txt,non,non,0.7396289,True
g2pA_taska.txt,g4pB_taskc.txt,non,heavy,0.7499869,True
g2pA_taska.txt,g4pB_taskd.txt,non,light,0.62790585,False
g2pA_taska.txt,g4pB_taske.txt,non,cut,0.7560666,True
g2pA_taska.txt,g4pC_taska.txt,non,cut,0.83656025,True
g2pA_taska.txt,g4pC_taskb.txt,non,non,0.6458628,False
g2pA_taska.txt,g4pC_taskc.txt,non,non,0.7243335,True
g2pA_taska.txt,g4pC_taskd.txt,non,heavy,0.6510396,False
g2pA_taska.txt,g4pC_taske.txt,non,light,0.774132,True
g2pA_taska.txt,g4pD_taska.txt,non,light,0.81990814,True
g2pA_taska.txt,g4pD_taskb.txt,non,cut,0.74108315,True
g2pA_taska.txt,g4pD_taskc.txt,non,non,0.7789238,True
g2pA_taska.txt,g4pD_taskd.txt,non,non,0.7038105,True
g2pA_taska.txt,g4pD_taske.txt,non,heavy,0.7704977,True
g2pA_taska.txt,g4pE_taska.txt,non,heavy,0.82024944,True
g2pA_taska.txt,g4pE_taskb.txt,non,light,0.6619245,False
g2pA_taska.txt,g4pE_taskc.txt,non,cut,0.6891012,False
g2pA_taska.txt,g4pE_taskd.txt,non,non,0.7918848,True
g2pA_taska.txt,g4pE_taske.txt,non,non,0.7729911,True
g2pA_taska.txt,orig_taska.txt,non,orig,0.84020066,True
g2pA_taska.txt,orig_taskb.txt,non,orig,0.664128,False
g2pA_taska.txt,orig_taskc.txt,non,orig,0.7618135,True
g2pA_taska.txt,orig_taskd.txt,non,orig,0.6604816,False
g2pA_taska.txt,orig_taske.txt,non,orig,0.7881681,True
g2pA_taskb.txt,g2pA_taskc.txt,heavy,light,0.7801111,True
g2pA_taskb.txt,g2pA_taskd.txt,heavy,cut,0.5920291,False
g2pA_taskb.txt,g2pA_taske.txt,heavy,non,0.6666551,False
g2pA_taskb.txt,g2pB_taska.txt,heavy,non,0.671687,False
g2pA_taskb.txt,g2pB_taskb.txt,heavy,non,0.92577684,True
g2pA_taskb.txt,g2pB_taskc.txt,heavy,heavy,0.7772161,True
g2pA_taskb.txt,g2pB_taskd.txt,heavy,light,0.6702139,False
g2pA_taskb.txt,g2pB_taske.txt,heavy,cut,0.66855735,False
g2pA_taskb.txt,g2pC_taska.txt,heavy,cut,0.67982614,False
g2pA_taskb.txt,g2pC_taskb.txt,heavy,non,0.932235,True
g2pA_taskb.txt,g2pC_taskc.txt,heavy,non,0.7332133,True
g2pA_taskb.txt,g2pC_taskd.txt,heavy,heavy,0.59020793,False
g2pA_taskb.txt,g2pC_taske.txt,heavy,light,0.6415289,False
g2pA_taskb.txt,g2pE_taska.txt,heavy,heavy,0.6952203,False
g2pA_taskb.txt,g2pE_taskb.txt,heavy,light,0.8185462,True
g2pA_taskb.txt,g2pE_taskc.txt,heavy,cut,0.68411434,False
g2pA_taskb.txt,g2pE_taskd.txt,heavy,non,0.7041012,True
g2pA_taskb.txt,g2pE_taske.txt,heavy,non,0.6513991,False
g2pA_taskb.txt,g3pA_taska.txt,heavy,non,0.6648743,False
g2pA_taskb.txt,g3pA_taskb.txt,heavy,heavy,0.95071334,True
g2pA_taskb.txt,g3pA_taskc.txt,heavy,light,0.7982434,True
g2pA_taskb.txt,g3pA_taskd.txt,heavy,cut,0.65705264,False
g2pA_taskb.txt,g3pA_taske.txt,heavy,non,0.70749575,True
g2pA_taskb.txt,g3pB_taska.txt,heavy,non,0.63366055,False
g2pA_taskb.txt,g3pB_taskb.txt,heavy,non,0.9287373,True
g2pA_taskb.txt,g3pB_taskc.txt,heavy,heavy,0.7747797,True
g2pA_taskb.txt,g3pB_taskd.txt,heavy,light,0.6852267,False
g2pA_taskb.txt,g3pB_taske.txt,heavy,cut,0.6717982,False
g2pA_taskb.txt,g3pC_taska.txt,heavy,cut,0.5966401,False
g2pA_taskb.txt,g3pC_taskb.txt,heavy,non,0.91624343,True
g2pA_taskb.txt,g3pC_taskc.txt,heavy,non,0.7975049,True
g2pA_taskb.txt,g3pC_taskd.txt,heavy,heavy,0.579083,False
g2pA_taskb.txt,g3pC_taske.txt,heavy,light,0.6844192,False
g2pA_taskb.txt,g4pB_taska.txt,heavy,non,0.65044045,False
g2pA_taskb.txt,g4pB_taskb.txt,heavy,non,0.91647273,True
g2pA_taskb.txt,g4pB_taskc.txt,heavy,heavy,0.77259684,True
g2pA_taskb.txt,g4pB_taskd.txt,heavy,light,0.6202882,False
g2pA_taskb.txt,g4pB_taske.txt,heavy,cut,0.6748079,False
g2pA_taskb.txt,g4pC_taska.txt,heavy,cut,0.6883549,False
g2pA_taskb.txt,g4pC_taskb.txt,heavy,non,0.8913191,True
g2pA_taskb.txt,g4pC_taskc.txt,heavy,non,0.74338746,True
g2pA_taskb.txt,g4pC_taskd.txt,heavy,heavy,0.6456406,False
g2pA_taskb.txt,g4pC_taske.txt,heavy,light,0.7021148,True
g2pA_taskb.txt,g4pD_taska.txt,heavy,light,0.68035525,False
g2pA_taskb.txt,g4pD_taskb.txt,heavy,cut,0.88246816,True
g2pA_taskb.txt,g4pD_taskc.txt,heavy,non,0.78622365,True
g2pA_taskb.txt,g4pD_taskd.txt,heavy,non,0.6591135,False
g2pA_taskb.txt,g4pD_taske.txt,heavy,heavy,0.7098616,True
g2pA_taskb.txt,g4pE_taska.txt,heavy,heavy,0.63010234,False
g2pA_taskb.txt,g4pE_taskb.txt,heavy,light,0.902663,True
g2pA_taskb.txt,g4pE_taskc.txt,heavy,cut,0.68678534,False
g2pA_taskb.txt,g4pE_taskd.txt,heavy,non,0.7661706,True
g2pA_taskb.txt,g4pE_taske.txt,heavy,non,0.7148979,True
g2pA_taskb.txt,orig_taska.txt,heavy,orig,0.6903108,False
g2pA_taskb.txt,orig_taskb.txt,heavy,orig,0.95540833,True
g2pA_taskb.txt,orig_taskc.txt,heavy,orig,0.7826848,True
g2pA_taskb.txt,orig_taskd.txt,heavy,orig,0.6597545,False
g2pA_taskb.txt,orig_taske.txt,heavy,orig,0.71437836,True
g2pA_taskc.txt,g2pA_taskd.txt,light,cut,0.68919516,False
g2pA_taskc.txt,g2pA_taske.txt,light,non,0.7685002,True
g2pA_taskc.txt,g2pB_taska.txt,light,non,0.763095,True
g2pA_taskc.txt,g2pB_taskb.txt,light,non,0.7889942,True
g2pA_taskc.txt,g2pB_taskc.txt,light,heavy,0.9624148,True
g2pA_taskc.txt,g2pB_taskd.txt,light,light,0.7802559,True
g2pA_taskc.txt,g2pB_taske.txt,light,cut,0.79222876,True
g2pA_taskc.txt,g2pC_taska.txt,light,cut,0.787727,True
g2pA_taskc.txt,g2pC_taskb.txt,light,non,0.7931868,True
g2pA_taskc.txt,g2pC_taskc.txt,light,non,0.90915453,True
g2pA_taskc.txt,g2pC_taskd.txt,light,heavy,0.69693875,False
g2pA_taskc.txt,g2pC_taske.txt,light,light,0.7607359,True
g2pA_taskc.txt,g2pE_taska.txt,light,heavy,0.8214852,True
g2pA_taskc.txt,g2pE_taskb.txt,light,light,0.7683699,True
g2pA_taskc.txt,g2pE_taskc.txt,light,cut,0.74863243,True
g2pA_taskc.txt,g2pE_taskd.txt,light,non,0.81062126,True
g2pA_taskc.txt,g2pE_taske.txt,light,non,0.76523936,True
g2pA_taskc.txt,g3pA_taska.txt,light,non,0.77960217,True
g2pA_taskc.txt,g3pA_taskb.txt,light,heavy,0.80515647,True
g2pA_taskc.txt,g3pA_taskc.txt,light,light,0.9785273,True
g2pA_taskc.txt,g3pA_taskd.txt,light,cut,0.77577376,True
g2pA_taskc.txt,g3pA_taske.txt,light,non,0.80847716,True
g2pA_taskc.txt,g3pB_taska.txt,light,non,0.7780484,True
g2pA_taskc.txt,g3pB_taskb.txt,light,non,0.7944374,True
g2pA_taskc.txt,g3pB_taskc.txt,light,heavy,0.94905645,True
g2pA_taskc.txt,g3pB_taskd.txt,light,light,0.7820224,True
g2pA_taskc.txt,g3pB_taske.txt,light,cut,0.8035815,True
g2pA_taskc.txt,g3pC_taska.txt,light,cut,0.707823,True
g2pA_taskc.txt,g3pC_taskb.txt,light,non,0.825913,True
g2pA_taskc.txt,g3pC_taskc.txt,light,non,0.8457194,True
g2pA_taskc.txt,g3pC_taskd.txt,light,heavy,0.6910889,False
g2pA_taskc.txt,g3pC_taske.txt,light,light,0.79623044,True
g2pA_taskc.txt,g4pB_taska.txt,light,non,0.75287527,True
g2pA_taskc.txt,g4pB_taskb.txt,light,non,0.7807509,True
g2pA_taskc.txt,g4pB_taskc.txt,light,heavy,0.96295404,True
g2pA_taskc.txt,g4pB_taskd.txt,light,light,0.7379012,True
g2pA_taskc.txt,g4pB_taske.txt,light,cut,0.78628033,True
g2pA_taskc.txt,g4pC_taska.txt,light,cut,0.8058373,True
g2pA_taskc.txt,g4pC_taskb.txt,light,non,0.7796017,True
g2pA_taskc.txt,g4pC_taskc.txt,light,non,0.87031794,True
g2pA_taskc.txt,g4pC_taskd.txt,light,heavy,0.7690778,True
g2pA_taskc.txt,g4pC_taske.txt,light,light,0.81812686,True
g2pA_taskc.txt,g4pD_taska.txt,light,light,0.79693437,True
g2pA_taskc.txt,g4pD_taskb.txt,light,cut,0.8490547,True
g2pA_taskc.txt,g4pD_taskc.txt,light,non,0.90413374,True
g2pA_taskc.txt,g4pD_taskd.txt,light,non,0.799358,True
g2pA_taskc.txt,g4pD_taske.txt,light,heavy,0.8234921,True
g2pA_taskc.txt,g4pE_taska.txt,light,heavy,0.7275096,True
g2pA_taskc.txt,g4pE_taskb.txt,light,light,0.7949488,True
g2pA_taskc.txt,g4pE_taskc.txt,light,cut,0.8972582,True
g2pA_taskc.txt,g4pE_taskd.txt,light,non,0.8397147,True
g2pA_taskc.txt,g4pE_taske.txt,light,non,0.8026825,True
g2pA_taskc.txt,orig_taska.txt,light,orig,0.80911857,True
g2pA_taskc.txt,orig_taskb.txt,light,orig,0.8060544,True
g2pA_taskc.txt,orig_taskc.txt,light,orig,0.9941284,True
g2pA_taskc.txt,orig_taskd.txt,light,orig,0.776909,True
g2pA_taskc.txt,orig_taske.txt,light,orig,0.8215916,True
g2pA_taskd.txt,g2pA_taske.txt,cut,non,0.57782495,False
g2pA_taskd.txt,g2pB_taska.txt,cut,non,0.67646307,False
g2pA_taskd.txt,g2pB_taskb.txt,cut,non,0.6252856,False
g2pA_taskd.txt,g2pB_taskc.txt,cut,heavy,0.6861778,False
g2pA_taskd.txt,g2pB_taskd.txt,cut,light,0.827307,True
g2pA_taskd.txt,g2pB_taske.txt,cut,cut,0.6378784,False
g2pA_taskd.txt,g2pC_taska.txt,cut,cut,0.6438552,False
g2pA_taskd.txt,g2pC_taskb.txt,cut,non,0.6024239,False
g2pA_taskd.txt,g2pC_taskc.txt,cut,non,0.6239072,False
g2pA_taskd.txt,g2pC_taskd.txt,cut,heavy,0.93480206,True
g2pA_taskd.txt,g2pC_taske.txt,cut,light,0.59888613,False
g2pA_taskd.txt,g2pE_taska.txt,cut,heavy,0.69077826,False
g2pA_taskd.txt,g2pE_taskb.txt,cut,light,0.6292374,False
g2pA_taskd.txt,g2pE_taskc.txt,cut,cut,0.5190172,False
g2pA_taskd.txt,g2pE_taskd.txt,cut,non,0.79977524,True
g2pA_taskd.txt,g2pE_taske.txt,cut,non,0.6090497,False
g2pA_taskd.txt,g3pA_taska.txt,cut,non,0.67194736,False
g2pA_taskd.txt,g3pA_taskb.txt,cut,heavy,0.6262307,False
g2pA_taskd.txt,g3pA_taskc.txt,cut,light,0.68563366,False
g2pA_taskd.txt,g3pA_taskd.txt,cut,cut,0.8311994,True
g2pA_taskd.txt,g3pA_taske.txt,cut,non,0.66001165,False
g2pA_taskd.txt,g3pB_taska.txt,cut,non,0.70201945,True
g2pA_taskd.txt,g3pB_taskb.txt,cut,non,0.59639513,False
g2pA_taskd.txt,g3pB_taskc.txt,cut,heavy,0.71588904,True
g2pA_taskd.txt,g3pB_taskd.txt,cut,light,0.7844922,True
g2pA_taskd.txt,g3pB_taske.txt,cut,cut,0.6312149,False
g2pA_taskd.txt,g3pC_taska.txt,cut,cut,0.6494458,False
g2pA_taskd.txt,g3pC_taskb.txt,cut,non,0.63327014,False
g2pA_taskd.txt,g3pC_taskc.txt,cut,non,0.63565123,False
g2pA_taskd.txt,g3pC_taskd.txt,cut,heavy,0.7916246,True
g2pA_taskd.txt,g3pC_taske.txt,cut,light,0.65621823,False
g2pA_taskd.txt,g4pB_taska.txt,cut,non,0.6464611,False
g2pA_taskd.txt,g4pB_taskb.txt,cut,non,0.6184198,False
g2pA_taskd.txt,g4pB_taskc.txt,cut,heavy,0.68591624,False
g2pA_taskd.txt,g4pB_taskd.txt,cut,light,0.8106953,True
g2pA_taskd.txt,g4pB_taske.txt,cut,cut,0.63862073,False
g2pA_taskd.txt,g4pC_taska.txt,cut,cut,0.6732404,False
g2pA_taskd.txt,g4pC_taskb.txt,cut,non,0.57574844,False
g2pA_taskd.txt,g4pC_taskc.txt,cut,non,0.6404953,False
g2pA_taskd.txt,g4pC_taskd.txt,cut,heavy,0.8277834,True
g2pA_taskd.txt,g4pC_taske.txt,cut,light,0.6638937,False
g2pA_taskd.txt,g4pD_taska.txt,cut,light,0.6649024,False
g2pA_taskd.txt,g4pD_taskb.txt,cut,cut,0.71795356,True
g2pA_taskd.txt,g4pD_taskc.txt,cut,non,0.71251917,True
g2pA_taskd.txt,g4pD_taskd.txt,cut,non,0.7418002,True
g2pA_taskd.txt,g4pD_taske.txt,cut,heavy,0.68002486,False
g2pA_taskd.txt,g4pE_taska.txt,cut,heavy,0.67030233,False
g2pA_taskd.txt,g4pE_taskb.txt,cut,light,0.5845933,False
g2pA_taskd.txt,g4pE_taskc.txt,cut,cut,0.597225,False
g2pA_taskd.txt,g4pE_taskd.txt,cut,non,0.74539006,True
g2pA_taskd.txt,g4pE_taske.txt,cut,non,0.61218077,False
g2pA_taskd.txt,orig_taska.txt,cut,orig,0.6785573,False
g2pA_taskd.txt,orig_taskb.txt,cut,orig,0.60381013,False
g2pA_taskd.txt,orig_taskc.txt,cut,orig,0.6940594,False
g2pA_taskd.txt,orig_taskd.txt,cut,orig,0.8296106,True
g2pA_taskd.txt,orig_taske.txt,cut,orig,0.6868417,False
g2pA_taske.txt,g2pB_taska.txt,non,non,0.71855056,True
g2pA_taske.txt,g2pB_taskb.txt,non,non,0.70420814,True
g2pA_taske.txt,g2pB_taskc.txt,non,heavy,0.7988231,True
g2pA_taske.txt,g2pB_taskd.txt,non,light,0.65929174,False
g2pA_taske.txt,g2pB_taske.txt,non,cut,0.9069791,True
g2pA_taske.txt,g2pC_taska.txt,non,cut,0.7216178,True
g2pA_taske.txt,g2pC_taskb.txt,non,non,0.68999517,False
g2pA_taske.txt,g2pC_taskc.txt,non,non,0.73828864,True
g2pA_taske.txt,g2pC_taskd.txt,non,heavy,0.57687694,False
g2pA_taske.txt,g2pC_taske.txt,non,light,0.91139066,True
g2pA_taske.txt,g2pE_taska.txt,non,heavy,0.7398067,True
g2pA_taske.txt,g2pE_taskb.txt,non,light,0.6606025,False
g2pA_taske.txt,g2pE_taskc.txt,non,cut,0.679453,False
g2pA_taske.txt,g2pE_taskd.txt,non,non,0.7006047,True
g2pA_taske.txt,g2pE_taske.txt,non,non,0.9434413,True
g2pA_taske.txt,g3pA_taska.txt,non,non,0.71554935,True
g2pA_taske.txt,g3pA_taskb.txt,non,heavy,0.6932676,False
g2pA_taske.txt,g3pA_taskc.txt,non,light,0.7895818,True
g2pA_taske.txt,g3pA_taskd.txt,non,cut,0.65477633,False
g2pA_taske.txt,g3pA_taske.txt,non,non,0.83706236,True
g2pA_taske.txt,g3pB_taska.txt,non,non,0.70496774,True
g2pA_taske.txt,g3pB_taskb.txt,non,non,0.7541618,True
g2pA_taske.txt,g3pB_taskc.txt,non,heavy,0.8044202,True
g2pA_taske.txt,g3pB_taskd.txt,non,light,0.71334416,True
g2pA_taske.txt,g3pB_taske.txt,non,cut,0.869697,True
g2pA_taske.txt,g3pC_taska.txt,non,cut,0.6158973,False
g2pA_taske.txt,g3pC_taskb.txt,non,non,0.75945294,True
g2pA_taske.txt,g3pC_taskc.txt,non,non,0.7378677,True
g2pA_taske.txt,g3pC_taskd.txt,non,heavy,0.5793201,False
g2pA_taske.txt,g3pC_taske.txt,non,light,0.82634604,True
g2pA_taske.txt,g4pB_taska.txt,non,non,0.66349006,False
g2pA_taske.txt,g4pB_taskb.txt,non,non,0.67571974,False
g2pA_taske.txt,g4pB_taskc.txt,non,heavy,0.8061485,True
g2pA_taske.txt,g4pB_taskd.txt,non,light,0.61409867,False
g2pA_taske.txt,g4pB_taske.txt,non,cut,0.909228,True
g2pA_taske.txt,g4pC_taska.txt,non,cut,0.74068,True
g2pA_taske.txt,g4pC_taskb.txt,non,non,0.72442925,True
g2pA_taske.txt,g4pC_taskc.txt,non,non,0.75341415,True
g2pA_taske.txt,g4pC_taskd.txt,non,heavy,0.6509416,False
g2pA_taske.txt,g4pC_taske.txt,non,light,0.8901201,True
g2pA_taske.txt,g4pD_taska.txt,non,light,0.74441755,True
g2pA_taske.txt,g4pD_taskb.txt,non,cut,0.72681963,True
g2pA_taske.txt,g4pD_taskc.txt,non,non,0.7578482,True
g2pA_taske.txt,g4pD_taskd.txt,non,non,0.7358717,True
g2pA_taske.txt,g4pD_taske.txt,non,heavy,0.86353177,True
g2pA_taske.txt,g4pE_taska.txt,non,heavy,0.6754663,False
g2pA_taske.txt,g4pE_taskb.txt,non,light,0.65996814,False
g2pA_taske.txt,g4pE_taskc.txt,non,cut,0.75068307,True
g2pA_taske.txt,g4pE_taskd.txt,non,non,0.76819336,True
g2pA_taske.txt,g4pE_taske.txt,non,non,0.8291156,True
g2pA_taske.txt,orig_taska.txt,non,orig,0.73624104,True
g2pA_taske.txt,orig_taskb.txt,non,orig,0.6731143,False
g2pA_taske.txt,orig_taskc.txt,non,orig,0.77921003,True
g2pA_taske.txt,orig_taskd.txt,non,orig,0.6553281,False
g2pA_taske.txt,orig_taske.txt,non,orig,0.9001308,True
g2pB_taska.txt,g2pB_taskb.txt,non,non,0.7209145,True
g2pB_taska.txt,g2pB_taskc.txt,non,heavy,0.7959968,True
g2pB_taska.txt,g2pB_taskd.txt,non,light,0.6935626,False
g2pB_taska.txt,g2pB_taske.txt,non,cut,0.7717115,True
g2pB_taska.txt,g2pC_taska.txt,non,cut,0.8639066,True
g2pB_taska.txt,g2pC_taskb.txt,non,non,0.692923,False
g2pB_taska.txt,g2pC_taskc.txt,non,non,0.6703808,False
g2pB_taska.txt,g2pC_taskd.txt,non,heavy,0.6388299,False
g2pB_taska.txt,g2pC_taske.txt,non,light,0.76005745,True
g2pB_taska.txt,g2pE_taska.txt,non,heavy,0.8697206,True
g2pB_taska.txt,g2pE_taskb.txt,non,light,0.7033596,True
g2pB_taska.txt,g2pE_taskc.txt,non,cut,0.6235186,False
g2pB_taska.txt,g2pE_taskd.txt,non,non,0.77618665,True
g2pB_taska.txt,g2pE_taske.txt,non,non,0.76831985,True
g2pB_taska.txt,g3pA_taska.txt,non,non,0.85473967,True
g2pB_taska.txt,g3pA_taskb.txt,non,heavy,0.7156812,True
g2pB_taska.txt,g3pA_taskc.txt,non,light,0.7638058,True
g2pB_taska.txt,g3pA_taskd.txt,non,cut,0.68320084,False
g2pB_taska.txt,g3pA_taske.txt,non,non,0.8114644,True
g2pB_taska.txt,g3pB_taska.txt,non,non,0.83394176,True
g2pB_taska.txt,g3pB_taskb.txt,non,non,0.7110077,True
g2pB_taska.txt,g3pB_taskc.txt,non,heavy,0.80333793,True
g2pB_taska.txt,g3pB_taskd.txt,non,light,0.7180002,True
g2pB_taska.txt,g3pB_taske.txt,non,cut,0.7813996,True
g2pB_taska.txt,g3pC_taska.txt,non,cut,0.78621936,True
g2pB_taska.txt,g3pC_taskb.txt,non,non,0.74608934,True
g2pB_taska.txt,g3pC_taskc.txt,non,non,0.66547847,False
g2pB_taska.txt,g3pC_taskd.txt,non,heavy,0.62380755,False
g2pB_taska.txt,g3pC_taske.txt,non,light,0.7711595,True
g2pB_taska.txt,g4pB_taska.txt,non,non,0.8276557,True
g2pB_taska.txt,g4pB_taskb.txt,non,non,0.74888027,True
g2pB_taska.txt,g4pB_taskc.txt,non,heavy,0.7615555,True
g2pB_taska.txt,g4pB_taskd.txt,non,light,0.6578187,False
g2pB_taska.txt,g4pB_taske.txt,non,cut,0.7599224,True
g2pB_taska.txt,g4pC_taska.txt,non,cut,0.8428767,True
g2pB_taska.txt,g4pC_taskb.txt,non,non,0.6367953,False
g2pB_taska.txt,g4pC_taskc.txt,non,non,0.74132466,True
g2pB_taska.txt,g4pC_taskd.txt,non,heavy,0.68328696,False
g2pB_taska.txt,g4pC_taske.txt,non,light,0.7774428,True
g2pB_taska.txt,g4pD_taska.txt,non,light,0.8343421,True
g2pB_taska.txt,g4pD_taskb.txt,non,cut,0.7558336,True
g2pB_taska.txt,g4pD_taskc.txt,non,non,0.8019906,True
g2pB_taska.txt,g4pD_taskd.txt,non,non,0.7241623,True
g2pB_taska.txt,g4pD_taske.txt,non,heavy,0.77816665,True
g2pB_taska.txt,g4pE_taska.txt,non,heavy,0.8352519,True
g2pB_taska.txt,g4pE_taskb.txt,non,light,0.6886791,False
g2pB_taska.txt,g4pE_taskc.txt,non,cut,0.68118656,False
g2pB_taska.txt,g4pE_taskd.txt,non,non,0.77686656,True
g2pB_taska.txt,g4pE_taske.txt,non,non,0.7680635,True
g2pB_taska.txt,orig_taska.txt,non,orig,0.8503668,True
g2pB_taska.txt,orig_taskb.txt,non,orig,0.68209076,False
g2pB_taska.txt,orig_taskc.txt,non,orig,0.76859885,True
g2pB_taska.txt,orig_taskd.txt,non,orig,0.6878575,False
g2pB_taska.txt,orig_taske.txt,non,orig,0.789485,True
g2pB_taskb.txt,g2pB_taskc.txt,non,heavy,0.80343366,True
g2pB_taskb.txt,g2pB_taskd.txt,non,light,0.6719333,False
g2pB_taskb.txt,g2pB_taske.txt,non,cut,0.7265921,True
g2pB_taskb.txt,g2pC_taska.txt,non,cut,0.7115705,True
g2pB_taskb.txt,g2pC_taskb.txt,non,non,0.9141064,True
g2pB_taskb.txt,g2pC_taskc.txt,non,non,0.7343142,True
g2pB_taskb.txt,g2pC_taskd.txt,non,heavy,0.60222787,False
g2pB_taskb.txt,g2pC_taske.txt,non,light,0.70395744,True
g2pB_taskb.txt,g2pE_taska.txt,non,heavy,0.7339515,True
g2pB_taskb.txt,g2pE_taskb.txt,non,light,0.8381474,True
g2pB_taskb.txt,g2pE_taskc.txt,non,cut,0.68359625,False
g2pB_taskb.txt,g2pE_taskd.txt,non,non,0.73485124,True
g2pB_taskb.txt,g2pE_taske.txt,non,non,0.70438707,True
g2pB_taskb.txt,g3pA_taska.txt,non,non,0.67725694,False
g2pB_taskb.txt,g3pA_taskb.txt,non,heavy,0.91622305,True
g2pB_taskb.txt,g3pA_taskc.txt,non,light,0.8070277,True
g2pB_taskb.txt,g3pA_taskd.txt,non,cut,0.64928937,False
g2pB_taskb.txt,g3pA_taske.txt,non,non,0.7630838,True
g2pB_taskb.txt,g3pB_taska.txt,non,non,0.66243553,False
g2pB_taskb.txt,g3pB_taskb.txt,non,non,0.93537396,True
g2pB_taskb.txt,g3pB_taskc.txt,non,heavy,0.804757,True
g2pB_taskb.txt,g3pB_taskd.txt,non,light,0.71288335,True
g2pB_taskb.txt,g3pB_taske.txt,non,cut,0.725765,True
g2pB_taskb.txt,g3pC_taska.txt,non,cut,0.634176,False
g2pB_taskb.txt,g3pC_taskb.txt,non,non,0.8996132,True
g2pB_taskb.txt,g3pC_taskc.txt,non,non,0.7952827,True
g2pB_taskb.txt,g3pC_taskd.txt,non,heavy,0.58389425,False
g2pB_taskb.txt,g3pC_taske.txt,non,light,0.72953707,True
g2pB_taskb.txt,g4pB_taska.txt,non,non,0.65018976,False
g2pB_taskb.txt,g4pB_taskb.txt,non,non,0.9200182,True
g2pB_taskb.txt,g4pB_taskc.txt,non,heavy,0.79280126,True
g2pB_taskb.txt,g4pB_taskd.txt,non,light,0.62438834,False
g2pB_taskb.txt,g4pB_taske.txt,non,cut,0.7250128,True
g2pB_taskb.txt,g4pC_taska.txt,non,cut,0.7185545,True
g2pB_taskb.txt,g4pC_taskb.txt,non,non,0.8898326,True
g2pB_taskb.txt,g4pC_taskc.txt,non,non,0.76577926,True
g2pB_taskb.txt,g4pC_taskd.txt,non,heavy,0.64091754,False
g2pB_taskb.txt,g4pC_taske.txt,non,light,0.7493448,True
g2pB_taskb.txt,g4pD_taska.txt,non,light,0.70120037,True
g2pB_taskb.txt,g4pD_taskb.txt,non,cut,0.861033,True
g2pB_taskb.txt,g4pD_taskc.txt,non,non,0.79150325,True
g2pB_taskb.txt,g4pD_taskd.txt,non,non,0.6765706,False
g2pB_taskb.txt,g4pD_taske.txt,non,heavy,0.7557362,True
g2pB_taskb.txt,g4pE_taska.txt,non,heavy,0.66760147,False
g2pB_taskb.txt,g4pE_taskb.txt,non,light,0.86121494,True
g2pB_taskb.txt,g4pE_taskc.txt,non,cut,0.6921319,False
g2pB_taskb.txt,g4pE_taskd.txt,non,non,0.80596876,True
g2pB_taskb.txt,g4pE_taske.txt,non,non,0.7718288,True
g2pB_taskb.txt,orig_taska.txt,non,orig,0.7207506,True
g2pB_taskb.txt,orig_taskb.txt,non,orig,0.9086643,True
g2pB_taskb.txt,orig_taskc.txt,non,orig,0.7912643,True
g2pB_taskb.txt,orig_taskd.txt,non,orig,0.6535107,False
g2pB_taskb.txt,orig_taske.txt,non,orig,0.7634919,True
g2pB_taskc.txt,g2pB_taskd.txt,heavy,light,0.7651404,True
g2pB_taskc.txt,g2pB_taske.txt,heavy,cut,0.8191369,True
g2pB_taskc.txt,g2pC_taska.txt,heavy,cut,0.80997944,True
g2pB_taskc.txt,g2pC_taskb.txt,heavy,non,0.80027854,True
g2pB_taskc.txt,g2pC_taskc.txt,heavy,non,0.8928559,True
g2pB_taskc.txt,g2pC_taskd.txt,heavy,heavy,0.6874662,False
g2pB_taskc.txt,g2pC_taske.txt,heavy,light,0.7989972,True
g2pB_taskc.txt,g2pE_taska.txt,heavy,heavy,0.83626485,True
g2pB_taskc.txt,g2pE_taskb.txt,heavy,light,0.7651351,True
g2pB_taskc.txt,g2pE_taskc.txt,heavy,cut,0.7445949,True
g2pB_taskc.txt,g2pE_taskd.txt,heavy,non,0.7963868,True
g2pB_taskc.txt,g2pE_taske.txt,heavy,non,0.7946271,True
g2pB_taskc.txt,g3pA_taska.txt,heavy,non,0.7973219,True
g2pB_taskc.txt,g3pA_taskb.txt,heavy,heavy,0.800866,True
g2pB_taskc.txt,g3pA_taskc.txt,heavy,light,0.9643738,True
g2pB_taskc.txt,g3pA_taskd.txt,heavy,cut,0.7569755,True
g2pB_taskc.txt,g3pA_taske.txt,heavy,non,0.83460414,True
g2pB_taskc.txt,g3pB_taska.txt,heavy,non,0.7875243,True
g2pB_taskc.txt,g3pB_taskb.txt,heavy,non,0.8052811,True
g2pB_taskc.txt,g3pB_taskc.txt,heavy,heavy,0.95789135,True
g2pB_taskc.txt,g3pB_taskd.txt,heavy,light,0.77827626,True
g2pB_taskc.txt,g3pB_taske.txt,heavy,cut,0.8361453,True
g2pB_taskc.txt,g3pC_taska.txt,heavy,cut,0.7171273,True
g2pB_taskc.txt,g3pC_taskb.txt,heavy,non,0.8342867,True
g2pB_taskc.txt,g3pC_taskc.txt,heavy,non,0.8452708,True
g2pB_taskc.txt,g3pC_taskd.txt,heavy,heavy,0.67926645,False
g2pB_taskc.txt,g3pC_taske.txt,heavy,light,0.80765414,True
g2pB_taskc.txt,g4pB_taska.txt,heavy,non,0.76975393,True
g2pB_taskc.txt,g4pB_taskb.txt,heavy,non,0.7960942,True
g2pB_taskc.txt,g4pB_taskc.txt,heavy,heavy,0.94835657,True
g2pB_taskc.txt,g4pB_taskd.txt,heavy,light,0.7150834,True
g2pB_taskc.txt,g4pB_taske.txt,heavy,cut,0.82519233,True
g2pB_taskc.txt,g4pC_taska.txt,heavy,cut,0.8162353,True
g2pB_taskc.txt,g4pC_taskb.txt,heavy,non,0.7770136,True
g2pB_taskc.txt,g4pC_taskc.txt,heavy,non,0.8583432,True
g2pB_taskc.txt,g4pC_taskd.txt,heavy,heavy,0.7506367,True
g2pB_taskc.txt,g4pC_taske.txt,heavy,light,0.8314267,True
g2pB_taskc.txt,g4pD_taska.txt,heavy,light,0.80222714,True
g2pB_taskc.txt,g4pD_taskb.txt,heavy,cut,0.8414984,True
g2pB_taskc.txt,g4pD_taskc.txt,heavy,non,0.88966167,True
g2pB_taskc.txt,g4pD_taskd.txt,heavy,non,0.7962685,True
g2pB_taskc.txt,g4pD_taske.txt,heavy,heavy,0.84526086,True
g2pB_taskc.txt,g4pE_taska.txt,heavy,heavy,0.7514477,True
g2pB_taskc.txt,g4pE_taskb.txt,heavy,light,0.78270245,True
g2pB_taskc.txt,g4pE_taskc.txt,heavy,cut,0.9129618,True
g2pB_taskc.txt,g4pE_taskd.txt,heavy,non,0.8372034,True
g2pB_taskc.txt,g4pE_taske.txt,heavy,non,0.82396036,True
g2pB_taskc.txt,orig_taska.txt,heavy,orig,0.8200222,True
g2pB_taskc.txt,orig_taskb.txt,heavy,orig,0.7937532,True
g2pB_taskc.txt,orig_taskc.txt,heavy,orig,0.9657597,True
g2pB_taskc.txt,orig_taskd.txt,heavy,orig,0.75865275,True
g2pB_taskc.txt,orig_taske.txt,heavy,orig,0.84736705,True
g2pB_taskd.txt,g2pB_taske.txt,light,cut,0.6851256,False
g2pB_taskd.txt,g2pC_taska.txt,light,cut,0.7072022,True
g2pB_taskd.txt,g2pC_taskb.txt,light,non,0.6703421,False
g2pB_taskd.txt,g2pC_taskc.txt,light,non,0.7121141,True
g2pB_taskd.txt,g2pC_taskd.txt,light,heavy,0.91158235,True
g2pB_taskd.txt,g2pC_taske.txt,light,light,0.6600379,False
g2pB_taskd.txt,g2pE_taska.txt,light,heavy,0.7363545,True
g2pB_taskd.txt,g2pE_taskb.txt,light,light,0.6852765,False
g2pB_taskd.txt,g2pE_taskc.txt,light,cut,0.55852795,False
g2pB_taskd.txt,g2pE_taskd.txt,light,non,0.88076776,True
g2pB_taskd.txt,g2pE_taske.txt,light,non,0.6762928,False
g2pB_taskd.txt,g3pA_taska.txt,light,non,0.67877525,False
g2pB_taskd.txt,g3pA_taskb.txt,light,heavy,0.700243,True
g2pB_taskd.txt,g3pA_taskc.txt,light,light,0.78290796,True
g2pB_taskd.txt,g3pA_taskd.txt,light,cut,0.99007416,True
g2pB_taskd.txt,g3pA_taske.txt,light,non,0.70528865,True
g2pB_taskd.txt,g3pB_taska.txt,light,non,0.6943339,False
g2pB_taskd.txt,g3pB_taskb.txt,light,non,0.6477225,False
g2pB_taskd.txt,g3pB_taskc.txt,light,heavy,0.78974116,True
g2pB_taskd.txt,g3pB_taskd.txt,light,light,0.88527334,True
g2pB_taskd.txt,g3pB_taske.txt,light,cut,0.69193393,False
g2pB_taskd.txt,g3pC_taska.txt,light,cut,0.6679296,False
g2pB_taskd.txt,g3pC_taskb.txt,light,non,0.6952523,False
g2pB_taskd.txt,g3pC_taskc.txt,light,non,0.73177207,True
g2pB_taskd.txt,g3pC_taskd.txt,light,heavy,0.9282285,True
g2pB_taskd.txt,g3pC_taske.txt,light,light,0.69405687,False
g2pB_taskd.txt,g4pB_taska.txt,light,non,0.6941533,False
g2pB_taskd.txt,g4pB_taskb.txt,light,non,0.6575744,False
g2pB_taskd.txt,g4pB_taskc.txt,light,heavy,0.7732962,True
g2pB_taskd.txt,g4pB_taskd.txt,light,light,0.9677175,True
g2pB_taskd.txt,g4pB_taske.txt,light,cut,0.6825799,False
g2pB_taskd.txt,g4pC_taska.txt,light,cut,0.7287841,True
g2pB_taskd.txt,g4pC_taskb.txt,light,non,0.6569057,False
g2pB_taskd.txt,g4pC_taskc.txt,light,non,0.74292433,True
g2pB_taskd.txt,g4pC_taskd.txt,light,heavy,0.9876366,True
g2pB_taskd.txt,g4pC_taske.txt,light,light,0.70856875,True
g2pB_taskd.txt,g4pD_taska.txt,light,light,0.73030245,True
g2pB_taskd.txt,g4pD_taskb.txt,light,cut,0.8112116,True
g2pB_taskd.txt,g4pD_taskc.txt,light,non,0.8081201,True
g2pB_taskd.txt,g4pD_taskd.txt,light,non,0.86641777,True
g2pB_taskd.txt,g4pD_taske.txt,light,heavy,0.73438865,True
g2pB_taskd.txt,g4pE_taska.txt,light,heavy,0.6259155,False
g2pB_taskd.txt,g4pE_taskb.txt,light,light,0.6639257,False
g2pB_taskd.txt,g4pE_taskc.txt,light,cut,0.6956297,False
g2pB_taskd.txt,g4pE_taskd.txt,light,non,0.80350065,True
g2pB_taskd.txt,g4pE_taske.txt,light,non,0.6503464,False
g2pB_taskd.txt,orig_taska.txt,light,orig,0.73449147,True
g2pB_taskd.txt,orig_taskb.txt,light,orig,0.6866275,False
g2pB_taskd.txt,orig_taskc.txt,light,orig,0.78401434,True
g2pB_taskd.txt,orig_taskd.txt,light,orig,0.9892354,True
g2pB_taskd.txt,orig_taske.txt,light,orig,0.72706974,True
g2pB_taske.txt,g2pC_taska.txt,cut,cut,0.7462626,True
g2pB_taske.txt,g2pC_taskb.txt,cut,non,0.710548,True
g2pB_taske.txt,g2pC_taskc.txt,cut,non,0.74745697,True
g2pB_taske.txt,g2pC_taskd.txt,cut,heavy,0.61352426,False
g2pB_taske.txt,g2pC_taske.txt,cut,light,0.9255489,True
g2pB_taske.txt,g2pE_taska.txt,cut,heavy,0.79172814,True
g2pB_taske.txt,g2pE_taskb.txt,cut,light,0.67881453,False
g2pB_taske.txt,g2pE_taskc.txt,cut,cut,0.67050153,False
g2pB_taske.txt,g2pE_taskd.txt,cut,non,0.7437569,True
g2pB_taske.txt,g2pE_taske.txt,cut,non,0.92580056,True
g2pB_taske.txt,g3pA_taska.txt,cut,non,0.72713447,True
g2pB_taske.txt,g3pA_taskb.txt,cut,heavy,0.70454705,True
g2pB_taske.txt,g3pA_taskc.txt,cut,light,0.8074361,True
g2pB_taske.txt,g3pA_taskd.txt,cut,cut,0.68031126,False
g2pB_taske.txt,g3pA_taske.txt,cut,non,0.868794,True
g2pB_taske.txt,g3pB_taska.txt,cut,non,0.7298813,True
g2pB_taske.txt,g3pB_taskb.txt,cut,non,0.7381886,True
g2pB_taske.txt,g3pB_taskc.txt,cut,heavy,0.83421856,True
g2pB_taske.txt,g3pB_taskd.txt,cut,light,0.74613935,True
g2pB_taske.txt,g3pB_taske.txt,cut,cut,0.95433694,True
g2pB_taske.txt,g3pC_taska.txt,cut,cut,0.67730296,False
g2pB_taske.txt,g3pC_taskb.txt,cut,non,0.7639034,True
g2pB_taske.txt,g3pC_taskc.txt,cut,non,0.73792315,True
g2pB_taske.txt,g3pC_taskd.txt,cut,heavy,0.6093851,False
g2pB_taske.txt,g3pC_taske.txt,cut,light,0.90623283,True
g2pB_taske.txt,g4pB_taska.txt,cut,non,0.6921184,False
g2pB_taske.txt,g4pB_taskb.txt,cut,non,0.7084912,True
g2pB_taske.txt,g4pB_taskc.txt,cut,heavy,0.8199615,True
g2pB_taske.txt,g4pB_taskd.txt,cut,light,0.64294446,False
g2pB_taske.txt,g4pB_taske.txt,cut,cut,0.93463385,True
g2pB_taske.txt,g4pC_taska.txt,cut,cut,0.7721212,True
g2pB_taske.txt,g4pC_taskb.txt,cut,non,0.6971826,False
g2pB_taske.txt,g4pC_taskc.txt,cut,non,0.7490952,True
g2pB_taske.txt,g4pC_taskd.txt,cut,heavy,0.67952514,False
g2pB_taske.txt,g4pC_taske.txt,cut,light,0.97446525,True
g2pB_taske.txt,g4pD_taska.txt,cut,light,0.76634943,True
g2pB_taske.txt,g4pD_taskb.txt,cut,cut,0.7398057,True
g2pB_taske.txt,g4pD_taskc.txt,cut,non,0.81479084,True
g2pB_taske.txt,g4pD_taskd.txt,cut,non,0.7607484,True
g2pB_taske.txt,g4pD_taske.txt,cut,heavy,0.8895278,True
g2pB_taske.txt,g4pE_taska.txt,cut,heavy,0.71756464,True
g2pB_taske.txt,g4pE_taskb.txt,cut,light,0.67690074,False
g2pB_taske.txt,g4pE_taskc.txt,cut,cut,0.7424898,True
g2pB_taske.txt,g4pE_taskd.txt,cut,non,0.8186035,True
g2pB_taske.txt,g4pE_taske.txt,cut,non,0.8499243,True
g2pB_taske.txt,orig_taska.txt,cut,orig,0.7749759,True
g2pB_taske.txt,orig_taskb.txt,cut,orig,0.6807665,False
g2pB_taske.txt,orig_taskc.txt,cut,orig,0.7999269,True
g2pB_taske.txt,orig_taskd.txt,cut,orig,0.67951554,False
g2pB_taske.txt,orig_taske.txt,cut,orig,0.9573041,True
g2pC_taska.txt,g2pC_taskb.txt,cut,non,0.697221,False
g2pC_taska.txt,g2pC_taskc.txt,cut,non,0.70671266,True
g2pC_taska.txt,g2pC_taskd.txt,cut,heavy,0.6227151,False
g2pC_taska.txt,g2pC_taske.txt,cut,light,0.7577601,True
g2pC_taska.txt,g2pE_taska.txt,cut,heavy,0.9467071,True
g2pC_taska.txt,g2pE_taskb.txt,cut,light,0.72569925,True
g2pC_taska.txt,g2pE_taskc.txt,cut,cut,0.6465441,False
g2pC_taska.txt,g2pE_taskd.txt,cut,non,0.7470176,True
g2pC_taska.txt,g2pE_taske.txt,cut,non,0.7423822,True
g2pC_taska.txt,g3pA_taska.txt,cut,non,0.878673,True
g2pC_taska.txt,g3pA_taskb.txt,cut,heavy,0.6942034,False
g2pC_taska.txt,g3pA_taskc.txt,cut,light,0.78798854,True
g2pC_taska.txt,g3pA_taskd.txt,cut,cut,0.70155394,True
g2pC_taska.txt,g3pA_taske.txt,cut,non,0.78917,True
g2pC_taska.txt,g3pB_taska.txt,cut,non,0.8880743,True
g2pC_taska.txt,g3pB_taskb.txt,cut,non,0.7032275,True
g2pC_taska.txt,g3pB_taskc.txt,cut,heavy,0.79484886,True
g2pC_taska.txt,g3pB_taskd.txt,cut,light,0.72591317,True
g2pC_taska.txt,g3pB_taske.txt,cut,cut,0.7514321,True
g2pC_taska.txt,g3pC_taska.txt,cut,cut,0.8679385,True
g2pC_taska.txt,g3pC_taskb.txt,cut,non,0.7719947,True
g2pC_taska.txt,g3pC_taskc.txt,cut,non,0.6669251,False
g2pC_taska.txt,g3pC_taskd.txt,cut,heavy,0.62757665,False
g2pC_taska.txt,g3pC_taske.txt,cut,light,0.7391194,True
g2pC_taska.txt,g4pB_taska.txt,cut,non,0.8470012,True
g2pC_taska.txt,g4pB_taskb.txt,cut,non,0.7359586,True
g2pC_taska.txt,g4pB_taskc.txt,cut,heavy,0.77657074,True
g2pC_taska.txt,g4pB_taskd.txt,cut,light,0.6719256,False
g2pC_taska.txt,g4pB_taske.txt,cut,cut,0.74944156,True
g2pC_taska.txt,g4pC_taska.txt,cut,cut,0.95705354,True
g2pC_taska.txt,g4pC_taskb.txt,cut,non,0.64787793,False
g2pC_taska.txt,g4pC_taskc.txt,cut,non,0.78333735,True
g2pC_taska.txt,g4pC_taskd.txt,cut,heavy,0.69791496,False
g2pC_taska.txt,g4pC_taske.txt,cut,light,0.7597882,True
g2pC_taska.txt,g4pD_taska.txt,cut,light,0.9285867,True
g2pC_taska.txt,g4pD_taskb.txt,cut,cut,0.7580737,True
g2pC_taska.txt,g4pD_taskc.txt,cut,non,0.79609054,True
g2pC_taska.txt,g4pD_taskd.txt,cut,non,0.74870694,True
g2pC_taska.txt,g4pD_taske.txt,cut,heavy,0.7756369,True
g2pC_taska.txt,g4pE_taska.txt,cut,heavy,0.8644412,True
g2pC_taska.txt,g4pE_taskb.txt,cut,light,0.7063875,True
g2pC_taska.txt,g4pE_taskc.txt,cut,cut,0.7099345,True
g2pC_taska.txt,g4pE_taskd.txt,cut,non,0.766961,True
g2pC_taska.txt,g4pE_taske.txt,cut,non,0.7794813,True
g2pC_taska.txt,orig_taska.txt,cut,orig,0.957662,True
g2pC_taska.txt,orig_taskb.txt,cut,orig,0.6923193,False
g2pC_taska.txt,orig_taskc.txt,cut,orig,0.7954347,True
g2pC_taska.txt,orig_taskd.txt,cut,orig,0.705828,True
g2pC_taska.txt,orig_taske.txt,cut,orig,0.7751739,True
g2pC_taskb.txt,g2pC_taskc.txt,non,non,0.7549029,True
g2pC_taskb.txt,g2pC_taskd.txt,non,heavy,0.59254766,False
g2pC_taskb.txt,g2pC_taske.txt,non,light,0.67003816,False
g2pC_taskb.txt,g2pE_taska.txt,non,heavy,0.7198806,True
g2pC_taskb.txt,g2pE_taskb.txt,non,light,0.7857115,True
g2pC_taskb.txt,g2pE_taskc.txt,non,cut,0.7146634,True
g2pC_taskb.txt,g2pE_taskd.txt,non,non,0.73697245,True
g2pC_taskb.txt,g2pE_taske.txt,non,non,0.6765945,False
g2pC_taskb.txt,g3pA_taska.txt,non,non,0.7077614,True
g2pC_taskb.txt,g3pA_taskb.txt,non,heavy,0.92327553,True
g2pC_taskb.txt,g3pA_taskc.txt,non,light,0.81196576,True
g2pC_taskb.txt,g3pA_taskd.txt,non,cut,0.65417254,False
g2pC_taskb.txt,g3pA_taske.txt,non,non,0.7537476,True
g2pC_taskb.txt,g3pB_taska.txt,non,non,0.64378357,False
g2pC_taskb.txt,g3pB_taskb.txt,non,non,0.9101083,True
g2pC_taskb.txt,g3pB_taskc.txt,non,heavy,0.7946421,True
g2pC_taskb.txt,g3pB_taskd.txt,non,light,0.7001492,True
g2pC_taskb.txt,g3pB_taske.txt,non,cut,0.7029931,True
g2pC_taskb.txt,g3pC_taska.txt,non,cut,0.61760306,False
g2pC_taskb.txt,g3pC_taskb.txt,non,non,0.91786,True
g2pC_taskb.txt,g3pC_taskc.txt,non,non,0.785516,True
g2pC_taskb.txt,g3pC_taskd.txt,non,heavy,0.5790085,False
g2pC_taskb.txt,g3pC_taske.txt,non,light,0.7092111,True
g2pC_taskb.txt,g4pB_taska.txt,non,non,0.640002,False
g2pC_taskb.txt,g4pB_taskb.txt,non,non,0.94285274,True
g2pC_taskb.txt,g4pB_taskc.txt,non,heavy,0.7881186,True
g2pC_taskb.txt,g4pB_taskd.txt,non,light,0.62286025,False
g2pC_taskb.txt,g4pB_taske.txt,non,cut,0.69022185,False
g2pC_taskb.txt,g4pC_taska.txt,non,cut,0.7121105,True
g2pC_taskb.txt,g4pC_taskb.txt,non,non,0.8726537,True
g2pC_taskb.txt,g4pC_taskc.txt,non,non,0.74547905,True
g2pC_taskb.txt,g4pC_taskd.txt,non,heavy,0.64657736,False
g2pC_taskb.txt,g4pC_taske.txt,non,light,0.73489976,True
g2pC_taskb.txt,g4pD_taska.txt,non,light,0.69914687,False
g2pC_taskb.txt,g4pD_taskb.txt,non,cut,0.8558484,True
g2pC_taskb.txt,g4pD_taskc.txt,non,non,0.7911631,True
g2pC_taskb.txt,g4pD_taskd.txt,non,non,0.68533295,False
g2pC_taskb.txt,g4pD_taske.txt,non,heavy,0.71271837,True
g2pC_taskb.txt,g4pE_taska.txt,non,heavy,0.65252286,False
g2pC_taskb.txt,g4pE_taskb.txt,non,light,0.8636002,True
g2pC_taskb.txt,g4pE_taskc.txt,non,cut,0.6996578,False
g2pC_taskb.txt,g4pE_taskd.txt,non,non,0.7854901,True
g2pC_taskb.txt,g4pE_taske.txt,non,non,0.71717477,True
g2pC_taskb.txt,orig_taska.txt,non,orig,0.71414506,True
g2pC_taskb.txt,orig_taskb.txt,non,orig,0.91991323,True
g2pC_taskb.txt,orig_taskc.txt,non,orig,0.79685247,True
g2pC_taskb.txt,orig_taskd.txt,non,orig,0.6583899,False
g2pC_taskb.txt,orig_taske.txt,non,orig,0.7335628,True
g2pC_taskc.txt,g2pC_taskd.txt,non,heavy,0.6401423,False
g2pC_taskc.txt,g2pC_taske.txt,non,light,0.7086184,True
g2pC_taskc.txt,g2pE_taska.txt,non,heavy,0.71916914,True
g2pC_taskc.txt,g2pE_taskb.txt,non,light,0.706506,True
g2pC_taskc.txt,g2pE_taskc.txt,non,cut,0.73053735,True
g2pC_taskc.txt,g2pE_taskd.txt,non,non,0.7284467,True
g2pC_taskc.txt,g2pE_taske.txt,non,non,0.7246889,True
g2pC_taskc.txt,g3pA_taska.txt,non,non,0.6997394,False
g2pC_taskc.txt,g3pA_taskb.txt,non,heavy,0.7532591,True
g2pC_taskc.txt,g3pA_taskc.txt,non,light,0.9393852,True
g2pC_taskc.txt,g3pA_taskd.txt,non,cut,0.71306443,True
g2pC_taskc.txt,g3pA_taske.txt,non,non,0.7382757,True
g2pC_taskc.txt,g3pB_taska.txt,non,non,0.6964548,False
g2pC_taskc.txt,g3pB_taskb.txt,non,non,0.7399877,True
g2pC_taskc.txt,g3pB_taskc.txt,non,heavy,0.8967572,True
g2pC_taskc.txt,g3pB_taskd.txt,non,light,0.71983486,True
g2pC_taskc.txt,g3pB_taske.txt,non,cut,0.7290018,True
g2pC_taskc.txt,g3pC_taska.txt,non,cut,0.60511225,False
g2pC_taskc.txt,g3pC_taskb.txt,non,non,0.77033484,True
g2pC_taskc.txt,g3pC_taskc.txt,non,non,0.8738467,True
g2pC_taskc.txt,g3pC_taskd.txt,non,heavy,0.6447736,False
g2pC_taskc.txt,g3pC_taske.txt,non,light,0.71617734,True
g2pC_taskc.txt,g4pB_taska.txt,non,non,0.6847514,False
g2pC_taskc.txt,g4pB_taskb.txt,non,non,0.728137,True
g2pC_taskc.txt,g4pB_taskc.txt,non,heavy,0.9283788,True
g2pC_taskc.txt,g4pB_taskd.txt,non,light,0.68137187,False
g2pC_taskc.txt,g4pB_taske.txt,non,cut,0.7437898,True
g2pC_taskc.txt,g4pC_taska.txt,non,cut,0.71327746,True
g2pC_taskc.txt,g4pC_taskb.txt,non,non,0.74346864,True
g2pC_taskc.txt,g4pC_taskc.txt,non,non,0.83578956,True
g2pC_taskc.txt,g4pC_taskd.txt,non,heavy,0.7015048,True
g2pC_taskc.txt,g4pC_taske.txt,non,light,0.76253134,True
g2pC_taskc.txt,g4pD_taska.txt,non,light,0.715979,True
g2pC_taskc.txt,g4pD_taskb.txt,non,cut,0.79952383,True
g2pC_taskc.txt,g4pD_taskc.txt,non,non,0.8131826,True
g2pC_taskc.txt,g4pD_taskd.txt,non,non,0.72495586,True
g2pC_taskc.txt,g4pD_taske.txt,non,heavy,0.76221424,True
g2pC_taskc.txt,g4pE_taska.txt,non,heavy,0.6288886,False
g2pC_taskc.txt,g4pE_taskb.txt,non,light,0.7472665,True
g2pC_taskc.txt,g4pE_taskc.txt,non,cut,0.91083044,True
g2pC_taskc.txt,g4pE_taskd.txt,non,non,0.78481686,True
g2pC_taskc.txt,g4pE_taske.txt,non,non,0.7127809,True
g2pC_taskc.txt,orig_taska.txt,non,orig,0.715906,True
g2pC_taskc.txt,orig_taskb.txt,non,orig,0.75774693,True
g2pC_taskc.txt,orig_taskc.txt,non,orig,0.9089457,True
g2pC_taskc.txt,orig_taskd.txt,non,orig,0.71139264,True
g2pC_taskc.txt,orig_taske.txt,non,orig,0.7733103,True
g2pC_taskd.txt,g2pC_taske.txt,heavy,light,0.58413863,False
g2pC_taskd.txt,g2pE_taska.txt,heavy,heavy,0.6525538,False
g2pC_taskd.txt,g2pE_taskb.txt,heavy,light,0.6261575,False
g2pC_taskd.txt,g2pE_taskc.txt,heavy,cut,0.47871947,False
g2pC_taskd.txt,g2pE_taskd.txt,heavy,non,0.83623654,True
g2pC_taskd.txt,g2pE_taske.txt,heavy,non,0.60318196,False
g2pC_taskd.txt,g3pA_taska.txt,heavy,non,0.62780666,False
g2pC_taskd.txt,g3pA_taskb.txt,heavy,heavy,0.621215,False
g2pC_taskd.txt,g3pA_taskc.txt,heavy,light,0.69592726,False
g2pC_taskd.txt,g3pA_taskd.txt,heavy,cut,0.91859055,True
g2pC_taskd.txt,g3pA_taske.txt,heavy,non,0.64773446,False
g2pC_taskd.txt,g3pB_taska.txt,heavy,non,0.6504377,False
g2pC_taskd.txt,g3pB_taskb.txt,heavy,non,0.56991804,False
g2pC_taskd.txt,g3pB_taskc.txt,heavy,heavy,0.7244864,True
g2pC_taskd.txt,g3pB_taskd.txt,heavy,light,0.8241077,True
g2pC_taskd.txt,g3pB_taske.txt,heavy,cut,0.605419,False
g2pC_taskd.txt,g3pC_taska.txt,heavy,cut,0.6081599,False
g2pC_taskd.txt,g3pC_taskb.txt,heavy,non,0.61517483,False
g2pC_taskd.txt,g3pC_taskc.txt,heavy,non,0.6676926,False
g2pC_taskd.txt,g3pC_taskd.txt,heavy,heavy,0.91543376,True
g2pC_taskd.txt,g3pC_taske.txt,heavy,light,0.619205,False
g2pC_taskd.txt,g4pB_taska.txt,heavy,non,0.627174,False
g2pC_taskd.txt,g4pB_taskb.txt,heavy,non,0.5841622,False
g2pC_taskd.txt,g4pB_taskc.txt,heavy,heavy,0.70146996,True
g2pC_taskd.txt,g4pB_taskd.txt,heavy,light,0.91987264,True
g2pC_taskd.txt,g4pB_taske.txt,heavy,cut,0.62079734,False
g2pC_taskd.txt,g4pC_taska.txt,heavy,cut,0.64248824,False
g2pC_taskd.txt,g4pC_taskb.txt,heavy,non,0.5983604,False
g2pC_taskd.txt,g4pC_taskc.txt,heavy,non,0.66230714,False
g2pC_taskd.txt,g4pC_taskd.txt,heavy,heavy,0.91859746,True
g2pC_taskd.txt,g4pC_taske.txt,heavy,light,0.63167304,False
g2pC_taskd.txt,g4pD_taska.txt,heavy,light,0.6398319,False
g2pC_taskd.txt,g4pD_taskb.txt,heavy,cut,0.74892056,True
g2pC_taskd.txt,g4pD_taskc.txt,heavy,non,0.7236134,True
g2pC_taskd.txt,g4pD_taskd.txt,heavy,non,0.7703614,True
g2pC_taskd.txt,g4pD_taske.txt,heavy,heavy,0.6739478,False
g2pC_taskd.txt,g4pE_taska.txt,heavy,heavy,0.5915576,False
g2pC_taskd.txt,g4pE_taskb.txt,heavy,light,0.581251,False
g2pC_taskd.txt,g4pE_taskc.txt,heavy,cut,0.61642647,False
g2pC_taskd.txt,g4pE_taskd.txt,heavy,non,0.72554684,True
g2pC_taskd.txt,g4pE_taske.txt,heavy,non,0.5553057,False
g2pC_taskd.txt,orig_taska.txt,heavy,orig,0.6479722,False
g2pC_taskd.txt,orig_taskb.txt,heavy,orig,0.5968274,False
g2pC_taskd.txt,orig_taskc.txt,heavy,orig,0.70195293,True
g2pC_taskd.txt,orig_taskd.txt,heavy,orig,0.9187676,True
g2pC_taskd.txt,orig_taske.txt,heavy,orig,0.6631006,False
g2pC_taske.txt,g2pE_taska.txt,light,heavy,0.7986753,True
g2pC_taske.txt,g2pE_taskb.txt,light,light,0.6554732,False
g2pC_taske.txt,g2pE_taskc.txt,light,cut,0.6214561,False
g2pC_taske.txt,g2pE_taskd.txt,light,non,0.73166513,True
g2pC_taske.txt,g2pE_taske.txt,light,non,0.92784727,True
g2pC_taske.txt,g3pA_taska.txt,light,non,0.7291583,True
g2pC_taske.txt,g3pA_taskb.txt,light,heavy,0.66400224,False
g2pC_taske.txt,g3pA_taskc.txt,light,light,0.7801734,True
g2pC_taske.txt,g3pA_taskd.txt,light,cut,0.6554623,False
g2pC_taske.txt,g3pA_taske.txt,light,non,0.8671051,True
g2pC_taske.txt,g3pB_taska.txt,light,non,0.7409363,True
g2pC_taske.txt,g3pB_taskb.txt,light,non,0.7022824,True
g2pC_taske.txt,g3pB_taskc.txt,light,heavy,0.8117948,True
g2pC_taske.txt,g3pB_taskd.txt,light,light,0.72782075,True
g2pC_taske.txt,g3pB_taske.txt,light,cut,0.9142474,True
g2pC_taske.txt,g3pC_taska.txt,light,cut,0.6798213,False
g2pC_taske.txt,g3pC_taskb.txt,light,non,0.74346894,True
g2pC_taske.txt,g3pC_taskc.txt,light,non,0.71164685,True
g2pC_taske.txt,g3pC_taskd.txt,light,heavy,0.5751029,False
g2pC_taske.txt,g3pC_taske.txt,light,light,0.86909205,True
g2pC_taske.txt,g4pB_taska.txt,light,non,0.6822125,False
g2pC_taske.txt,g4pB_taskb.txt,light,non,0.6786476,False
g2pC_taske.txt,g4pB_taskc.txt,light,heavy,0.7879937,True
g2pC_taske.txt,g4pB_taskd.txt,light,light,0.6164271,False
g2pC_taske.txt,g4pB_taske.txt,light,cut,0.9279127,True
g2pC_taske.txt,g4pC_taska.txt,light,cut,0.77812886,True
g2pC_taske.txt,g4pC_taskb.txt,light,non,0.6583452,False
g2pC_taske.txt,g4pC_taskc.txt,light,non,0.7371403,True
g2pC_taske.txt,g4pC_taskd.txt,light,heavy,0.652873,False
g2pC_taske.txt,g4pC_taske.txt,light,light,0.8937343,True
g2pC_taske.txt,g4pD_taska.txt,light,light,0.77202475,True
g2pC_taske.txt,g4pD_taskb.txt,light,cut,0.7091873,True
g2pC_taske.txt,g4pD_taskc.txt,light,non,0.784994,True
g2pC_taske.txt,g4pD_taskd.txt,light,non,0.75422275,True
g2pC_taske.txt,g4pD_taske.txt,light,heavy,0.886955,True
g2pC_taske.txt,g4pE_taska.txt,light,heavy,0.7013675,True
g2pC_taske.txt,g4pE_taskb.txt,light,light,0.6529191,False
g2pC_taske.txt,g4pE_taskc.txt,light,cut,0.7277977,True
g2pC_taske.txt,g4pE_taskd.txt,light,non,0.7562161,True
g2pC_taske.txt,g4pE_taske.txt,light,non,0.83403814,True
g2pC_taske.txt,orig_taska.txt,light,orig,0.7811301,True
g2pC_taske.txt,orig_taskb.txt,light,orig,0.6488614,False
g2pC_taske.txt,orig_taskc.txt,light,orig,0.76729196,True
g2pC_taske.txt,orig_taskd.txt,light,orig,0.6549234,False
g2pC_taske.txt,orig_taske.txt,light,orig,0.91901577,True
g2pE_taska.txt,g2pE_taskb.txt,heavy,light,0.74597394,True
g2pE_taska.txt,g2pE_taskc.txt,heavy,cut,0.70186746,True
g2pE_taska.txt,g2pE_taskd.txt,heavy,non,0.79072464,True
g2pE_taska.txt,g2pE_taske.txt,heavy,non,0.7793098,True
g2pE_taska.txt,g3pA_taska.txt,heavy,non,0.8910777,True
g2pE_taska.txt,g3pA_taskb.txt,heavy,heavy,0.7223085,True
g2pE_taska.txt,g3pA_taskc.txt,heavy,light,0.81508327,True
g2pE_taska.txt,g3pA_taskd.txt,heavy,cut,0.7347294,True
g2pE_taska.txt,g3pA_taske.txt,heavy,non,0.82325816,True
g2pE_taska.txt,g3pB_taska.txt,heavy,non,0.8904948,True
g2pE_taska.txt,g3pB_taskb.txt,heavy,non,0.729056,True
g2pE_taska.txt,g3pB_taskc.txt,heavy,heavy,0.82203734,True
g2pE_taska.txt,g3pB_taskd.txt,heavy,light,0.7658193,True
g2pE_taska.txt,g3pB_taske.txt,heavy,cut,0.8066922,True
g2pE_taska.txt,g3pC_taska.txt,heavy,cut,0.90128666,True
g2pE_taska.txt,g3pC_taskb.txt,heavy,non,0.79211694,True
g2pE_taska.txt,g3pC_taskc.txt,heavy,non,0.686009,False
g2pE_taska.txt,g3pC_taskd.txt,heavy,heavy,0.64920735,False
g2pE_taska.txt,g3pC_taske.txt,heavy,light,0.8065901,True
g2pE_taska.txt,g4pB_taska.txt,heavy,non,0.85292125,True
g2pE_taska.txt,g4pB_taskb.txt,heavy,non,0.7677101,True
g2pE_taska.txt,g4pB_taskc.txt,heavy,heavy,0.799606,True
g2pE_taska.txt,g4pB_taskd.txt,heavy,light,0.6995504,False
g2pE_taska.txt,g4pB_taske.txt,heavy,cut,0.77544785,True
g2pE_taska.txt,g4pC_taska.txt,heavy,cut,0.9690612,True
g2pE_taska.txt,g4pC_taskb.txt,heavy,non,0.6562155,False
g2pE_taska.txt,g4pC_taskc.txt,heavy,non,0.7877332,True
g2pE_taska.txt,g4pC_taskd.txt,heavy,heavy,0.7297113,True
g2pE_taska.txt,g4pC_taske.txt,heavy,light,0.8078903,True
g2pE_taska.txt,g4pD_taska.txt,heavy,light,0.9477682,True
g2pE_taska.txt,g4pD_taskb.txt,heavy,cut,0.7700589,True
g2pE_taska.txt,g4pD_taskc.txt,heavy,non,0.8345485,True
g2pE_taska.txt,g4pD_taskd.txt,heavy,non,0.796489,True
g2pE_taska.txt,g4pD_taske.txt,heavy,heavy,0.80655897,True
g2pE_taska.txt,g4pE_taska.txt,heavy,heavy,0.8758714,True
g2pE_taska.txt,g4pE_taskb.txt,heavy,light,0.7207706,True
g2pE_taska.txt,g4pE_taskc.txt,heavy,cut,0.72784525,True
g2pE_taska.txt,g4pE_taskd.txt,heavy,non,0.8068861,True
g2pE_taska.txt,g4pE_taske.txt,heavy,non,0.82210684,True
g2pE_taska.txt,orig_taska.txt,heavy,orig,0.97522444,True
g2pE_taska.txt,orig_taskb.txt,heavy,orig,0.71189255,True
g2pE_taska.txt,orig_taskc.txt,heavy,orig,0.8263912,True
g2pE_taska.txt,orig_taskd.txt,heavy,orig,0.7358556,True
g2pE_taska.txt,orig_taske.txt,heavy,orig,0.8075889,True
g2pE_taskb.txt,g2pE_taskc.txt,light,cut,0.68271935,False
g2pE_taskb.txt,g2pE_taskd.txt,light,non,0.6979282,False
g2pE_taskb.txt,g2pE_taske.txt,light,non,0.65278006,False
g2pE_taskb.txt,g3pA_taska.txt,light,non,0.71068347,True
g2pE_taskb.txt,g3pA_taskb.txt,light,heavy,0.8360973,True
g2pE_taskb.txt,g3pA_taskc.txt,light,light,0.7731329,True
g2pE_taskb.txt,g3pA_taskd.txt,light,cut,0.67209506,False
g2pE_taskb.txt,g3pA_taske.txt,light,non,0.6984506,False
g2pE_taskb.txt,g3pB_taska.txt,light,non,0.6953225,False
g2pE_taskb.txt,g3pB_taskb.txt,light,non,0.8242804,True
g2pE_taskb.txt,g3pB_taskc.txt,light,heavy,0.76378536,True
g2pE_taskb.txt,g3pB_taskd.txt,light,light,0.691864,False
g2pE_taskb.txt,g3pB_taske.txt,light,cut,0.67180216,False
g2pE_taskb.txt,g3pC_taska.txt,light,cut,0.638029,False
g2pE_taskb.txt,g3pC_taskb.txt,light,non,0.83599883,True
g2pE_taskb.txt,g3pC_taskc.txt,light,non,0.7481186,True
g2pE_taskb.txt,g3pC_taskd.txt,light,heavy,0.6178978,False
g2pE_taskb.txt,g3pC_taske.txt,light,light,0.6804411,False
g2pE_taskb.txt,g4pB_taska.txt,light,non,0.6770942,False
g2pE_taskb.txt,g4pB_taskb.txt,light,non,0.7853095,True
g2pE_taskb.txt,g4pB_taskc.txt,light,heavy,0.77631253,True
g2pE_taskb.txt,g4pB_taskd.txt,light,light,0.6602972,False
g2pE_taskb.txt,g4pB_taske.txt,light,cut,0.675987,False
g2pE_taskb.txt,g4pC_taska.txt,light,cut,0.7332632,True
g2pE_taskb.txt,g4pC_taskb.txt,light,non,0.82469845,True
g2pE_taskb.txt,g4pC_taskc.txt,light,non,0.77095723,True
g2pE_taskb.txt,g4pC_taskd.txt,light,heavy,0.6580157,False
g2pE_taskb.txt,g4pC_taske.txt,light,light,0.71727836,True
g2pE_taskb.txt,g4pD_taska.txt,light,light,0.74334747,True
g2pE_taskb.txt,g4pD_taskb.txt,light,cut,0.8070247,True
g2pE_taskb.txt,g4pD_taskc.txt,light,non,0.7729761,True
g2pE_taskb.txt,g4pD_taskd.txt,light,non,0.70467097,True
g2pE_taskb.txt,g4pD_taske.txt,light,heavy,0.7207967,True
g2pE_taskb.txt,g4pE_taska.txt,light,heavy,0.6788815,False
g2pE_taskb.txt,g4pE_taskb.txt,light,light,0.9206093,True
g2pE_taskb.txt,g4pE_taskc.txt,light,cut,0.6720429,False
g2pE_taskb.txt,g4pE_taskd.txt,light,non,0.77462083,True
g2pE_taskb.txt,g4pE_taske.txt,light,non,0.72853833,True
g2pE_taskb.txt,orig_taska.txt,light,orig,0.7391367,True
g2pE_taskb.txt,orig_taskb.txt,light,orig,0.89044636,True
g2pE_taskb.txt,orig_taskc.txt,light,orig,0.7730521,True
g2pE_taskb.txt,orig_taskd.txt,light,orig,0.67836916,False
g2pE_taskb.txt,orig_taske.txt,light,orig,0.7166038,True
g2pE_taskc.txt,g2pE_taskd.txt,cut,non,0.5775775,False
g2pE_taskc.txt,g2pE_taske.txt,cut,non,0.6508504,False
g2pE_taskc.txt,g3pA_taska.txt,cut,non,0.72015035,True
g2pE_taskc.txt,g3pA_taskb.txt,cut,heavy,0.70963144,True
g2pE_taskc.txt,g3pA_taskc.txt,cut,light,0.74171555,True
g2pE_taskc.txt,g3pA_taskd.txt,cut,cut,0.5576476,False
g2pE_taskc.txt,g3pA_taske.txt,cut,non,0.6696321,False
g2pE_taskc.txt,g3pB_taska.txt,cut,non,0.5983096,False
g2pE_taskc.txt,g3pB_taskb.txt,cut,non,0.7482436,True
g2pE_taskc.txt,g3pB_taskc.txt,cut,heavy,0.7324245,True
g2pE_taskc.txt,g3pB_taskd.txt,cut,light,0.59343106,False
g2pE_taskc.txt,g3pB_taske.txt,cut,cut,0.6592747,False
g2pE_taskc.txt,g3pC_taska.txt,cut,cut,0.53024375,False
g2pE_taskc.txt,g3pC_taskb.txt,cut,non,0.7369813,True
g2pE_taskc.txt,g3pC_taskc.txt,cut,non,0.6784685,False
g2pE_taskc.txt,g3pC_taskd.txt,cut,heavy,0.50352097,False
g2pE_taskc.txt,g3pC_taske.txt,cut,light,0.65020335,False
g2pE_taskc.txt,g4pB_taska.txt,cut,non,0.6088499,False
g2pE_taskc.txt,g4pB_taskb.txt,cut,non,0.70634377,True
g2pE_taskc.txt,g4pB_taskc.txt,cut,heavy,0.73983264,True
g2pE_taskc.txt,g4pB_taskd.txt,cut,light,0.5032464,False
g2pE_taskc.txt,g4pB_taske.txt,cut,cut,0.6709112,False
g2pE_taskc.txt,g4pC_taska.txt,cut,cut,0.69460356,False
g2pE_taskc.txt,g4pC_taskb.txt,cut,non,0.70529264,True
g2pE_taskc.txt,g4pC_taskc.txt,cut,non,0.6858758,False
g2pE_taskc.txt,g4pC_taskd.txt,cut,heavy,0.54670715,False
g2pE_taskc.txt,g4pC_taske.txt,cut,light,0.69655657,False
g2pE_taskc.txt,g4pD_taska.txt,cut,light,0.7224054,True
g2pE_taskc.txt,g4pD_taskb.txt,cut,cut,0.6755402,False
g2pE_taskc.txt,g4pD_taskc.txt,cut,non,0.71115375,True
g2pE_taskc.txt,g4pD_taskd.txt,cut,non,0.6440095,False
g2pE_taskc.txt,g4pD_taske.txt,cut,heavy,0.6594842,False
g2pE_taskc.txt,g4pE_taska.txt,cut,heavy,0.62747455,False
g2pE_taskc.txt,g4pE_taskb.txt,cut,light,0.7135531,True
g2pE_taskc.txt,g4pE_taskc.txt,cut,cut,0.6545727,False
g2pE_taskc.txt,g4pE_taskd.txt,cut,non,0.70360774,True
g2pE_taskc.txt,g4pE_taske.txt,cut,non,0.7117336,True
g2pE_taskc.txt,orig_taska.txt,cut,orig,0.6926845,False
g2pE_taskc.txt,orig_taskb.txt,cut,orig,0.7169727,True
g2pE_taskc.txt,orig_taskc.txt,cut,orig,0.74962413,True
g2pE_taskc.txt,orig_taskd.txt,cut,orig,0.55800134,False
g2pE_taskc.txt,orig_taske.txt,cut,orig,0.6836289,False
g2pE_taskd.txt,g2pE_taske.txt,non,non,0.7451675,True
g2pE_taskd.txt,g3pA_taska.txt,non,non,0.73818326,True
g2pE_taskd.txt,g3pA_taskb.txt,non,heavy,0.7411536,True
g2pE_taskd.txt,g3pA_taskc.txt,non,light,0.80716217,True
g2pE_taskd.txt,g3pA_taskd.txt,non,cut,0.8748055,True
g2pE_taskd.txt,g3pA_taske.txt,non,non,0.7820492,True
g2pE_taskd.txt,g3pB_taska.txt,non,non,0.7465578,True
g2pE_taskd.txt,g3pB_taskb.txt,non,non,0.69697845,False
g2pE_taskd.txt,g3pB_taskc.txt,non,heavy,0.8336479,True
g2pE_taskd.txt,g3pB_taskd.txt,non,light,0.82699585,True
g2pE_taskd.txt,g3pB_taske.txt,non,cut,0.75568116,True
g2pE_taskd.txt,g3pC_taska.txt,non,cut,0.7266321,True
g2pE_taskd.txt,g3pC_taskb.txt,non,non,0.72835684,True
g2pE_taskd.txt,g3pC_taskc.txt,non,non,0.7193451,True
g2pE_taskd.txt,g3pC_taskd.txt,non,heavy,0.81511885,True
g2pE_taskd.txt,g3pC_taske.txt,non,light,0.7630625,True
g2pE_taskd.txt,g4pB_taska.txt,non,non,0.7128134,True
g2pE_taskd.txt,g4pB_taskb.txt,non,non,0.7409215,True
g2pE_taskd.txt,g4pB_taskc.txt,non,heavy,0.7956985,True
g2pE_taskd.txt,g4pB_taskd.txt,non,light,0.8539773,True
g2pE_taskd.txt,g4pB_taske.txt,non,cut,0.7401794,True
g2pE_taskd.txt,g4pC_taska.txt,non,cut,0.772561,True
g2pE_taskd.txt,g4pC_taskb.txt,non,non,0.66333723,False
g2pE_taskd.txt,g4pC_taskc.txt,non,non,0.7573023,True
g2pE_taskd.txt,g4pC_taskd.txt,non,heavy,0.8766327,True
g2pE_taskd.txt,g4pC_taske.txt,non,light,0.7511429,True
g2pE_taskd.txt,g4pD_taska.txt,non,light,0.759474,True
g2pE_taskd.txt,g4pD_taskb.txt,non,cut,0.8315537,True
g2pE_taskd.txt,g4pD_taskc.txt,non,non,0.82156485,True
g2pE_taskd.txt,g4pD_taskd.txt,non,non,0.8248216,True
g2pE_taskd.txt,g4pD_taske.txt,non,heavy,0.7844859,True
g2pE_taskd.txt,g4pE_taska.txt,non,heavy,0.69484615,False
g2pE_taskd.txt,g4pE_taskb.txt,non,light,0.680461,False
g2pE_taskd.txt,g4pE_taskc.txt,non,cut,0.706223,True
g2pE_taskd.txt,g4pE_taskd.txt,non,non,0.812014,True
g2pE_taskd.txt,g4pE_taske.txt,non,non,0.693827,False
g2pE_taskd.txt,orig_taska.txt,non,orig,0.7779869,True
g2pE_taskd.txt,orig_taskb.txt,non,orig,0.6955105,False
g2pE_taskd.txt,orig_taskc.txt,non,orig,0.81582654,True
g2pE_taskd.txt,orig_taskd.txt,non,orig,0.8768109,True
g2pE_taskd.txt,orig_taske.txt,non,orig,0.77860963,True
g2pE_taske.txt,g3pA_taska.txt,non,non,0.71043277,True
g2pE_taske.txt,g3pA_taskb.txt,non,heavy,0.6787087,False
g2pE_taske.txt,g3pA_taskc.txt,non,light,0.7844918,True
g2pE_taske.txt,g3pA_taskd.txt,non,cut,0.6685005,False
g2pE_taske.txt,g3pA_taske.txt,non,non,0.8512269,True
g2pE_taske.txt,g3pB_taska.txt,non,non,0.7179011,True
g2pE_taske.txt,g3pB_taskb.txt,non,non,0.71569586,True
g2pE_taske.txt,g3pB_taskc.txt,non,heavy,0.81843394,True
g2pE_taske.txt,g3pB_taskd.txt,non,light,0.74400675,True
g2pE_taske.txt,g3pB_taske.txt,non,cut,0.8942573,True
g2pE_taske.txt,g3pC_taska.txt,non,cut,0.6658423,False
g2pE_taske.txt,g3pC_taskb.txt,non,non,0.73648983,True
g2pE_taske.txt,g3pC_taskc.txt,non,non,0.715275,True
g2pE_taske.txt,g3pC_taskd.txt,non,heavy,0.6039137,False
g2pE_taske.txt,g3pC_taske.txt,non,light,0.8368763,True
g2pE_taske.txt,g4pB_taska.txt,non,non,0.67930365,False
g2pE_taske.txt,g4pB_taskb.txt,non,non,0.6826221,False
g2pE_taske.txt,g4pB_taskc.txt,non,heavy,0.79588974,True
g2pE_taske.txt,g4pB_taskd.txt,non,light,0.63769513,False
g2pE_taske.txt,g4pB_taske.txt,non,cut,0.91713285,True
g2pE_taske.txt,g4pC_taska.txt,non,cut,0.76751053,True
g2pE_taske.txt,g4pC_taskb.txt,non,non,0.6742364,False
g2pE_taske.txt,g4pC_taskc.txt,non,non,0.7437053,True
g2pE_taske.txt,g4pC_taskd.txt,non,heavy,0.6647994,False
g2pE_taske.txt,g4pC_taske.txt,non,light,0.8991728,True
g2pE_taske.txt,g4pD_taska.txt,non,light,0.7554876,True
g2pE_taske.txt,g4pD_taskb.txt,non,cut,0.7253349,True
g2pE_taske.txt,g4pD_taskc.txt,non,non,0.7832031,True
g2pE_taske.txt,g4pD_taskd.txt,non,non,0.7564764,True
g2pE_taske.txt,g4pD_taske.txt,non,heavy,0.8629613,True
g2pE_taske.txt,g4pE_taska.txt,non,heavy,0.6836612,False
g2pE_taske.txt,g4pE_taskb.txt,non,light,0.64520484,False
g2pE_taske.txt,g4pE_taskc.txt,non,cut,0.73030746,True
g2pE_taske.txt,g4pE_taskd.txt,non,non,0.7688632,True
g2pE_taske.txt,g4pE_taske.txt,non,non,0.807847,True
g2pE_taske.txt,orig_taska.txt,non,orig,0.7687272,True
g2pE_taske.txt,orig_taskb.txt,non,orig,0.6435932,False
g2pE_taske.txt,orig_taskc.txt,non,orig,0.77503705,True
g2pE_taske.txt,orig_taskd.txt,non,orig,0.66980934,False
g2pE_taske.txt,orig_taske.txt,non,orig,0.9189177,True
g3pA_taska.txt,g3pA_taskb.txt,non,heavy,0.7053094,True
g3pA_taska.txt,g3pA_taskc.txt,non,light,0.7757735,True
g3pA_taska.txt,g3pA_taskd.txt,non,cut,0.68138057,False
g3pA_taska.txt,g3pA_taske.txt,non,non,0.7707792,True
g3pA_taska.txt,g3pB_taska.txt,non,non,0.85985184,True
g3pA_taska.txt,g3pB_taskb.txt,non,non,0.7101285,True
g3pA_taska.txt,g3pB_taskc.txt,non,heavy,0.786317,True
g3pA_taska.txt,g3pB_taskd.txt,non,light,0.701946,True
g3pA_taska.txt,g3pB_taske.txt,non,cut,0.73108995,True
g3pA_taska.txt,g3pC_taska.txt,non,cut,0.79003465,True
g3pA_taska.txt,g3pC_taskb.txt,non,non,0.74401045,True
g3pA_taska.txt,g3pC_taskc.txt,non,non,0.6686157,False
g3pA_taska.txt,g3pC_taskd.txt,non,heavy,0.60307294,False
g3pA_taska.txt,g3pC_taske.txt,non,light,0.7196441,True
g3pA_taska.txt,g4pB_taska.txt,non,non,0.8272027,True
g3pA_taska.txt,g4pB_taskb.txt,non,non,0.724409,True
g3pA_taska.txt,g4pB_taskc.txt,non,heavy,0.77089345,True
g3pA_taska.txt,g4pB_taskd.txt,non,light,0.636776,False
g3pA_taska.txt,g4pB_taske.txt,non,cut,0.71870726,True
g3pA_taska.txt,g4pC_taska.txt,non,cut,0.88047713,True
g3pA_taska.txt,g4pC_taskb.txt,non,non,0.6393343,False
g3pA_taska.txt,g4pC_taskc.txt,non,non,0.7378657,True
g3pA_taska.txt,g4pC_taskd.txt,non,heavy,0.6789012,False
g3pA_taska.txt,g4pC_taske.txt,non,light,0.74496347,True
g3pA_taska.txt,g4pD_taska.txt,non,light,0.89066744,True
g3pA_taska.txt,g4pD_taskb.txt,non,cut,0.7341485,True
g3pA_taska.txt,g4pD_taskc.txt,non,non,0.7765802,True
g3pA_taska.txt,g4pD_taskd.txt,non,non,0.72554946,True
g3pA_taska.txt,g4pD_taske.txt,non,heavy,0.7388869,True
g3pA_taska.txt,g4pE_taska.txt,non,heavy,0.8790479,True
g3pA_taska.txt,g4pE_taskb.txt,non,light,0.6954182,False
g3pA_taska.txt,g4pE_taskc.txt,non,cut,0.7007804,True
g3pA_taska.txt,g4pE_taskd.txt,non,non,0.75611234,True
g3pA_taska.txt,g4pE_taske.txt,non,non,0.74721706,True
g3pA_taska.txt,orig_taska.txt,non,orig,0.8833593,True
g3pA_taska.txt,orig_taskb.txt,non,orig,0.6935493,False
g3pA_taska.txt,orig_taskc.txt,non,orig,0.78511953,True
g3pA_taska.txt,orig_taskd.txt,non,orig,0.6846719,False
g3pA_taska.txt,orig_taske.txt,non,orig,0.74081767,True
g3pA_taskb.txt,g3pA_taskc.txt,heavy,light,0.8149914,True
g3pA_taskb.txt,g3pA_taskd.txt,heavy,cut,0.68428844,False
g3pA_taskb.txt,g3pA_taske.txt,heavy,non,0.7305448,True
g3pA_taskb.txt,g3pB_taska.txt,heavy,non,0.66502607,False
g3pA_taskb.txt,g3pB_taskb.txt,heavy,non,0.9158354,True
g3pA_taskb.txt,g3pB_taskc.txt,heavy,heavy,0.79986054,True
g3pA_taskb.txt,g3pB_taskd.txt,heavy,light,0.7181819,True
g3pA_taskb.txt,g3pB_taske.txt,heavy,cut,0.702779,True
g3pA_taskb.txt,g3pC_taska.txt,heavy,cut,0.6123772,False
g3pA_taskb.txt,g3pC_taskb.txt,heavy,non,0.9059766,True
g3pA_taskb.txt,g3pC_taskc.txt,heavy,non,0.8063996,True
g3pA_taskb.txt,g3pC_taskd.txt,heavy,heavy,0.608657,False
g3pA_taskb.txt,g3pC_taske.txt,heavy,light,0.69502157,False
g3pA_taskb.txt,g4pB_taska.txt,heavy,non,0.6693155,False
g3pA_taskb.txt,g4pB_taskb.txt,heavy,non,0.9124439,True
g3pA_taskb.txt,g4pB_taskc.txt,heavy,heavy,0.7920796,True
g3pA_taskb.txt,g4pB_taskd.txt,heavy,light,0.64692163,False
g3pA_taskb.txt,g4pB_taske.txt,heavy,cut,0.70026076,True
g3pA_taskb.txt,g4pC_taska.txt,heavy,cut,0.7089486,True
g3pA_taskb.txt,g4pC_taskb.txt,heavy,non,0.87554884,True
g3pA_taskb.txt,g4pC_taskc.txt,heavy,non,0.7833837,True
g3pA_taskb.txt,g4pC_taskd.txt,heavy,heavy,0.6755959,False
g3pA_taskb.txt,g4pC_taske.txt,heavy,light,0.73380166,True
g3pA_taskb.txt,g4pD_taska.txt,heavy,light,0.7056513,True
g3pA_taskb.txt,g4pD_taskb.txt,heavy,cut,0.8744922,True
g3pA_taskb.txt,g4pD_taskc.txt,heavy,non,0.8225747,True
g3pA_taskb.txt,g4pD_taskd.txt,heavy,non,0.6772234,False
g3pA_taskb.txt,g4pD_taske.txt,heavy,heavy,0.72761476,True
g3pA_taskb.txt,g4pE_taska.txt,heavy,heavy,0.66676354,False
g3pA_taskb.txt,g4pE_taskb.txt,heavy,light,0.887967,True
g3pA_taskb.txt,g4pE_taskc.txt,heavy,cut,0.7012694,True
g3pA_taskb.txt,g4pE_taskd.txt,heavy,non,0.80413425,True
g3pA_taskb.txt,g4pE_taske.txt,heavy,non,0.7351843,True
g3pA_taskb.txt,orig_taska.txt,heavy,orig,0.7126713,True
g3pA_taskb.txt,orig_taskb.txt,heavy,orig,0.95153975,True
g3pA_taskb.txt,orig_taskc.txt,heavy,orig,0.80627227,True
g3pA_taskb.txt,orig_taskd.txt,heavy,orig,0.68706334,False
g3pA_taskb.txt,orig_taske.txt,heavy,orig,0.74169457,True
g3pA_taskc.txt,g3pA_taskd.txt,light,cut,0.7773595,True
g3pA_taskc.txt,g3pA_taske.txt,light,non,0.8148184,True
g3pA_taskc.txt,g3pB_taska.txt,light,non,0.7786807,True
g3pA_taskc.txt,g3pB_taskb.txt,light,non,0.81548476,True
g3pA_taskc.txt,g3pB_taskc.txt,light,heavy,0.95378965,True
g3pA_taskc.txt,g3pB_taskd.txt,light,light,0.7881338,True
g3pA_taskc.txt,g3pB_taske.txt,light,cut,0.8100176,True
g3pA_taskc.txt,g3pC_taska.txt,light,cut,0.7011782,True
g3pA_taskc.txt,g3pC_taskb.txt,light,non,0.845884,True
g3pA_taskc.txt,g3pC_taskc.txt,light,non,0.88066983,True
g3pA_taskc.txt,g3pC_taskd.txt,light,heavy,0.6926558,False
g3pA_taskc.txt,g3pC_taske.txt,light,light,0.7936544,True
g3pA_taskc.txt,g4pB_taska.txt,light,non,0.7609425,True
g3pA_taskc.txt,g4pB_taskb.txt,light,non,0.8033224,True
g3pA_taskc.txt,g4pB_taskc.txt,light,heavy,0.9740422,True
g3pA_taskc.txt,g4pB_taskd.txt,light,light,0.7390244,True
g3pA_taskc.txt,g4pB_taske.txt,light,cut,0.80314666,True
g3pA_taskc.txt,g4pC_taska.txt,light,cut,0.8014879,True
g3pA_taskc.txt,g4pC_taskb.txt,light,non,0.79503775,True
g3pA_taskc.txt,g4pC_taskc.txt,light,non,0.87338305,True
g3pA_taskc.txt,g4pC_taskd.txt,light,heavy,0.76719487,True
g3pA_taskc.txt,g4pC_taske.txt,light,light,0.8286896,True
g3pA_taskc.txt,g4pD_taska.txt,light,light,0.7939037,True
g3pA_taskc.txt,g4pD_taskb.txt,light,cut,0.85661715,True
g3pA_taskc.txt,g4pD_taskc.txt,light,non,0.89129555,True
g3pA_taskc.txt,g4pD_taskd.txt,light,non,0.8055468,True
g3pA_taskc.txt,g4pD_taske.txt,light,heavy,0.8314979,True
g3pA_taskc.txt,g4pE_taska.txt,light,heavy,0.71633196,True
g3pA_taskc.txt,g4pE_taskb.txt,light,light,0.80014944,True
g3pA_taskc.txt,g4pE_taskc.txt,light,cut,0.92095774,True
g3pA_taskc.txt,g4pE_taskd.txt,light,non,0.8504478,True
g3pA_taskc.txt,g4pE_taske.txt,light,non,0.80568945,True
g3pA_taskc.txt,orig_taska.txt,light,orig,0.80546767,True
g3pA_taskc.txt,orig_taskb.txt,light,orig,0.81906193,True
g3pA_taskc.txt,orig_taskc.txt,light,orig,0.9808942,True
g3pA_taskc.txt,orig_taskd.txt,light,orig,0.776745,True
g3pA_taskc.txt,orig_taske.txt,light,orig,0.8359701,True
g3pA_taskd.txt,g3pA_taske.txt,cut,non,0.695036,False
g3pA_taskd.txt,g3pB_taska.txt,cut,non,0.6847986,False
g3pA_taskd.txt,g3pB_taskb.txt,cut,non,0.6320743,False
g3pA_taskd.txt,g3pB_taskc.txt,cut,heavy,0.7844306,True
g3pA_taskd.txt,g3pB_taskd.txt,cut,light,0.8787421,True
g3pA_taskd.txt,g3pB_taske.txt,cut,cut,0.68330616,False
g3pA_taskd.txt,g3pC_taska.txt,cut,cut,0.66383064,False
g3pA_taskd.txt,g3pC_taskb.txt,cut,non,0.68431526,False
g3pA_taskd.txt,g3pC_taskc.txt,cut,non,0.73370767,True
g3pA_taskd.txt,g3pC_taskd.txt,cut,heavy,0.9387029,True
g3pA_taskd.txt,g3pC_taske.txt,cut,light,0.6897882,False
g3pA_taskd.txt,g4pB_taska.txt,cut,non,0.69530207,False
g3pA_taskd.txt,g4pB_taskb.txt,cut,non,0.63736004,False
g3pA_taskd.txt,g4pB_taskc.txt,cut,heavy,0.7687857,True
g3pA_taskd.txt,g4pB_taskd.txt,cut,light,0.97564536,True
g3pA_taskd.txt,g4pB_taske.txt,cut,cut,0.68226755,False
g3pA_taskd.txt,g4pC_taska.txt,cut,cut,0.7248198,True
g3pA_taskd.txt,g4pC_taskb.txt,cut,non,0.6500462,False
g3pA_taskd.txt,g4pC_taskc.txt,cut,non,0.7371068,True
g3pA_taskd.txt,g4pC_taskd.txt,cut,heavy,0.9947289,True
g3pA_taskd.txt,g4pC_taske.txt,cut,light,0.7070687,True
g3pA_taskd.txt,g4pD_taska.txt,cut,light,0.7274543,True
g3pA_taskd.txt,g4pD_taskb.txt,cut,cut,0.8016101,True
g3pA_taskd.txt,g4pD_taskc.txt,cut,non,0.7957201,True
g3pA_taskd.txt,g4pD_taskd.txt,cut,non,0.8654802,True
g3pA_taskd.txt,g4pD_taske.txt,cut,heavy,0.7341502,True
g3pA_taskd.txt,g4pE_taska.txt,cut,heavy,0.62106943,False
g3pA_taskd.txt,g4pE_taskb.txt,cut,light,0.6542492,False
g3pA_taskd.txt,g4pE_taskc.txt,cut,cut,0.6973755,False
g3pA_taskd.txt,g4pE_taskd.txt,cut,non,0.7924948,True
g3pA_taskd.txt,g4pE_taske.txt,cut,non,0.6424853,False
g3pA_taskd.txt,orig_taska.txt,cut,orig,0.72921705,True
g3pA_taskd.txt,orig_taskb.txt,cut,orig,0.6760774,False
g3pA_taskd.txt,orig_taskc.txt,cut,orig,0.7794852,True
g3pA_taskd.txt,orig_taskd.txt,cut,orig,0.99776983,True
g3pA_taskd.txt,orig_taske.txt,cut,orig,0.7266765,True
g3pA_taske.txt,g3pB_taska.txt,non,non,0.75260437,True
g3pA_taske.txt,g3pB_taskb.txt,non,non,0.7571206,True
g3pA_taske.txt,g3pB_taskc.txt,non,heavy,0.8476199,True
g3pA_taske.txt,g3pB_taskd.txt,non,light,0.7427979,True
g3pA_taske.txt,g3pB_taske.txt,non,cut,0.8555844,True
g3pA_taske.txt,g3pC_taska.txt,non,cut,0.70913094,True
g3pA_taske.txt,g3pC_taskb.txt,non,non,0.7780436,True
g3pA_taske.txt,g3pC_taskc.txt,non,non,0.7698369,True
g3pA_taske.txt,g3pC_taskd.txt,non,heavy,0.6443453,False
g3pA_taske.txt,g3pC_taske.txt,non,light,0.8355024,True
g3pA_taske.txt,g4pB_taska.txt,non,non,0.69318193,False
g3pA_taske.txt,g4pB_taskb.txt,non,non,0.7701916,True
g3pA_taske.txt,g4pB_taskc.txt,non,heavy,0.81736887,True
g3pA_taske.txt,g4pB_taskd.txt,non,light,0.6741854,False
g3pA_taske.txt,g4pB_taske.txt,non,cut,0.86299515,True
g3pA_taske.txt,g4pC_taska.txt,non,cut,0.7987278,True
g3pA_taske.txt,g4pC_taskb.txt,non,non,0.71623075,True
g3pA_taske.txt,g4pC_taskc.txt,non,non,0.7495742,True
g3pA_taske.txt,g4pC_taskd.txt,non,heavy,0.69142056,False
g3pA_taske.txt,g4pC_taske.txt,non,light,0.86136496,True
g3pA_taske.txt,g4pD_taska.txt,non,light,0.7890191,True
g3pA_taske.txt,g4pD_taskb.txt,non,cut,0.78996307,True
g3pA_taske.txt,g4pD_taskc.txt,non,non,0.8372352,True
g3pA_taske.txt,g4pD_taskd.txt,non,non,0.7333516,True
g3pA_taske.txt,g4pD_taske.txt,non,heavy,0.86981,True
g3pA_taske.txt,g4pE_taska.txt,non,heavy,0.752929,True
g3pA_taske.txt,g4pE_taskb.txt,non,light,0.6859361,False
g3pA_taske.txt,g4pE_taskc.txt,non,cut,0.7400214,True
g3pA_taske.txt,g4pE_taskd.txt,non,non,0.81425595,True
g3pA_taske.txt,g4pE_taske.txt,non,non,0.8142766,True
g3pA_taske.txt,orig_taska.txt,non,orig,0.80140793,True
g3pA_taske.txt,orig_taskb.txt,non,orig,0.6989294,False
g3pA_taske.txt,orig_taskc.txt,non,orig,0.81607723,True
g3pA_taske.txt,orig_taskd.txt,non,orig,0.6985446,False
g3pA_taske.txt,orig_taske.txt,non,orig,0.8846588,True
g3pB_taska.txt,g3pB_taskb.txt,non,non,0.6571064,False
g3pB_taska.txt,g3pB_taskc.txt,non,heavy,0.78077453,True
g3pB_taska.txt,g3pB_taskd.txt,non,light,0.70790756,True
g3pB_taska.txt,g3pB_taske.txt,non,cut,0.73937964,True
g3pB_taska.txt,g3pC_taska.txt,non,cut,0.8301612,True
g3pB_taska.txt,g3pC_taskb.txt,non,non,0.7247766,True
g3pB_taska.txt,g3pC_taskc.txt,non,non,0.6579088,False
g3pB_taska.txt,g3pC_taskd.txt,non,heavy,0.611145,False
g3pB_taska.txt,g3pC_taske.txt,non,light,0.73276114,True
g3pB_taska.txt,g4pB_taska.txt,non,non,0.8606391,True
g3pB_taska.txt,g4pB_taskb.txt,non,non,0.69267195,False
g3pB_taska.txt,g4pB_taskc.txt,non,heavy,0.7667287,True
g3pB_taska.txt,g4pB_taskd.txt,non,light,0.6503737,False
g3pB_taska.txt,g4pB_taske.txt,non,cut,0.73068,True
g3pB_taska.txt,g4pC_taska.txt,non,cut,0.89011997,True
g3pB_taska.txt,g4pC_taskb.txt,non,non,0.62359416,False
g3pB_taska.txt,g4pC_taskc.txt,non,non,0.76712084,True
g3pB_taska.txt,g4pC_taskd.txt,non,heavy,0.68618506,False
g3pB_taska.txt,g4pC_taske.txt,non,light,0.7530978,True
g3pB_taska.txt,g4pD_taska.txt,non,light,0.876919,True
g3pB_taska.txt,g4pD_taskb.txt,non,cut,0.72929305,True
g3pB_taska.txt,g4pD_taskc.txt,non,non,0.75631046,True
g3pB_taska.txt,g4pD_taskd.txt,non,non,0.7393043,True
g3pB_taska.txt,g4pD_taske.txt,non,heavy,0.7635646,True
g3pB_taska.txt,g4pE_taska.txt,non,heavy,0.86390847,True
g3pB_taska.txt,g4pE_taskb.txt,non,light,0.66597927,False
g3pB_taska.txt,g4pE_taskc.txt,non,cut,0.7169759,True
g3pB_taska.txt,g4pE_taskd.txt,non,non,0.76512647,True
g3pB_taska.txt,g4pE_taske.txt,non,non,0.77933484,True
g3pB_taska.txt,orig_taska.txt,non,orig,0.89247835,True
g3pB_taska.txt,orig_taskb.txt,non,orig,0.6591733,False
g3pB_taska.txt,orig_taskc.txt,non,orig,0.7881131,True
g3pB_taska.txt,orig_taskd.txt,non,orig,0.687607,False
g3pB_taska.txt,orig_taske.txt,non,orig,0.75409925,True
g3pB_taskb.txt,g3pB_taskc.txt,non,heavy,0.79666126,True
g3pB_taskb.txt,g3pB_taskd.txt,non,light,0.7030887,True
g3pB_taskb.txt,g3pB_taske.txt,non,cut,0.72102726,True
g3pB_taskb.txt,g3pC_taska.txt,non,cut,0.61589885,False
g3pB_taskb.txt,g3pC_taskb.txt,non,non,0.9099515,True
g3pB_taskb.txt,g3pC_taskc.txt,non,non,0.7847944,True
g3pB_taskb.txt,g3pC_taskd.txt,non,heavy,0.5601373,False
g3pB_taskb.txt,g3pC_taske.txt,non,light,0.73564875,True
g3pB_taskb.txt,g4pB_taska.txt,non,non,0.66482127,False
g3pB_taskb.txt,g4pB_taskb.txt,non,non,0.90905344,True
g3pB_taskb.txt,g4pB_taskc.txt,non,heavy,0.80078393,True
g3pB_taskb.txt,g4pB_taskd.txt,non,light,0.59418833,False
g3pB_taskb.txt,g4pB_taske.txt,non,cut,0.7413511,True
g3pB_taskb.txt,g4pC_taska.txt,non,cut,0.72239166,True
g3pB_taskb.txt,g4pC_taskb.txt,non,non,0.89766735,True
g3pB_taskb.txt,g4pC_taskc.txt,non,non,0.7484113,True
g3pB_taskb.txt,g4pC_taskd.txt,non,heavy,0.6195847,False
g3pB_taskb.txt,g4pC_taske.txt,non,light,0.7582092,True
g3pB_taskb.txt,g4pD_taska.txt,non,light,0.71144843,True
g3pB_taskb.txt,g4pD_taskb.txt,non,cut,0.8468226,True
g3pB_taskb.txt,g4pD_taskc.txt,non,non,0.78289473,True
g3pB_taskb.txt,g4pD_taskd.txt,non,non,0.67483705,False
g3pB_taskb.txt,g4pD_taske.txt,non,heavy,0.75854653,True
g3pB_taskb.txt,g4pE_taska.txt,non,heavy,0.6667924,False
g3pB_taskb.txt,g4pE_taskb.txt,non,light,0.8709325,True
g3pB_taskb.txt,g4pE_taskc.txt,non,cut,0.7022695,True
g3pB_taskb.txt,g4pE_taskd.txt,non,non,0.7973358,True
g3pB_taskb.txt,g4pE_taske.txt,non,non,0.7887049,True
g3pB_taskb.txt,orig_taska.txt,non,orig,0.722536,True
g3pB_taskb.txt,orig_taskb.txt,non,orig,0.9160885,True
g3pB_taskb.txt,orig_taskc.txt,non,orig,0.79655933,True
g3pB_taskb.txt,orig_taskd.txt,non,orig,0.6323764,False
g3pB_taskb.txt,orig_taske.txt,non,orig,0.7671739,True
g3pB_taskc.txt,g3pB_taskd.txt,heavy,light,0.8063704,True
g3pB_taskc.txt,g3pB_taske.txt,heavy,cut,0.83279717,True
g3pB_taskc.txt,g3pC_taska.txt,heavy,cut,0.71346337,True
g3pB_taskc.txt,g3pC_taskb.txt,heavy,non,0.8281965,True
g3pB_taskc.txt,g3pC_taskc.txt,heavy,non,0.85821444,True
g3pB_taskc.txt,g3pC_taskd.txt,heavy,heavy,0.7155249,True
g3pB_taskc.txt,g3pC_taske.txt,heavy,light,0.8131274,True
g3pB_taskc.txt,g4pB_taska.txt,heavy,non,0.7443502,True
g3pB_taskc.txt,g4pB_taskb.txt,heavy,non,0.7934121,True
g3pB_taskc.txt,g4pB_taskc.txt,heavy,heavy,0.9479011,True
g3pB_taskc.txt,g4pB_taskd.txt,heavy,light,0.7502794,True
g3pB_taskc.txt,g4pB_taske.txt,heavy,cut,0.8337301,True
g3pB_taskc.txt,g4pC_taska.txt,heavy,cut,0.80719835,True
g3pB_taskc.txt,g4pC_taskb.txt,heavy,non,0.77049637,True
g3pB_taskc.txt,g4pC_taskc.txt,heavy,non,0.8688944,True
g3pB_taskc.txt,g4pC_taskd.txt,heavy,heavy,0.7770575,True
g3pB_taskc.txt,g4pC_taske.txt,heavy,light,0.84073037,True
g3pB_taskc.txt,g4pD_taska.txt,heavy,light,0.7967417,True
g3pB_taskc.txt,g4pD_taskb.txt,heavy,cut,0.86135256,True
g3pB_taskc.txt,g4pD_taskc.txt,heavy,non,0.894035,True
g3pB_taskc.txt,g4pD_taskd.txt,heavy,non,0.8086926,True
g3pB_taskc.txt,g4pD_taske.txt,heavy,heavy,0.8498783,True
g3pB_taskc.txt,g4pE_taska.txt,heavy,heavy,0.7370213,True
g3pB_taskc.txt,g4pE_taskb.txt,heavy,light,0.78030276,True
g3pB_taskc.txt,g4pE_taskc.txt,heavy,cut,0.89690554,True
g3pB_taskc.txt,g4pE_taskd.txt,heavy,non,0.85359967,True
g3pB_taskc.txt,g4pE_taske.txt,heavy,non,0.8007343,True
g3pB_taskc.txt,orig_taska.txt,heavy,orig,0.8119303,True
g3pB_taskc.txt,orig_taskb.txt,heavy,orig,0.7886524,True
g3pB_taskc.txt,orig_taskc.txt,heavy,orig,0.95384836,True
g3pB_taskc.txt,orig_taskd.txt,heavy,orig,0.7842911,True
g3pB_taskc.txt,orig_taske.txt,heavy,orig,0.8614379,True
g3pB_taskd.txt,g3pB_taske.txt,light,cut,0.7273155,True
g3pB_taskd.txt,g3pC_taska.txt,light,cut,0.67531747,False
g3pB_taskd.txt,g3pC_taskb.txt,light,non,0.7304212,True
g3pB_taskd.txt,g3pC_taskc.txt,light,non,0.7260768,True
g3pB_taskd.txt,g3pC_taskd.txt,light,heavy,0.8162842,True
g3pB_taskd.txt,g3pC_taske.txt,light,light,0.72907746,True
g3pB_taskd.txt,g4pB_taska.txt,light,non,0.7009018,True
g3pB_taskd.txt,g4pB_taskb.txt,light,non,0.7012484,True
g3pB_taskd.txt,g4pB_taskc.txt,light,heavy,0.7725936,True
g3pB_taskd.txt,g4pB_taskd.txt,light,light,0.8499393,True
g3pB_taskd.txt,g4pB_taske.txt,light,cut,0.7239722,True
g3pB_taskd.txt,g4pC_taska.txt,light,cut,0.7504729,True
g3pB_taskd.txt,g4pC_taskb.txt,light,non,0.6643914,False
g3pB_taskd.txt,g4pC_taskc.txt,light,non,0.73621476,True
g3pB_taskd.txt,g4pC_taskd.txt,light,heavy,0.8757607,True
g3pB_taskd.txt,g4pC_taske.txt,light,light,0.7612118,True
g3pB_taskd.txt,g4pD_taska.txt,light,light,0.7339865,True
g3pB_taskd.txt,g4pD_taskb.txt,light,cut,0.7692859,True
g3pB_taskd.txt,g4pD_taskc.txt,light,non,0.815255,True
g3pB_taskd.txt,g4pD_taskd.txt,light,non,0.87232476,True
g3pB_taskd.txt,g4pD_taske.txt,light,heavy,0.75129765,True
g3pB_taskd.txt,g4pE_taska.txt,light,heavy,0.6527095,False
g3pB_taskd.txt,g4pE_taskb.txt,light,light,0.7001301,True
g3pB_taskd.txt,g4pE_taskc.txt,light,cut,0.695184,False
g3pB_taskd.txt,g4pE_taskd.txt,light,non,0.8236724,True
g3pB_taskd.txt,g4pE_taske.txt,light,non,0.71149164,True
g3pB_taskd.txt,orig_taska.txt,light,orig,0.75726026,True
g3pB_taskd.txt,orig_taskb.txt,light,orig,0.6961441,False
g3pB_taskd.txt,orig_taskc.txt,light,orig,0.77936614,True
g3pB_taskd.txt,orig_taskd.txt,light,orig,0.87587404,True
g3pB_taskd.txt,orig_taske.txt,light,orig,0.7669089,True
g3pB_taske.txt,g3pC_taska.txt,cut,cut,0.690357,False
g3pB_taske.txt,g3pC_taskb.txt,cut,non,0.7495411,True
g3pB_taske.txt,g3pC_taskc.txt,cut,non,0.7296561,True
g3pB_taske.txt,g3pC_taskd.txt,cut,heavy,0.60577536,False
g3pB_taske.txt,g3pC_taske.txt,cut,light,0.9239414,True
g3pB_taske.txt,g4pB_taska.txt,cut,non,0.7000551,True
g3pB_taske.txt,g4pB_taskb.txt,cut,non,0.7155844,True
g3pB_taske.txt,g4pB_taskc.txt,cut,heavy,0.811085,True
g3pB_taske.txt,g4pB_taskd.txt,cut,light,0.6420077,False
g3pB_taske.txt,g4pB_taske.txt,cut,cut,0.91420305,True
g3pB_taske.txt,g4pC_taska.txt,cut,cut,0.776628,True
g3pB_taske.txt,g4pC_taskb.txt,cut,non,0.6714301,False
g3pB_taske.txt,g4pC_taskc.txt,cut,non,0.745926,True
g3pB_taske.txt,g4pC_taskd.txt,cut,heavy,0.68121386,False
g3pB_taske.txt,g4pC_taske.txt,cut,light,0.935143,True
g3pB_taske.txt,g4pD_taska.txt,cut,light,0.77341175,True
g3pB_taske.txt,g4pD_taskb.txt,cut,cut,0.7327024,True
g3pB_taske.txt,g4pD_taskc.txt,cut,non,0.8261411,True
g3pB_taske.txt,g4pD_taskd.txt,cut,non,0.7466141,True
g3pB_taske.txt,g4pD_taske.txt,cut,heavy,0.88938403,True
g3pB_taske.txt,g4pE_taska.txt,cut,heavy,0.72715396,True
g3pB_taske.txt,g4pE_taskb.txt,cut,light,0.67037433,False
g3pB_taske.txt,g4pE_taskc.txt,cut,cut,0.742442,True
g3pB_taske.txt,g4pE_taskd.txt,cut,non,0.8086349,True
g3pB_taske.txt,g4pE_taske.txt,cut,non,0.8448736,True
g3pB_taske.txt,orig_taska.txt,cut,orig,0.78209126,True
g3pB_taske.txt,orig_taskb.txt,cut,orig,0.67347795,False
g3pB_taske.txt,orig_taskc.txt,cut,orig,0.8091177,True
g3pB_taske.txt,orig_taskd.txt,cut,orig,0.6829101,False
g3pB_taske.txt,orig_taske.txt,cut,orig,0.92542654,True
g3pC_taska.txt,g3pC_taskb.txt,cut,non,0.67840254,False
g3pC_taska.txt,g3pC_taskc.txt,cut,non,0.5903747,False
g3pC_taska.txt,g3pC_taskd.txt,cut,heavy,0.5887841,False
g3pC_taska.txt,g3pC_taske.txt,cut,light,0.7079312,True
g3pC_taska.txt,g4pB_taska.txt,cut,non,0.8130181,True
g3pC_taska.txt,g4pB_taskb.txt,cut,non,0.67118466,False
g3pC_taska.txt,g4pB_taskc.txt,cut,heavy,0.6831287,False
g3pC_taska.txt,g4pB_taskd.txt,cut,light,0.6306779,False
g3pC_taska.txt,g4pB_taske.txt,cut,cut,0.67897165,False
g3pC_taska.txt,g4pC_taska.txt,cut,cut,0.9321479,True
g3pC_taska.txt,g4pC_taskb.txt,cut,non,0.54248416,False
g3pC_taska.txt,g4pC_taskc.txt,cut,non,0.6881927,False
g3pC_taska.txt,g4pC_taskd.txt,cut,heavy,0.66483223,False
g3pC_taska.txt,g4pC_taske.txt,cut,light,0.68536496,False
g3pC_taska.txt,g4pD_taska.txt,cut,light,0.8384043,True
g3pC_taska.txt,g4pD_taskb.txt,cut,cut,0.68628234,False
g3pC_taska.txt,g4pD_taskc.txt,cut,non,0.71721506,True
g3pC_taska.txt,g4pD_taskd.txt,cut,non,0.7099053,True
g3pC_taska.txt,g4pD_taske.txt,cut,heavy,0.7102649,True
g3pC_taska.txt,g4pE_taska.txt,cut,heavy,0.83509445,True
g3pC_taska.txt,g4pE_taskb.txt,cut,light,0.6144402,False
g3pC_taska.txt,g4pE_taskc.txt,cut,cut,0.6088074,False
g3pC_taska.txt,g4pE_taskd.txt,cut,non,0.70295626,True
g3pC_taska.txt,g4pE_taske.txt,cut,non,0.68854475,False
g3pC_taska.txt,orig_taska.txt,cut,orig,0.9269086,True
g3pC_taska.txt,orig_taskb.txt,cut,orig,0.59908366,False
g3pC_taska.txt,orig_taskc.txt,cut,orig,0.71265453,True
g3pC_taska.txt,orig_taskd.txt,cut,orig,0.66583115,False
g3pC_taska.txt,orig_taske.txt,cut,orig,0.70913714,True
g3pC_taskb.txt,g3pC_taskc.txt,non,non,0.8013001,True
g3pC_taskb.txt,g3pC_taskd.txt,non,heavy,0.59770465,False
g3pC_taskb.txt,g3pC_taske.txt,non,light,0.7575834,True
g3pC_taskb.txt,g4pB_taska.txt,non,non,0.7061807,True
g3pC_taskb.txt,g4pB_taskb.txt,non,non,0.90422094,True
g3pC_taskb.txt,g4pB_taskc.txt,non,heavy,0.83027136,True
g3pC_taskb.txt,g4pB_taskd.txt,non,light,0.6460761,False
g3pC_taskb.txt,g4pB_taske.txt,non,cut,0.7469071,True
g3pC_taskb.txt,g4pC_taska.txt,non,cut,0.78490347,True
g3pC_taskb.txt,g4pC_taskb.txt,non,non,0.8781699,True
g3pC_taskb.txt,g4pC_taskc.txt,non,non,0.7945815,True
g3pC_taskb.txt,g4pC_taskd.txt,non,heavy,0.67259073,False
g3pC_taskb.txt,g4pC_taske.txt,non,light,0.7920475,True
g3pC_taskb.txt,g4pD_taska.txt,non,light,0.7742396,True
g3pC_taskb.txt,g4pD_taskb.txt,non,cut,0.85322404,True
g3pC_taskb.txt,g4pD_taskc.txt,non,non,0.8178953,True
g3pC_taskb.txt,g4pD_taskd.txt,non,non,0.761168,True
g3pC_taskb.txt,g4pD_taske.txt,non,heavy,0.7758223,True
g3pC_taskb.txt,g4pE_taska.txt,non,heavy,0.7125317,True
g3pC_taskb.txt,g4pE_taskb.txt,non,light,0.88676924,True
g3pC_taskb.txt,g4pE_taskc.txt,non,cut,0.7484852,True
g3pC_taskb.txt,g4pE_taskd.txt,non,non,0.8355616,True
g3pC_taskb.txt,g4pE_taske.txt,non,non,0.80424756,True
g3pC_taskb.txt,orig_taska.txt,non,orig,0.78889865,True
g3pC_taskb.txt,orig_taskb.txt,non,orig,0.93106276,True
g3pC_taskb.txt,orig_taskc.txt,non,orig,0.83260316,True
g3pC_taskb.txt,orig_taskd.txt,non,orig,0.68576574,False
g3pC_taskb.txt,orig_taske.txt,non,orig,0.78720605,True
g3pC_taskc.txt,g3pC_taskd.txt,non,heavy,0.67336875,False
g3pC_taskc.txt,g3pC_taske.txt,non,light,0.7124037,True
g3pC_taskc.txt,g4pB_taska.txt,non,non,0.6383286,False
g3pC_taskc.txt,g4pB_taskb.txt,non,non,0.7554292,True
g3pC_taskc.txt,g4pB_taskc.txt,non,heavy,0.8775289,True
g3pC_taskc.txt,g4pB_taskd.txt,non,light,0.705926,True
g3pC_taskc.txt,g4pB_taske.txt,non,cut,0.76187325,True
g3pC_taskc.txt,g4pC_taska.txt,non,cut,0.6785145,False
g3pC_taskc.txt,g4pC_taskb.txt,non,non,0.82385564,True
g3pC_taskc.txt,g4pC_taskc.txt,non,non,0.80927783,True
g3pC_taskc.txt,g4pC_taskd.txt,non,heavy,0.7180971,True
g3pC_taskc.txt,g4pC_taske.txt,non,light,0.7531306,True
g3pC_taskc.txt,g4pD_taska.txt,non,light,0.69039583,False
g3pC_taskc.txt,g4pD_taskb.txt,non,cut,0.83836555,True
g3pC_taskc.txt,g4pD_taskc.txt,non,non,0.7956327,True
g3pC_taskc.txt,g4pD_taskd.txt,non,non,0.7053826,True
g3pC_taskc.txt,g4pD_taske.txt,non,heavy,0.7975766,True
g3pC_taskc.txt,g4pE_taska.txt,non,heavy,0.60850227,False
g3pC_taskc.txt,g4pE_taskb.txt,non,light,0.7725089,True
g3pC_taskc.txt,g4pE_taskc.txt,non,cut,0.8257376,True
g3pC_taskc.txt,g4pE_taskd.txt,non,non,0.7808489,True
g3pC_taskc.txt,g4pE_taske.txt,non,non,0.7114328,True
g3pC_taskc.txt,orig_taska.txt,non,orig,0.6799582,False
g3pC_taskc.txt,orig_taskb.txt,non,orig,0.81052846,True
g3pC_taskc.txt,orig_taskc.txt,non,orig,0.847159,True
g3pC_taskc.txt,orig_taskd.txt,non,orig,0.73505396,True
g3pC_taskc.txt,orig_taske.txt,non,orig,0.788224,True
g3pC_taskd.txt,g3pC_taske.txt,heavy,light,0.6148869,False
g3pC_taskd.txt,g4pB_taska.txt,heavy,non,0.61557126,False
g3pC_taskd.txt,g4pB_taskb.txt,heavy,non,0.5685842,False
g3pC_taskd.txt,g4pB_taskc.txt,heavy,heavy,0.70080733,True
g3pC_taskd.txt,g4pB_taskd.txt,heavy,light,0.95630103,True
g3pC_taskd.txt,g4pB_taske.txt,heavy,cut,0.6174828,False
g3pC_taskd.txt,g4pC_taska.txt,heavy,cut,0.64221835,False
g3pC_taskd.txt,g4pC_taskb.txt,heavy,non,0.6085354,False
g3pC_taskd.txt,g4pC_taskc.txt,heavy,non,0.67387104,False
g3pC_taskd.txt,g4pC_taskd.txt,heavy,heavy,0.9384166,True
g3pC_taskd.txt,g4pC_taske.txt,heavy,light,0.6327269,False
g3pC_taskd.txt,g4pD_taska.txt,heavy,light,0.64677715,False
g3pC_taskd.txt,g4pD_taskb.txt,heavy,cut,0.73807985,True
g3pC_taskd.txt,g4pD_taskc.txt,heavy,non,0.7168046,True
g3pC_taskd.txt,g4pD_taskd.txt,heavy,non,0.7770134,True
g3pC_taskd.txt,g4pD_taske.txt,heavy,heavy,0.6725426,False
g3pC_taskd.txt,g4pE_taska.txt,heavy,heavy,0.5474686,False
g3pC_taskd.txt,g4pE_taskb.txt,heavy,light,0.57477295,False
g3pC_taskd.txt,g4pE_taskc.txt,heavy,cut,0.61530715,False
g3pC_taskd.txt,g4pE_taskd.txt,heavy,non,0.71602005,True
g3pC_taskd.txt,g4pE_taske.txt,heavy,non,0.57260394,False
g3pC_taskd.txt,orig_taska.txt,heavy,orig,0.6471815,False
g3pC_taskd.txt,orig_taskb.txt,heavy,orig,0.5906123,False
g3pC_taskd.txt,orig_taskc.txt,heavy,orig,0.69714206,False
g3pC_taskd.txt,orig_taskd.txt,heavy,orig,0.9398085,True
g3pC_taskd.txt,orig_taske.txt,heavy,orig,0.6598406,False
g3pC_taske.txt,g4pB_taska.txt,light,non,0.72358686,True
g3pC_taske.txt,g4pB_taskb.txt,light,non,0.7213201,True
g3pC_taske.txt,g4pB_taskc.txt,light,heavy,0.7977797,True
g3pC_taske.txt,g4pB_taskd.txt,light,light,0.6577274,False
g3pC_taske.txt,g4pB_taske.txt,light,cut,0.8641306,True
g3pC_taske.txt,g4pC_taska.txt,light,cut,0.7803339,True
g3pC_taske.txt,g4pC_taskb.txt,light,non,0.68187463,False
g3pC_taske.txt,g4pC_taskc.txt,light,non,0.71145976,True
g3pC_taske.txt,g4pC_taskd.txt,light,heavy,0.68535256,False
g3pC_taske.txt,g4pC_taske.txt,light,light,0.89722514,True
g3pC_taske.txt,g4pD_taska.txt,light,light,0.77680933,True
g3pC_taske.txt,g4pD_taskb.txt,light,cut,0.73306775,True
g3pC_taske.txt,g4pD_taskc.txt,light,non,0.82403505,True
g3pC_taske.txt,g4pD_taskd.txt,light,non,0.7562765,True
g3pC_taske.txt,g4pD_taske.txt,light,heavy,0.8860415,True
g3pC_taske.txt,g4pE_taska.txt,light,heavy,0.74460214,True
g3pC_taske.txt,g4pE_taskb.txt,light,light,0.68424845,False
g3pC_taske.txt,g4pE_taskc.txt,light,cut,0.72465587,True
g3pC_taske.txt,g4pE_taskd.txt,light,non,0.79986715,True
g3pC_taske.txt,g4pE_taske.txt,light,non,0.85081875,True
g3pC_taske.txt,orig_taska.txt,light,orig,0.7801546,True
g3pC_taske.txt,orig_taskb.txt,light,orig,0.6902461,False
g3pC_taske.txt,orig_taskc.txt,light,orig,0.7966242,True
g3pC_taske.txt,orig_taskd.txt,light,orig,0.69098395,False
g3pC_taske.txt,orig_taske.txt,light,orig,0.8835,True
g4pB_taska.txt,g4pB_taskb.txt,non,non,0.68029547,False
g4pB_taska.txt,g4pB_taskc.txt,non,heavy,0.74646795,True
g4pB_taska.txt,g4pB_taskd.txt,non,light,0.65317935,False
g4pB_taska.txt,g4pB_taske.txt,non,cut,0.68740743,False
g4pB_taska.txt,g4pC_taska.txt,non,cut,0.8516939,True
g4pB_taska.txt,g4pC_taskb.txt,non,non,0.6081408,False
g4pB_taska.txt,g4pC_taskc.txt,non,non,0.7334603,True
g4pB_taska.txt,g4pC_taskd.txt,non,heavy,0.69409597,False
g4pB_taska.txt,g4pC_taske.txt,non,light,0.71355104,True
g4pB_taska.txt,g4pD_taska.txt,non,light,0.82137483,True
g4pB_taska.txt,g4pD_taskb.txt,non,cut,0.70909214,True
g4pB_taska.txt,g4pD_taskc.txt,non,non,0.73607343,True
g4pB_taska.txt,g4pD_taskd.txt,non,non,0.7364072,True
g4pB_taska.txt,g4pD_taske.txt,non,heavy,0.7135,True
g4pB_taska.txt,g4pE_taska.txt,non,heavy,0.8346308,True
g4pB_taska.txt,g4pE_taskb.txt,non,light,0.67194384,False
g4pB_taska.txt,g4pE_taskc.txt,non,cut,0.7098146,True
g4pB_taska.txt,g4pE_taskd.txt,non,non,0.7230893,True
g4pB_taska.txt,g4pE_taske.txt,non,non,0.7207092,True
g4pB_taska.txt,orig_taska.txt,non,orig,0.8501301,True
g4pB_taska.txt,orig_taskb.txt,non,orig,0.6665535,False
g4pB_taska.txt,orig_taskc.txt,non,orig,0.7571843,True
g4pB_taska.txt,orig_taskd.txt,non,orig,0.69805837,False
g4pB_taska.txt,orig_taske.txt,non,orig,0.71059865,True
g4pB_taskb.txt,g4pB_taskc.txt,non,heavy,0.77377677,True
g4pB_taskb.txt,g4pB_taskd.txt,non,light,0.5990664,False
g4pB_taskb.txt,g4pB_taske.txt,non,cut,0.698159,False
g4pB_taskb.txt,g4pC_taska.txt,non,cut,0.7452633,True
g4pB_taskb.txt,g4pC_taskb.txt,non,non,0.84577537,True
g4pB_taskb.txt,g4pC_taskc.txt,non,non,0.7503805,True
g4pB_taskb.txt,g4pC_taskd.txt,non,heavy,0.63000673,False
g4pB_taskb.txt,g4pC_taske.txt,non,light,0.73099434,True
g4pB_taskb.txt,g4pD_taska.txt,non,light,0.7213054,True
g4pB_taskb.txt,g4pD_taskb.txt,non,cut,0.83219934,True
g4pB_taskb.txt,g4pD_taskc.txt,non,non,0.7908252,True
g4pB_taskb.txt,g4pD_taskd.txt,non,non,0.67360836,False
g4pB_taskb.txt,g4pD_taske.txt,non,heavy,0.7309611,True
g4pB_taskb.txt,g4pE_taska.txt,non,heavy,0.68700117,False
g4pB_taskb.txt,g4pE_taskb.txt,non,light,0.84376997,True
g4pB_taskb.txt,g4pE_taskc.txt,non,cut,0.6813522,False
g4pB_taskb.txt,g4pE_taskd.txt,non,non,0.80796015,True
g4pB_taskb.txt,g4pE_taske.txt,non,non,0.75405693,True
g4pB_taskb.txt,orig_taska.txt,non,orig,0.74954045,True
g4pB_taskb.txt,orig_taskb.txt,non,orig,0.8977119,True
g4pB_taskb.txt,orig_taskc.txt,non,orig,0.7865324,True
g4pB_taskb.txt,orig_taskd.txt,non,orig,0.6414335,False
g4pB_taskb.txt,orig_taske.txt,non,orig,0.74193406,True
g4pB_taskc.txt,g4pB_taskd.txt,heavy,light,0.7361829,True
g4pB_taskc.txt,g4pB_taske.txt,heavy,cut,0.8182697,True
g4pB_taskc.txt,g4pC_taska.txt,heavy,cut,0.78521395,True
g4pB_taskc.txt,g4pC_taskb.txt,heavy,non,0.80232275,True
g4pB_taskc.txt,g4pC_taskc.txt,heavy,non,0.8736201,True
g4pB_taskc.txt,g4pC_taskd.txt,heavy,heavy,0.7603121,True
g4pB_taskc.txt,g4pC_taske.txt,heavy,light,0.83661413,True
g4pB_taskc.txt,g4pD_taska.txt,heavy,light,0.7839364,True
g4pB_taskc.txt,g4pD_taskb.txt,heavy,cut,0.83965683,True
g4pB_taskc.txt,g4pD_taskc.txt,heavy,non,0.8848767,True
g4pB_taskc.txt,g4pD_taskd.txt,heavy,non,0.7976143,True
g4pB_taskc.txt,g4pD_taske.txt,heavy,heavy,0.8416506,True
g4pB_taskc.txt,g4pE_taska.txt,heavy,heavy,0.71063113,True
g4pB_taskc.txt,g4pE_taskb.txt,heavy,light,0.78250116,True
g4pB_taskc.txt,g4pE_taskc.txt,heavy,cut,0.91948444,True
g4pB_taskc.txt,g4pE_taskd.txt,heavy,non,0.83316934,True
g4pB_taskc.txt,g4pE_taske.txt,heavy,non,0.79976094,True
g4pB_taskc.txt,orig_taska.txt,heavy,orig,0.7878998,True
g4pB_taskc.txt,orig_taskb.txt,heavy,orig,0.7997452,True
g4pB_taskc.txt,orig_taskc.txt,heavy,orig,0.9658758,True
g4pB_taskc.txt,orig_taskd.txt,heavy,orig,0.76912594,True
g4pB_taskc.txt,orig_taske.txt,heavy,orig,0.846003,True
g4pB_taskd.txt,g4pB_taske.txt,light,cut,0.64366394,False
g4pB_taskd.txt,g4pC_taska.txt,light,cut,0.6885514,False
g4pB_taskd.txt,g4pC_taskb.txt,light,non,0.6289441,False
g4pB_taskd.txt,g4pC_taskc.txt,light,non,0.7011212,True
g4pB_taskd.txt,g4pC_taskd.txt,light,heavy,0.97117937,True
g4pB_taskd.txt,g4pC_taske.txt,light,light,0.67179453,False
g4pB_taskd.txt,g4pD_taska.txt,light,light,0.69454324,False
g4pB_taskd.txt,g4pD_taskb.txt,light,cut,0.77313673,True
g4pB_taskd.txt,g4pD_taskc.txt,light,non,0.7650541,True
g4pB_taskd.txt,g4pD_taskd.txt,light,non,0.828599,True
g4pB_taskd.txt,g4pD_taske.txt,light,heavy,0.703517,True
g4pB_taskd.txt,g4pE_taska.txt,light,heavy,0.59480137,False
g4pB_taskd.txt,g4pE_taskb.txt,light,light,0.62824297,False
g4pB_taskd.txt,g4pE_taskc.txt,light,cut,0.659217,False
g4pB_taskd.txt,g4pE_taskd.txt,light,non,0.7541654,True
g4pB_taskd.txt,g4pE_taske.txt,light,non,0.60078317,False
g4pB_taskd.txt,orig_taska.txt,light,orig,0.69546723,False
g4pB_taskd.txt,orig_taskb.txt,light,orig,0.6435463,False
g4pB_taskd.txt,orig_taskc.txt,light,orig,0.74075246,True
g4pB_taskd.txt,orig_taskd.txt,light,orig,0.9764827,True
g4pB_taskd.txt,orig_taske.txt,light,orig,0.69228905,False
g4pB_taske.txt,g4pC_taska.txt,cut,cut,0.77200735,True
g4pB_taske.txt,g4pC_taskb.txt,cut,non,0.72568816,True
g4pB_taske.txt,g4pC_taskc.txt,cut,non,0.7669743,True
g4pB_taske.txt,g4pC_taskd.txt,cut,heavy,0.6784644,False
g4pB_taske.txt,g4pC_taske.txt,cut,light,0.9083768,True
g4pB_taske.txt,g4pD_taska.txt,cut,light,0.7626522,True
g4pB_taske.txt,g4pD_taskb.txt,cut,cut,0.75146616,True
g4pB_taske.txt,g4pD_taskc.txt,cut,non,0.7918929,True
g4pB_taske.txt,g4pD_taskd.txt,cut,non,0.742465,True
g4pB_taske.txt,g4pD_taske.txt,cut,heavy,0.94999945,True
g4pB_taske.txt,g4pE_taska.txt,cut,heavy,0.7033816,True
g4pB_taske.txt,g4pE_taskb.txt,cut,light,0.66313976,False
g4pB_taske.txt,g4pE_taskc.txt,cut,cut,0.74480975,True
g4pB_taske.txt,g4pE_taskd.txt,cut,non,0.7772069,True
g4pB_taske.txt,g4pE_taske.txt,cut,non,0.8324756,True
g4pB_taske.txt,orig_taska.txt,cut,orig,0.76817906,True
g4pB_taske.txt,orig_taskb.txt,cut,orig,0.6746056,False
g4pB_taske.txt,orig_taskc.txt,cut,orig,0.79595053,True
g4pB_taske.txt,orig_taskd.txt,cut,orig,0.6846994,False
g4pB_taske.txt,orig_taske.txt,cut,orig,0.98261493,True
g4pC_taska.txt,g4pC_taskb.txt,cut,non,0.6566787,False
g4pC_taska.txt,g4pC_taskc.txt,cut,non,0.78068805,True
g4pC_taska.txt,g4pC_taskd.txt,cut,heavy,0.72084177,True
g4pC_taska.txt,g4pC_taske.txt,cut,light,0.78954387,True
g4pC_taska.txt,g4pD_taska.txt,cut,light,0.953757,True
g4pC_taska.txt,g4pD_taskb.txt,cut,cut,0.7675989,True
g4pC_taska.txt,g4pD_taskc.txt,cut,non,0.8141433,True
g4pC_taska.txt,g4pD_taskd.txt,cut,non,0.7965689,True
g4pC_taska.txt,g4pD_taske.txt,cut,heavy,0.7974813,True
g4pC_taska.txt,g4pE_taska.txt,cut,heavy,0.88772625,True
g4pC_taska.txt,g4pE_taskb.txt,cut,light,0.7156808,True
g4pC_taska.txt,g4pE_taskc.txt,cut,cut,0.7147305,True
g4pC_taska.txt,g4pE_taskd.txt,cut,non,0.78877497,True
g4pC_taska.txt,g4pE_taske.txt,cut,non,0.7958652,True
g4pC_taska.txt,orig_taska.txt,cut,orig,0.99710536,True
g4pC_taska.txt,orig_taskb.txt,cut,orig,0.7026168,True
g4pC_taska.txt,orig_taskc.txt,cut,orig,0.81253326,True
g4pC_taska.txt,orig_taskd.txt,cut,orig,0.7268081,True
g4pC_taska.txt,orig_taske.txt,cut,orig,0.79967505,True
g4pC_taskb.txt,g4pC_taskc.txt,non,non,0.7635511,True
g4pC_taskb.txt,g4pC_taskd.txt,non,heavy,0.63748646,False
g4pC_taskb.txt,g4pC_taske.txt,non,light,0.73692584,True
g4pC_taskb.txt,g4pD_taska.txt,non,light,0.66952026,False
g4pC_taskb.txt,g4pD_taskb.txt,non,cut,0.83094263,True
g4pC_taskb.txt,g4pD_taskc.txt,non,non,0.742701,True
g4pC_taskb.txt,g4pD_taskd.txt,non,non,0.65914774,False
g4pC_taskb.txt,g4pD_taske.txt,non,heavy,0.7589998,True
g4pC_taskb.txt,g4pE_taska.txt,non,heavy,0.5950604,False
g4pC_taskb.txt,g4pE_taskb.txt,non,light,0.84800476,True
g4pC_taskb.txt,g4pE_taskc.txt,non,cut,0.7134633,True
g4pC_taskb.txt,g4pE_taskd.txt,non,non,0.76320505,True
g4pC_taskb.txt,g4pE_taske.txt,non,non,0.7555971,True
g4pC_taskb.txt,orig_taska.txt,non,orig,0.65160227,False
g4pC_taskb.txt,orig_taskb.txt,non,orig,0.90336716,True
g4pC_taskb.txt,orig_taskc.txt,non,orig,0.78856516,True
g4pC_taskb.txt,orig_taskd.txt,non,orig,0.6581632,False
g4pC_taskb.txt,orig_taske.txt,non,orig,0.75430536,True
g4pC_taskc.txt,g4pC_taskd.txt,non,heavy,0.73594004,True
g4pC_taskc.txt,g4pC_taske.txt,non,light,0.76293355,True
g4pC_taskc.txt,g4pD_taska.txt,non,light,0.7697347,True
g4pC_taskc.txt,g4pD_taskb.txt,non,cut,0.8079264,True
g4pC_taskc.txt,g4pD_taskc.txt,non,non,0.8268806,True
g4pC_taskc.txt,g4pD_taskd.txt,non,non,0.73164374,True
g4pC_taskc.txt,g4pD_taske.txt,non,heavy,0.7773374,True
g4pC_taskc.txt,g4pE_taska.txt,non,heavy,0.6988525,False
g4pC_taskc.txt,g4pE_taskb.txt,non,light,0.7692907,True
g4pC_taskc.txt,g4pE_taskc.txt,non,cut,0.8086113,True
g4pC_taskc.txt,g4pE_taskd.txt,non,non,0.7862681,True
g4pC_taskc.txt,g4pE_taske.txt,non,non,0.75582665,True
g4pC_taskc.txt,orig_taska.txt,non,orig,0.78257716,True
g4pC_taskc.txt,orig_taskb.txt,non,orig,0.7751156,True
g4pC_taskc.txt,orig_taskc.txt,non,orig,0.87650836,True
g4pC_taskc.txt,orig_taskd.txt,non,orig,0.7440134,True
g4pC_taskc.txt,orig_taske.txt,non,orig,0.79194885,True
g4pC_taskd.txt,g4pC_taske.txt,heavy,light,0.703818,True
g4pC_taskd.txt,g4pD_taska.txt,heavy,light,0.7215545,True
g4pC_taskd.txt,g4pD_taskb.txt,heavy,cut,0.7967138,True
g4pC_taskd.txt,g4pD_taskc.txt,heavy,non,0.78944165,True
g4pC_taskd.txt,g4pD_taskd.txt,heavy,non,0.8565206,True
g4pC_taskd.txt,g4pD_taske.txt,heavy,heavy,0.7260387,True
g4pC_taskd.txt,g4pE_taska.txt,heavy,heavy,0.6210003,False
g4pC_taskd.txt,g4pE_taskb.txt,heavy,light,0.6406574,False
g4pC_taskd.txt,g4pE_taskc.txt,heavy,cut,0.6879361,False
g4pC_taskd.txt,g4pE_taskd.txt,heavy,non,0.7852416,True
g4pC_taskd.txt,g4pE_taske.txt,heavy,non,0.63303804,False
g4pC_taskd.txt,orig_taska.txt,heavy,orig,0.7253965,True
g4pC_taskd.txt,orig_taskb.txt,heavy,orig,0.66087776,False
g4pC_taskd.txt,orig_taskc.txt,heavy,orig,0.7732515,True
g4pC_taskd.txt,orig_taskd.txt,heavy,orig,0.9957068,True
g4pC_taskd.txt,orig_taske.txt,heavy,orig,0.7215127,True
g4pC_taske.txt,g4pD_taska.txt,light,light,0.78735924,True
g4pC_taske.txt,g4pD_taskb.txt,light,cut,0.75641453,True
g4pC_taske.txt,g4pD_taskc.txt,light,non,0.8311955,True
g4pC_taske.txt,g4pD_taskd.txt,light,non,0.7884241,True
g4pC_taske.txt,g4pD_taske.txt,light,heavy,0.884554,True
g4pC_taske.txt,g4pE_taska.txt,light,heavy,0.740841,True
g4pC_taske.txt,g4pE_taskb.txt,light,light,0.71425724,True
g4pC_taske.txt,g4pE_taskc.txt,light,cut,0.76265955,True
g4pC_taske.txt,g4pE_taskd.txt,light,non,0.84029365,True
g4pC_taske.txt,g4pE_taske.txt,light,non,0.87499577,True
g4pC_taske.txt,orig_taska.txt,light,orig,0.7917209,True
g4pC_taske.txt,orig_taskb.txt,light,orig,0.72310454,True
g4pC_taske.txt,orig_taskc.txt,light,orig,0.8261787,True
g4pC_taske.txt,orig_taskd.txt,light,orig,0.7066248,True
g4pC_taske.txt,orig_taske.txt,light,orig,0.95247144,True
g4pD_taska.txt,g4pD_taskb.txt,light,cut,0.7622323,True
g4pD_taska.txt,g4pD_taskc.txt,light,non,0.8095578,True
g4pD_taska.txt,g4pD_taskd.txt,light,non,0.79598284,True
g4pD_taska.txt,g4pD_taske.txt,light,heavy,0.7859776,True
g4pD_taska.txt,g4pE_taska.txt,light,heavy,0.86902976,True
g4pD_taska.txt,g4pE_taskb.txt,light,light,0.71573603,True
g4pD_taska.txt,g4pE_taskc.txt,light,cut,0.7261084,True
g4pD_taska.txt,g4pE_taskd.txt,light,non,0.79977906,True
g4pD_taska.txt,g4pE_taske.txt,light,non,0.787999,True
g4pD_taska.txt,orig_taska.txt,light,orig,0.95749366,True
g4pD_taska.txt,orig_taskb.txt,light,orig,0.71132565,True
g4pD_taska.txt,orig_taskc.txt,light,orig,0.8046525,True
g4pD_taska.txt,orig_taskd.txt,light,orig,0.72978294,True
g4pD_taska.txt,orig_taske.txt,light,orig,0.78595185,True
g4pD_taskb.txt,g4pD_taskc.txt,cut,non,0.8391974,True
g4pD_taskb.txt,g4pD_taskd.txt,cut,non,0.75026774,True
g4pD_taskb.txt,g4pD_taske.txt,cut,heavy,0.7893116,True
g4pD_taskb.txt,g4pE_taska.txt,cut,heavy,0.6852859,False
g4pD_taskb.txt,g4pE_taskb.txt,cut,light,0.8410185,True
g4pD_taskb.txt,g4pE_taskc.txt,cut,cut,0.753718,True
g4pD_taskb.txt,g4pE_taskd.txt,cut,non,0.82353055,True
g4pD_taskb.txt,g4pE_taske.txt,cut,non,0.72545695,True
g4pD_taskb.txt,orig_taska.txt,cut,orig,0.76843023,True
g4pD_taskb.txt,orig_taskb.txt,cut,orig,0.86248904,True
g4pD_taskb.txt,orig_taskc.txt,cut,orig,0.851999,True
g4pD_taskb.txt,orig_taskd.txt,cut,orig,0.80283594,True
g4pD_taskb.txt,orig_taske.txt,cut,orig,0.7898915,True
g4pD_taskc.txt,g4pD_taskd.txt,non,non,0.80641216,True
g4pD_taskc.txt,g4pD_taske.txt,non,heavy,0.82445204,True
g4pD_taskc.txt,g4pE_taska.txt,non,heavy,0.73281944,True
g4pD_taskc.txt,g4pE_taskb.txt,non,light,0.7838793,True
g4pD_taskc.txt,g4pE_taskc.txt,non,cut,0.79260856,True
g4pD_taskc.txt,g4pE_taskd.txt,non,non,0.8498437,True
g4pD_taskc.txt,g4pE_taske.txt,non,non,0.78693736,True
g4pD_taskc.txt,orig_taska.txt,non,orig,0.82088447,True
g4pD_taskc.txt,orig_taskb.txt,non,orig,0.79962456,True
g4pD_taskc.txt,orig_taskc.txt,non,orig,0.90171134,True
g4pD_taskc.txt,orig_taskd.txt,non,orig,0.7960707,True
g4pD_taskc.txt,orig_taske.txt,non,orig,0.8327631,True
g4pD_taskd.txt,g4pD_taske.txt,non,heavy,0.76868796,True
g4pD_taskd.txt,g4pE_taska.txt,non,heavy,0.6950859,False
g4pD_taskd.txt,g4pE_taskb.txt,non,light,0.70717525,True
g4pD_taskd.txt,g4pE_taskc.txt,non,cut,0.7361263,True
g4pD_taskd.txt,g4pE_taskd.txt,non,non,0.8313154,True
g4pD_taskd.txt,g4pE_taske.txt,non,non,0.7499974,True
g4pD_taskd.txt,orig_taska.txt,non,orig,0.7995033,True
g4pD_taskd.txt,orig_taskb.txt,non,orig,0.70309806,True
g4pD_taskd.txt,orig_taskc.txt,non,orig,0.80238485,True
g4pD_taskd.txt,orig_taskd.txt,non,orig,0.8626181,True
g4pD_taskd.txt,orig_taske.txt,non,orig,0.78412354,True
g4pD_taske.txt,g4pE_taska.txt,heavy,heavy,0.7284875,True
g4pD_taske.txt,g4pE_taskb.txt,heavy,light,0.7003148,True
g4pD_taske.txt,g4pE_taskc.txt,heavy,cut,0.764281,True
g4pD_taske.txt,g4pE_taskd.txt,heavy,non,0.8029624,True
g4pD_taske.txt,g4pE_taske.txt,heavy,non,0.85219586,True
g4pD_taske.txt,orig_taska.txt,heavy,orig,0.7936448,True
g4pD_taske.txt,orig_taskb.txt,heavy,orig,0.7137351,True
g4pD_taske.txt,orig_taskc.txt,heavy,orig,0.8322124,True
g4pD_taske.txt,orig_taskd.txt,heavy,orig,0.73679465,True
g4pD_taske.txt,orig_taske.txt,heavy,orig,0.9516836,True
g4pE_taska.txt,g4pE_taskb.txt,heavy,light,0.6572833,False
g4pE_taska.txt,g4pE_taskc.txt,heavy,cut,0.64930665,False
g4pE_taska.txt,g4pE_taskd.txt,heavy,non,0.71675897,True
g4pE_taska.txt,g4pE_taske.txt,heavy,non,0.7704406,True
g4pE_taska.txt,orig_taska.txt,heavy,orig,0.88560146,True
g4pE_taska.txt,orig_taskb.txt,heavy,orig,0.64713025,False
g4pE_taska.txt,orig_taskc.txt,heavy,orig,0.733359,True
g4pE_taska.txt,orig_taskd.txt,heavy,orig,0.6276927,False
g4pE_taska.txt,orig_taske.txt,heavy,orig,0.7325077,True
g4pE_taskb.txt,g4pE_taskc.txt,light,cut,0.6908745,False
g4pE_taskb.txt,g4pE_taskd.txt,light,non,0.768479,True
g4pE_taskb.txt,g4pE_taske.txt,light,non,0.72055197,True
g4pE_taskb.txt,orig_taska.txt,light,orig,0.71856606,True
g4pE_taskb.txt,orig_taskb.txt,light,orig,0.9565929,True
g4pE_taskb.txt,orig_taskc.txt,light,orig,0.7928965,True
g4pE_taskb.txt,orig_taskd.txt,light,orig,0.65843683,False
g4pE_taskb.txt,orig_taske.txt,light,orig,0.70795214,True
g4pE_taskc.txt,g4pE_taskd.txt,cut,non,0.7516288,True
g4pE_taskc.txt,g4pE_taske.txt,cut,non,0.73304963,True
g4pE_taskc.txt,orig_taska.txt,cut,orig,0.71753144,True
g4pE_taskc.txt,orig_taskb.txt,cut,orig,0.71078116,True
g4pE_taskc.txt,orig_taskc.txt,cut,orig,0.9078703,True
g4pE_taskc.txt,orig_taskd.txt,cut,orig,0.69602716,False
g4pE_taskc.txt,orig_taske.txt,cut,orig,0.7638611,True
g4pE_taskd.txt,g4pE_taske.txt,non,non,0.7992382,True
g4pE_taskd.txt,orig_taska.txt,non,orig,0.79586226,True
g4pE_taskd.txt,orig_taskb.txt,non,orig,0.799108,True
g4pE_taskd.txt,orig_taskc.txt,non,orig,0.84242177,True
g4pE_taskd.txt,orig_taskd.txt,non,orig,0.79114115,True
g4pE_taskd.txt,orig_taske.txt,non,orig,0.8272102,True
g4pE_taske.txt,orig_taska.txt,non,orig,0.79260445,True
g4pE_taske.txt,orig_taskb.txt,non,orig,0.73735327,True
g4pE_taske.txt,orig_taskc.txt,non,orig,0.8119683,True
g4pE_taske.txt,orig_taskd.txt,non,orig,0.64595485,False
g4pE_taske.txt,orig_taske.txt,non,orig,0.85548353,True
orig_taska.txt,orig_taskb.txt,orig,orig,0.70604974,True
orig_taska.txt,orig_taskc.txt,orig,orig,0.8160081,True
orig_taska.txt,orig_taskd.txt,orig,orig,0.731148,True
orig_taska.txt,orig_taske.txt,orig,orig,0.7977817,True
orig_taskb.txt,orig_taskc.txt,orig,orig,0.8086742,True
orig_taskb.txt,orig_taskd.txt,orig,orig,0.67878354,False
orig_taskb.txt,orig_taske.txt,orig,orig,0.71934694,True
orig_taskc.txt,orig_taskd.txt,orig,orig,0.78199387,True
orig_taskc.txt,orig_taske.txt,orig,orig,0.8302476,True
orig_taskd.txt,orig_taske.txt,orig,orig,0.72876346,True
