ImageId,Label
1,7
2,5
3,5
4,5
5,3
6,5
7,7
8,5
9,7
10,5
11,5
12,7
13,5
14,0
15,5
16,3
17,7
18,5
19,5
20,2
21,5
22,1
23,1
24,5
25,7
26,5
27,7
28,7
29,5
30,7
31,7
32,5
33,5
34,2
35,5
36,2
37,7
38,5
39,5
40,2
41,7
42,7
43,5
44,5
45,5
46,7
47,5
48,7
49,5
50,5
51,2
52,5
53,5
54,3
55,5
56,1
57,1
58,7
59,5
60,5
61,5
62,1
63,7
64,2
65,5
66,7
67,5
68,5
69,2
70,1
71,5
72,5
73,3
74,5
75,2
76,4
77,5
78,5
79,7
80,2
81,5
82,5
83,5
84,5
85,5
86,2
87,5
88,7
89,5
90,7
91,2
92,4
93,5
94,5
95,1
96,5
97,5
98,5
99,7
100,5
101,2
102,5
103,2
104,7
105,7
106,5
107,5
108,5
109,5
110,7
111,2
112,0
113,5
114,7
115,5
116,7
117,5
118,5
119,5
120,5
121,3
122,7
123,7
124,5
125,5
126,2
127,4
128,7
129,1
130,5
131,7
132,5
133,5
134,7
135,5
136,7
137,5
138,1
139,5
140,5
141,5
142,5
143,5
144,5
145,5
146,5
147,7
148,7
149,2
150,5
151,5
152,5
153,5
154,5
155,5
156,5
157,7
158,5
159,7
160,1
161,5
162,7
163,5
164,5
165,5
166,7
167,7
168,5
169,5
170,0
171,2
172,7
173,7
174,5
175,5
176,5
177,7
178,5
179,5
180,7
181,5
182,7
183,5
184,5
185,5
186,7
187,5
188,5
189,5
190,5
191,5
192,1
193,5
194,5
195,5
196,0
197,5
198,7
199,5
200,5
201,5
202,5
203,7
204,5
205,7
206,0
207,5
208,5
209,5
210,5
211,2
212,5
213,3
214,5
215,5
216,2
217,5
218,5
219,5
220,5
221,7
222,5
223,5
224,5
225,7
226,5
227,5
228,5
229,5
230,7
231,5
232,5
233,5
234,1
235,7
236,7
237,7
238,5
239,5
240,5
241,4
242,5
243,2
244,1
245,5
246,5
247,5
248,4
249,5
250,5
251,5
252,7
253,5
254,5
255,5
256,5
257,5
258,1
259,5
260,5
261,6
262,3
263,3
264,5
265,7
266,7
267,5
268,5
269,5
270,1
271,5
272,5
273,5
274,3
275,7
276,5
277,1
278,5
279,5
280,5
281,2
282,5
283,7
284,5
285,5
286,5
287,7
288,5
289,5
290,5
291,5
292,5
293,7
294,5
295,5
296,4
297,5
298,5
299,2
300,5
301,5
302,5
303,5
304,7
305,5
306,5
307,5
308,1
309,5
310,5
311,7
312,5
313,5
314,5
315,5
316,5
317,5
318,5
319,5
320,5
321,5
322,1
323,1
324,5
325,5
326,5
327,5
328,1
329,5
330,5
331,5
332,5
333,1
334,7
335,5
336,5
337,7
338,5
339,5
340,7
341,5
342,5
343,5
344,5
345,5
346,5
347,5
348,5
349,7
350,7
351,1
352,7
353,7
354,7
355,5
356,7
357,4
358,5
359,5
360,7
361,7
362,5
363,5
364,5
365,5
366,2
367,5
368,7
369,5
370,2
371,5
372,5
373,5
374,5
375,7
376,5
377,5
378,5
379,3
380,7
381,2
382,5
383,5
384,5
385,7
386,5
387,7
388,5
389,5
390,5
391,5
392,7
393,5
394,5
395,5
396,5
397,1
398,1
399,7
400,3
401,5
402,7
403,5
404,1
405,5
406,1
407,4
408,5
409,5
410,5
411,5
412,5
413,5
414,1
415,7
416,5
417,5
418,1
419,5
420,5
421,5
422,5
423,5
424,5
425,5
426,1
427,5
428,7
429,5
430,7
431,5
432,5
433,5
434,7
435,5
436,5
437,5
438,5
439,5
440,5
441,5
442,4
443,7
444,5
445,5
446,5
447,5
448,5
449,5
450,5
451,5
452,7
453,2
454,5
455,5
456,4
457,7
458,5
459,5
460,5
461,5
462,7
463,5
464,4
465,5
466,1
467,7
468,5
469,5
470,5
471,1
472,5
473,5
474,5
475,5
476,5
477,5
478,5
479,5
480,7
481,5
482,5
483,1
484,7
485,5
486,5
487,5
488,7
489,5
490,7
491,5
492,5
493,7
494,5
495,5
496,7
497,5
498,5
499,7
500,5
501,4
502,5
503,5
504,4
505,1
506,5
507,5
508,5
509,5
510,5
511,7
512,5
513,5
514,7
515,5
516,3
517,5
518,7
519,5
520,7
521,5
522,5
523,5
524,7
525,7
526,1
527,5
528,1
529,5
530,7
531,7
532,5
533,5
534,5
535,5
536,5
537,6
538,5
539,5
540,5
541,4
542,2
543,5
544,2
545,7
546,5
547,7
548,5
549,7
550,5
551,1
552,5
553,7
554,7
555,7
556,2
557,7
558,5
559,5
560,2
561,5
562,2
563,5
564,1
565,5
566,5
567,5
568,5
569,1
570,5
571,5
572,5
573,5
574,5
575,5
576,5
577,5
578,7
579,5
580,7
581,5
582,1
583,7
584,5
585,7
586,1
587,7
588,5
589,5
590,0
591,5
592,5
593,5
594,5
595,5
596,5
597,5
598,2
599,0
600,3
601,5
602,5
603,7
604,5
605,5
606,7
607,5
608,5
609,5
610,5
611,7
612,5
613,3
614,3
615,7
616,4
617,7
618,5
619,7
620,7
621,5
622,5
623,5
624,7
625,2
626,5
627,5
628,5
629,2
630,7
631,5
632,5
633,5
634,5
635,1
636,5
637,7
638,7
639,5
640,5
641,5
642,5
643,5
644,5
645,5
646,7
647,5
648,5
649,5
650,5
651,5
652,5
653,5
654,2
655,5
656,7
657,5
658,5
659,2
660,7
661,7
662,3
663,5
664,5
665,5
666,1
667,1
668,7
669,7
670,2
671,5
672,5
673,5
674,3
675,5
676,5
677,7
678,5
679,5
680,2
681,5
682,5
683,5
684,5
685,5
686,5
687,5
688,5
689,5
690,5
691,2
692,2
693,5
694,5
695,5
696,5
697,5
698,5
699,5
700,7
701,5
702,5
703,5
704,0
705,4
706,5
707,4
708,5
709,5
710,5
711,1
712,7
713,1
714,5
715,5
716,5
717,7
718,5
719,7
720,7
721,5
722,3
723,1
724,0
725,5
726,2
727,2
728,5
729,7
730,5
731,7
732,1
733,3
734,7
735,7
736,7
737,1
738,5
739,5
740,5
741,5
742,5
743,7
744,5
745,5
746,5
747,5
748,7
749,5
750,5
751,5
752,5
753,5
754,5
755,5
756,5
757,7
758,5
759,1
760,7
761,7
762,5
763,5
764,5
765,4
766,5
767,5
768,5
769,1
770,5
771,5
772,5
773,7
774,1
775,5
776,5
777,5
778,5
779,3
780,1
781,1
782,2
783,5
784,5
785,5
786,5
787,5
788,5
789,5
790,5
791,5
792,5
793,5
794,5
795,5
796,7
797,1
798,5
799,5
800,5
801,5
802,5
803,2
804,5
805,5
806,5
807,5
808,6
809,5
810,5
811,5
812,5
813,2
814,5
815,5
816,5
817,5
818,5
819,7
820,5
821,5
822,2
823,5
824,7
825,1
826,5
827,2
828,5
829,5
830,7
831,5
832,5
833,5
834,5
835,5
836,5
837,2
838,5
839,5
840,5
841,1
842,5
843,5
844,5
845,5
846,5
847,7
848,7
849,5
850,5
851,5
852,5
853,7
854,5
855,7
856,5
857,5
858,5
859,5
860,5
861,5
862,5
863,5
864,5
865,7
866,3
867,5
868,7
869,7
870,3
871,5
872,5
873,5
874,7
875,7
876,7
877,5
878,5
879,7
880,5
881,5
882,5
883,5
884,5
885,7
886,7
887,1
888,5
889,5
890,5
891,5
892,5
893,2
894,5
895,5
896,2
897,5
898,5
899,1
900,5
901,5
902,5
903,5
904,7
905,5
906,7
907,5
908,5
909,7
910,7
911,2
912,7
913,5
914,5
915,1
916,4
917,5
918,5
919,1
920,5
921,7
922,5
923,5
924,5
925,4
926,7
927,5
928,2
929,5
930,3
931,5
932,7
933,5
934,5
935,5
936,8
937,7
938,7
939,5
940,5
941,5
942,5
943,5
944,1
945,7
946,5
947,5
948,2
949,4
950,7
951,5
952,5
953,5
954,7
955,5
956,2
957,5
958,5
959,5
960,2
961,7
962,5
963,5
964,5
965,5
966,5
967,1
968,5
969,7
970,5
971,5
972,1
973,4
974,5
975,5
976,5
977,3
978,5
979,7
980,5
981,5
982,5
983,7
984,5
985,7
986,7
987,7
988,5
989,5
990,7
991,5
992,5
993,5
994,5
995,5
996,5
997,2
998,7
999,2
1000,5
1001,5
1002,7
1003,5
1004,7
1005,5
1006,5
1007,5
1008,2
1009,5
1010,5
1011,2
1012,5
1013,5
1014,7
1015,3
1016,7
1017,7
1018,5
1019,5
1020,5
1021,5
1022,5
1023,5
1024,5
1025,7
1026,5
1027,5
1028,5
1029,5
1030,1
1031,5
1032,5
1033,5
1034,5
1035,5
1036,5
1037,5
1038,5
1039,5
1040,2
1041,1
1042,5
1043,1
1044,5
1045,5
1046,2
1047,7
1048,7
1049,5
1050,2
1051,7
1052,5
1053,5
1054,5
1055,5
1056,5
1057,5
1058,5
1059,5
1060,7
1061,5
1062,5
1063,5
1064,2
1065,5
1066,5
1067,5
1068,2
1069,5
1070,5
1071,8
1072,5
1073,5
1074,5
1075,5
1076,2
1077,5
1078,5
1079,2
1080,5
1081,5
1082,7
1083,2
1084,5
1085,7
1086,5
1087,5
1088,5
1089,3
1090,1
1091,3
1092,5
1093,5
1094,5
1095,7
1096,5
1097,5
1098,5
1099,4
1100,3
1101,5
1102,2
1103,5
1104,1
1105,5
1106,7
1107,2
1108,5
1109,5
1110,2
1111,7
1112,7
1113,5
1114,1
1115,5
1116,5
1117,7
1118,1
1119,5
1120,5
1121,5
1122,5
1123,5
1124,5
1125,5
1126,5
1127,5
1128,2
1129,1
1130,5
1131,7
1132,5
1133,5
1134,5
1135,5
1136,4
1137,5
1138,7
1139,7
1140,7
1141,2
1142,5
1143,7
1144,1
1145,7
1146,5
1147,5
1148,5
1149,5
1150,3
1151,5
1152,7
1153,5
1154,5
1155,2
1156,5
1157,5
1158,5
1159,5
1160,5
1161,5
1162,5
1163,5
1164,7
1165,5
1166,5
1167,5
1168,7
1169,5
1170,5
1171,5
1172,7
1173,5
1174,1
1175,5
1176,2
1177,7
1178,7
1179,7
1180,5
1181,5
1182,4
1183,4
1184,5
1185,5
1186,7
1187,7
1188,5
1189,7
1190,5
1191,7
1192,7
1193,5
1194,5
1195,5
1196,5
1197,3
1198,2
1199,5
1200,5
1201,5
1202,5
1203,5
1204,5
1205,5
1206,7
1207,5
1208,5
1209,5
1210,2
1211,5
1212,7
1213,5
1214,5
1215,5
1216,7
1217,5
1218,7
1219,5
1220,2
1221,5
1222,7
1223,5
1224,7
1225,5
1226,7
1227,5
1228,5
1229,5
1230,5
1231,5
1232,3
1233,5
1234,5
1235,5
1236,1
1237,7
1238,5
1239,5
1240,5
1241,5
1242,5
1243,7
1244,5
1245,5
1246,5
1247,7
1248,5
1249,5
1250,5
1251,2
1252,5
1253,7
1254,5
1255,5
1256,5
1257,7
1258,4
1259,5
1260,5
1261,5
1262,5
1263,5
1264,7
1265,5
1266,5
1267,5
1268,5
1269,5
1270,5
1271,5
1272,5
1273,5
1274,5
1275,7
1276,5
1277,5
1278,7
1279,5
1280,5
1281,5
1282,5
1283,7
1284,7
1285,7
1286,1
1287,0
1288,7
1289,5
1290,5
1291,7
1292,5
1293,5
1294,5
1295,5
1296,5
1297,5
1298,5
1299,3
1300,5
1301,5
1302,5
1303,5
1304,1
1305,5
1306,5
1307,7
1308,5
1309,5
1310,5
1311,5
1312,7
1313,5
1314,5
1315,5
1316,5
1317,7
1318,5
1319,7
1320,5
1321,5
1322,5
1323,5
1324,1
1325,5
1326,5
1327,5
1328,5
1329,5
1330,5
1331,2
1332,5
1333,3
1334,5
1335,5
1336,5
1337,5
1338,5
1339,5
1340,7
1341,7
1342,5
1343,1
1344,5
1345,5
1346,7
1347,5
1348,5
1349,1
1350,5
1351,3
1352,2
1353,7
1354,2
1355,3
1356,7
1357,5
1358,2
1359,5
1360,5
1361,5
1362,5
1363,7
1364,3
1365,5
1366,5
1367,5
1368,5
1369,7
1370,5
1371,5
1372,7
1373,2
1374,1
1375,5
1376,5
1377,5
1378,7
1379,5
1380,5
1381,7
1382,5
1383,5
1384,7
1385,7
1386,5
1387,5
1388,7
1389,5
1390,7
1391,5
1392,7
1393,5
1394,7
1395,5
1396,5
1397,7
1398,7
1399,7
1400,5
1401,1
1402,5
1403,7
1404,2
1405,5
1406,5
1407,5
1408,5
1409,5
1410,5
1411,5
1412,1
1413,5
1414,5
1415,5
1416,4
1417,7
1418,5
1419,5
1420,7
1421,5
1422,7
1423,5
1424,5
1425,5
1426,5
1427,5
1428,5
1429,5
1430,5
1431,5
1432,7
1433,5
1434,5
1435,2
1436,5
1437,5
1438,5
1439,5
1440,5
1441,5
1442,5
1443,2
1444,5
1445,5
1446,1
1447,7
1448,5
1449,5
1450,5
1451,5
1452,5
1453,7
1454,5
1455,5
1456,5
1457,5
1458,5
1459,7
1460,5
1461,5
1462,7
1463,3
1464,5
1465,7
1466,5
1467,3
1468,5
1469,5
1470,5
1471,5
1472,7
1473,2
1474,5
1475,5
1476,3
1477,2
1478,4
1479,4
1480,5
1481,5
1482,5
1483,5
1484,5
1485,5
1486,7
1487,7
1488,5
1489,5
1490,2
1491,7
1492,5
1493,4
1494,7
1495,5
1496,7
1497,1
1498,5
1499,5
1500,5
1501,0
1502,5
1503,5
1504,7
1505,5
1506,5
1507,7
1508,1
1509,2
1510,5
1511,7
1512,5
1513,5
1514,5
1515,7
1516,5
1517,5
1518,7
1519,7
1520,5
1521,5
1522,5
1523,5
1524,5
1525,1
1526,5
1527,5
1528,5
1529,7
1530,5
1531,4
1532,5
1533,5
1534,5
1535,7
1536,7
1537,5
1538,5
1539,5
1540,5
1541,5
1542,1
1543,5
1544,5
1545,5
1546,5
1547,5
1548,7
1549,5
1550,5
1551,5
1552,5
1553,5
1554,5
1555,7
1556,7
1557,5
1558,5
1559,5
1560,5
1561,5
1562,5
1563,5
1564,7
1565,5
1566,7
1567,5
1568,5
1569,5
1570,2
1571,5
1572,5
1573,5
1574,7
1575,5
1576,1
1577,5
1578,5
1579,7
1580,2
1581,5
1582,5
1583,5
1584,1
1585,5
1586,5
1587,7
1588,5
1589,5
1590,2
1591,5
1592,5
1593,7
1594,5
1595,7
1596,5
1597,1
1598,5
1599,7
1600,5
1601,7
1602,5
1603,5
1604,2
1605,1
1606,5
1607,7
1608,1
1609,5
1610,5
1611,5
1612,5
1613,5
1614,5
1615,1
1616,5
1617,5
1618,7
1619,1
1620,5
1621,7
1622,5
1623,5
1624,5
1625,5
1626,4
1627,5
1628,5
1629,5
1630,5
1631,5
1632,5
1633,5
1634,5
1635,5
1636,7
1637,7
1638,5
1639,5
1640,5
1641,5
1642,7
1643,7
1644,7
1645,5
1646,4
1647,2
1648,1
1649,5
1650,5
1651,5
1652,7
1653,7
1654,5
1655,5
1656,5
1657,7
1658,7
1659,5
1660,5
1661,5
1662,5
1663,5
1664,5
1665,5
1666,5
1667,5
1668,5
1669,5
1670,5
1671,5
1672,5
1673,5
1674,5
1675,5
1676,1
1677,7
1678,2
1679,1
1680,5
1681,5
1682,5
1683,5
1684,5
1685,5
1686,2
1687,5
1688,5
1689,7
1690,7
1691,1
1692,5
1693,5
1694,5
1695,5
1696,7
1697,5
1698,5
1699,5
1700,7
1701,5
1702,5
1703,7
1704,4
1705,5
1706,3
1707,2
1708,5
1709,5
1710,7
1711,7
1712,5
1713,5
1714,5
1715,5
1716,5
1717,7
1718,7
1719,7
1720,5
1721,7
1722,2
1723,5
1724,5
1725,5
1726,7
1727,1
1728,5
1729,5
1730,5
1731,2
1732,5
1733,5
1734,5
1735,5
1736,5
1737,2
1738,5
1739,1
1740,7
1741,5
1742,5
1743,5
1744,5
1745,5
1746,5
1747,5
1748,5
1749,5
1750,5
1751,5
1752,5
1753,5
1754,7
1755,5
1756,7
1757,5
1758,5
1759,5
1760,7
1761,5
1762,5
1763,7
1764,5
1765,5
1766,5
1767,4
1768,5
1769,5
1770,5
1771,5
1772,7
1773,7
1774,5
1775,7
1776,1
1777,5
1778,2
1779,7
1780,5
1781,5
1782,5
1783,7
1784,5
1785,5
1786,5
1787,2
1788,5
1789,7
1790,2
1791,7
1792,5
1793,7
1794,5
1795,5
1796,2
1797,7
1798,5
1799,5
1800,5
1801,7
1802,7
1803,7
1804,5
1805,5
1806,7
1807,5
1808,5
1809,2
1810,7
1811,5
1812,5
1813,5
1814,5
1815,5
1816,5
1817,5
1818,5
1819,5
1820,2
1821,7
1822,5
1823,1
1824,5
1825,5
1826,5
1827,5
1828,5
1829,7
1830,5
1831,4
1832,2
1833,1
1834,5
1835,5
1836,6
1837,2
1838,4
1839,5
1840,5
1841,5
1842,5
1843,5
1844,5
1845,5
1846,7
1847,7
1848,5
1849,5
1850,1
1851,5
1852,5
1853,5
1854,5
1855,7
1856,5
1857,7
1858,2
1859,5
1860,7
1861,3
1862,1
1863,1
1864,7
1865,1
1866,5
1867,1
1868,5
1869,5
1870,1
1871,5
1872,7
1873,2
1874,5
1875,5
1876,5
1877,7
1878,5
1879,2
1880,7
1881,5
1882,5
1883,5
1884,5
1885,5
1886,5
1887,5
1888,1
1889,5
1890,5
1891,5
1892,5
1893,5
1894,5
1895,5
1896,5
1897,5
1898,5
1899,5
1900,5
1901,2
1902,5
1903,7
1904,5
1905,7
1906,5
1907,4
1908,5
1909,5
1910,5
1911,1
1912,5
1913,7
1914,5
1915,5
1916,7
1917,5
1918,2
1919,5
1920,5
1921,5
1922,2
1923,5
1924,7
1925,5
1926,5
1927,1
1928,5
1929,5
1930,5
1931,5
1932,5
1933,6
1934,5
1935,5
1936,5
1937,5
1938,5
1939,5
1940,2
1941,7
1942,7
1943,5
1944,5
1945,5
1946,5
1947,7
1948,2
1949,5
1950,2
1951,7
1952,5
1953,5
1954,5
1955,5
1956,7
1957,5
1958,5
1959,5
1960,5
1961,5
1962,5
1963,5
1964,5
1965,5
1966,5
1967,5
1968,5
1969,5
1970,5
1971,5
1972,5
1973,5
1974,5
1975,1
1976,5
1977,2
1978,5
1979,5
1980,5
1981,5
1982,5
1983,5
1984,5
1985,5
1986,7
1987,5
1988,1
1989,7
1990,5
1991,5
1992,5
1993,7
1994,5
1995,5
1996,2
1997,5
1998,5
1999,5
2000,7
2001,5
2002,5
2003,5
2004,6
2005,7
2006,7
2007,5
2008,5
2009,7
2010,1
2011,7
2012,5
2013,1
2014,5
2015,5
2016,7
2017,5
2018,5
2019,5
2020,7
2021,2
2022,7
2023,5
2024,5
2025,2
2026,5
2027,7
2028,5
2029,1
2030,5
2031,5
2032,5
2033,7
2034,5
2035,5
2036,5
2037,2
2038,5
2039,2
2040,7
2041,7
2042,7
2043,5
2044,5
2045,5
2046,2
2047,5
2048,5
2049,7
2050,5
2051,7
2052,5
2053,5
2054,5
2055,5
2056,5
2057,5
2058,3
2059,3
2060,5
2061,5
2062,7
2063,7
2064,5
2065,5
2066,5
2067,7
2068,5
2069,1
2070,5
2071,7
2072,5
2073,5
2074,5
2075,2
2076,5
2077,5
2078,5
2079,7
2080,5
2081,7
2082,1
2083,5
2084,5
2085,7
2086,4
2087,2
2088,5
2089,5
2090,5
2091,7
2092,5
2093,7
2094,5
2095,5
2096,5
2097,1
2098,7
2099,5
2100,2
2101,7
2102,5
2103,5
2104,7
2105,2
2106,5
2107,5
2108,5
2109,5
2110,2
2111,2
2112,7
2113,5
2114,7
2115,7
2116,5
2117,5
2118,5
2119,7
2120,1
2121,5
2122,7
2123,5
2124,7
2125,5
2126,5
2127,7
2128,5
2129,5
2130,4
2131,2
2132,5
2133,5
2134,5
2135,7
2136,6
2137,5
2138,5
2139,5
2140,5
2141,6
2142,1
2143,5
2144,7
2145,5
2146,5
2147,7
2148,1
2149,5
2150,5
2151,7
2152,0
2153,3
2154,5
2155,5
2156,7
2157,5
2158,7
2159,5
2160,5
2161,5
2162,1
2163,5
2164,7
2165,5
2166,5
2167,5
2168,1
2169,5
2170,5
2171,5
2172,5
2173,2
2174,5
2175,5
2176,5
2177,7
2178,7
2179,5
2180,5
2181,4
2182,2
2183,5
2184,5
2185,5
2186,5
2187,5
2188,1
2189,7
2190,4
2191,7
2192,5
2193,5
2194,5
2195,5
2196,5
2197,5
2198,5
2199,5
2200,5
2201,1
2202,7
2203,5
2204,2
2205,5
2206,7
2207,7
2208,5
2209,5
2210,5
2211,7
2212,5
2213,2
2214,1
2215,2
2216,5
2217,7
2218,5
2219,5
2220,5
2221,1
2222,5
2223,5
2224,5
2225,5
2226,1
2227,5
2228,7
2229,5
2230,5
2231,5
2232,7
2233,5
2234,1
2235,5
2236,7
2237,7
2238,4
2239,5
2240,5
2241,4
2242,5
2243,5
2244,5
2245,5
2246,5
2247,5
2248,5
2249,3
2250,7
2251,5
2252,5
2253,3
2254,2
2255,7
2256,5
2257,5
2258,5
2259,0
2260,2
2261,5
2262,5
2263,5
2264,5
2265,1
2266,8
2267,5
2268,5
2269,7
2270,0
2271,5
2272,5
2273,5
2274,5
2275,5
2276,5
2277,2
2278,5
2279,7
2280,7
2281,5
2282,5
2283,5
2284,7
2285,5
2286,2
2287,5
2288,5
2289,5
2290,5
2291,5
2292,5
2293,7
2294,1
2295,5
2296,5
2297,5
2298,5
2299,5
2300,5
2301,2
2302,5
2303,2
2304,3
2305,4
2306,5
2307,2
2308,5
2309,1
2310,5
2311,5
2312,5
2313,7
2314,7
2315,5
2316,1
2317,7
2318,5
2319,5
2320,7
2321,5
2322,5
2323,5
2324,5
2325,5
2326,2
2327,5
2328,5
2329,5
2330,5
2331,5
2332,7
2333,5
2334,5
2335,5
2336,7
2337,5
2338,5
2339,5
2340,5
2341,5
2342,5
2343,7
2344,5
2345,5
2346,7
2347,5
2348,5
2349,5
2350,4
2351,5
2352,7
2353,5
2354,5
2355,5
2356,5
2357,7
2358,7
2359,5
2360,5
2361,2
2362,5
2363,5
2364,7
2365,5
2366,4
2367,5
2368,7
2369,7
2370,5
2371,5
2372,7
2373,2
2374,5
2375,5
2376,5
2377,5
2378,7
2379,5
2380,7
2381,5
2382,3
2383,5
2384,5
2385,7
2386,5
2387,7
2388,7
2389,4
2390,5
2391,5
2392,5
2393,7
2394,7
2395,7
2396,1
2397,5
2398,7
2399,5
2400,5
2401,5
2402,3
2403,5
2404,1
2405,5
2406,5
2407,5
2408,4
2409,5
2410,7
2411,5
2412,5
2413,5
2414,5
2415,5
2416,5
2417,5
2418,5
2419,2
2420,7
2421,5
2422,5
2423,5
2424,7
2425,5
2426,5
2427,5
2428,5
2429,5
2430,2
2431,5
2432,5
2433,7
2434,7
2435,5
2436,3
2437,5
2438,5
2439,5
2440,1
2441,5
2442,5
2443,5
2444,2
2445,7
2446,7
2447,7
2448,4
2449,5
2450,1
2451,7
2452,7
2453,3
2454,5
2455,5
2456,5
2457,5
2458,5
2459,7
2460,5
2461,7
2462,5
2463,5
2464,7
2465,5
2466,7
2467,7
2468,5
2469,2
2470,5
2471,7
2472,3
2473,5
2474,5
2475,2
2476,5
2477,7
2478,5
2479,0
2480,2
2481,5
2482,3
2483,5
2484,5
2485,5
2486,5
2487,5
2488,7
2489,5
2490,5
2491,1
2492,7
2493,5
2494,5
2495,5
2496,5
2497,5
2498,1
2499,2
2500,5
2501,3
2502,5
2503,5
2504,5
2505,5
2506,5
2507,7
2508,5
2509,1
2510,7
2511,2
2512,7
2513,1
2514,7
2515,7
2516,7
2517,2
2518,5
2519,5
2520,7
2521,5
2522,2
2523,5
2524,5
2525,5
2526,5
2527,5
2528,5
2529,7
2530,2
2531,5
2532,4
2533,1
2534,5
2535,5
2536,2
2537,5
2538,5
2539,5
2540,1
2541,1
2542,2
2543,5
2544,1
2545,1
2546,5
2547,5
2548,7
2549,5
2550,7
2551,2
2552,2
2553,5
2554,5
2555,5
2556,4
2557,7
2558,2
2559,5
2560,5
2561,5
2562,5
2563,7
2564,5
2565,5
2566,2
2567,7
2568,4
2569,5
2570,5
2571,5
2572,5
2573,5
2574,5
2575,1
2576,5
2577,3
2578,5
2579,5
2580,1
2581,5
2582,5
2583,5
2584,5
2585,7
2586,7
2587,5
2588,5
2589,2
2590,2
2591,5
2592,5
2593,5
2594,7
2595,5
2596,4
2597,5
2598,7
2599,5
2600,0
2601,5
2602,5
2603,5
2604,5
2605,7
2606,5
2607,5
2608,5
2609,6
2610,7
2611,5
2612,5
2613,4
2614,5
2615,5
2616,7
2617,5
2618,1
2619,3
2620,5
2621,5
2622,7
2623,5
2624,5
2625,5
2626,1
2627,5
2628,5
2629,5
2630,5
2631,2
2632,5
2633,5
2634,5
2635,5
2636,5
2637,5
2638,3
2639,7
2640,5
2641,5
2642,5
2643,7
2644,2
2645,7
2646,5
2647,5
2648,5
2649,7
2650,5
2651,5
2652,5
2653,1
2654,5
2655,7
2656,7
2657,5
2658,5
2659,7
2660,5
2661,5
2662,5
2663,7
2664,5
2665,5
2666,7
2667,5
2668,5
2669,7
2670,5
2671,2
2672,5
2673,5
2674,5
2675,5
2676,2
2677,5
2678,5
2679,7
2680,5
2681,5
2682,5
2683,5
2684,5
2685,7
2686,5
2687,5
2688,5
2689,5
2690,5
2691,2
2692,5
2693,5
2694,5
2695,5
2696,7
2697,1
2698,5
2699,5
2700,7
2701,7
2702,5
2703,5
2704,5
2705,5
2706,5
2707,5
2708,7
2709,5
2710,7
2711,5
2712,1
2713,5
2714,5
2715,5
2716,6
2717,5
2718,5
2719,2
2720,5
2721,5
2722,7
2723,2
2724,7
2725,5
2726,5
2727,7
2728,4
2729,5
2730,5
2731,5
2732,4
2733,4
2734,5
2735,5
2736,2
2737,5
2738,5
2739,5
2740,7
2741,7
2742,5
2743,5
2744,7
2745,4
2746,7
2747,7
2748,5
2749,5
2750,5
2751,5
2752,5
2753,1
2754,5
2755,5
2756,3
2757,5
2758,7
2759,1
2760,4
2761,5
2762,5
2763,5
2764,1
2765,5
2766,1
2767,5
2768,7
2769,5
2770,1
2771,7
2772,5
2773,5
2774,5
2775,5
2776,7
2777,7
2778,2
2779,5
2780,5
2781,5
2782,1
2783,1
2784,5
2785,2
2786,2
2787,1
2788,1
2789,7
2790,5
2791,7
2792,5
2793,7
2794,5
2795,5
2796,5
2797,5
2798,5
2799,5
2800,5
2801,5
2802,5
2803,5
2804,8
2805,5
2806,7
2807,5
2808,5
2809,2
2810,5
2811,5
2812,1
2813,5
2814,7
2815,5
2816,5
2817,1
2818,5
2819,5
2820,5
2821,5
2822,5
2823,7
2824,5
2825,1
2826,5
2827,5
2828,5
2829,5
2830,7
2831,5
2832,5
2833,7
2834,7
2835,5
2836,5
2837,5
2838,5
2839,5
2840,5
2841,5
2842,6
2843,1
2844,1
2845,5
2846,5
2847,7
2848,1
2849,5
2850,5
2851,7
2852,5
2853,7
2854,5
2855,7
2856,5
2857,5
2858,2
2859,5
2860,7
2861,3
2862,4
2863,5
2864,1
2865,1
2866,2
2867,5
2868,5
2869,5
2870,5
2871,7
2872,2
2873,5
2874,5
2875,5
2876,5
2877,5
2878,5
2879,5
2880,1
2881,5
2882,5
2883,5
2884,5
2885,5
2886,5
2887,5
2888,1
2889,5
2890,5
2891,5
2892,5
2893,5
2894,5
2895,7
2896,5
2897,5
2898,4
2899,5
2900,3
2901,5
2902,5
2903,5
2904,5
2905,7
2906,7
2907,5
2908,7
2909,7
2910,5
2911,1
2912,5
2913,5
2914,5
2915,7
2916,5
2917,5
2918,2
2919,7
2920,7
2921,7
2922,5
2923,7
2924,7
2925,5
2926,7
2927,7
2928,7
2929,5
2930,5
2931,5
2932,7
2933,7
2934,5
2935,7
2936,7
2937,5
2938,7
2939,5
2940,5
2941,1
2942,5
2943,7
2944,7
2945,7
2946,7
2947,7
2948,5
2949,5
2950,5
2951,5
2952,5
2953,7
2954,5
2955,5
2956,5
2957,7
2958,5
2959,5
2960,2
2961,5
2962,2
2963,7
2964,2
2965,5
2966,5
2967,5
2968,5
2969,5
2970,7
2971,7
2972,7
2973,5
2974,7
2975,5
2976,5
2977,5
2978,5
2979,5
2980,5
2981,5
2982,5
2983,5
2984,7
2985,5
2986,7
2987,5
2988,2
2989,7
2990,7
2991,5
2992,1
2993,5
2994,7
2995,1
2996,5
2997,5
2998,5
2999,5
3000,7
3001,2
3002,5
3003,5
3004,7
3005,5
3006,5
3007,7
3008,7
3009,7
3010,5
3011,5
3012,7
3013,5
3014,5
3015,3
3016,5
3017,7
3018,5
3019,1
3020,5
3021,5
3022,5
3023,7
3024,5
3025,7
3026,2
3027,5
3028,1
3029,5
3030,5
3031,5
3032,5
3033,2
3034,5
3035,5
3036,5
3037,2
3038,7
3039,7
3040,5
3041,5
3042,5
3043,5
3044,1
3045,5
3046,2
3047,7
3048,5
3049,5
3050,7
3051,1
3052,5
3053,5
3054,5
3055,5
3056,7
3057,5
3058,0
3059,2
3060,5
3061,7
3062,5
3063,7
3064,5
3065,2
3066,1
3067,5
3068,5
3069,5
3070,5
3071,7
3072,5
3073,5
3074,7
3075,5
3076,5
3077,7
3078,5
3079,7
3080,5
3081,5
3082,5
3083,5
3084,5
3085,5
3086,5
3087,7
3088,2
3089,3
3090,3
3091,7
3092,5
3093,5
3094,5
3095,5
3096,7
3097,5
3098,7
3099,5
3100,1
3101,7
3102,5
3103,7
3104,5
3105,5
3106,7
3107,7
3108,5
3109,1
3110,5
3111,5
3112,5
3113,5
3114,5
3115,5
3116,5
3117,7
3118,5
3119,5
3120,5
3121,5
3122,5
3123,5
3124,7
3125,5
3126,5
3127,5
3128,2
3129,5
3130,5
3131,7
3132,5
3133,5
3134,7
3135,5
3136,5
3137,5
3138,5
3139,1
3140,5
3141,5
3142,5
3143,5
3144,7
3145,2
3146,5
3147,5
3148,3
3149,5
3150,5
3151,7
3152,5
3153,5
3154,7
3155,5
3156,5
3157,2
3158,3
3159,7
3160,5
3161,5
3162,7
3163,5
3164,5
3165,5
3166,5
3167,5
3168,2
3169,7
3170,5
3171,5
3172,5
3173,1
3174,1
3175,5
3176,5
3177,5
3178,1
3179,7
3180,2
3181,5
3182,5
3183,5
3184,7
3185,5
3186,7
3187,5
3188,5
3189,7
3190,5
3191,3
3192,7
3193,5
3194,5
3195,5
3196,5
3197,7
3198,5
3199,5
3200,5
3201,5
3202,5
3203,5
3204,5
3205,0
3206,5
3207,5
3208,5
3209,5
3210,2
3211,5
3212,5
3213,7
3214,0
3215,5
3216,7
3217,2
3218,7
3219,5
3220,7
3221,5
3222,5
3223,5
3224,7
3225,7
3226,4
3227,2
3228,5
3229,5
3230,7
3231,5
3232,5
3233,5
3234,1
3235,5
3236,2
3237,7
3238,5
3239,1
3240,7
3241,2
3242,7
3243,5
3244,5
3245,1
3246,5
3247,7
3248,7
3249,1
3250,1
3251,7
3252,5
3253,1
3254,5
3255,7
3256,7
3257,5
3258,5
3259,7
3260,5
3261,5
3262,5
3263,5
3264,2
3265,5
3266,5
3267,5
3268,5
3269,7
3270,7
3271,5
3272,7
3273,5
3274,5
3275,3
3276,5
3277,5
3278,5
3279,7
3280,5
3281,5
3282,5
3283,5
3284,7
3285,7
3286,4
3287,5
3288,5
3289,5
3290,7
3291,5
3292,4
3293,2
3294,5
3295,5
3296,7
3297,5
3298,1
3299,5
3300,2
3301,1
3302,5
3303,5
3304,5
3305,7
3306,5
3307,5
3308,5
3309,5
3310,3
3311,7
3312,5
3313,5
3314,5
3315,7
3316,1
3317,5
3318,5
3319,5
3320,7
3321,5
3322,5
3323,5
3324,7
3325,5
3326,5
3327,5
3328,5
3329,2
3330,5
3331,7
3332,5
3333,5
3334,5
3335,5
3336,5
3337,5
3338,7
3339,5
3340,7
3341,5
3342,5
3343,4
3344,5
3345,5
3346,5
3347,5
3348,5
3349,5
3350,5
3351,5
3352,5
3353,1
3354,5
3355,2
3356,7
3357,1
3358,7
3359,5
3360,5
3361,7
3362,5
3363,7
3364,7
3365,5
3366,7
3367,5
3368,7
3369,5
3370,5
3371,4
3372,5
3373,1
3374,7
3375,5
3376,7
3377,7
3378,1
3379,5
3380,5
3381,5
3382,5
3383,7
3384,7
3385,3
3386,5
3387,5
3388,5
3389,2
3390,5
3391,7
3392,5
3393,7
3394,5
3395,1
3396,5
3397,5
3398,5
3399,7
3400,5
3401,5
3402,2
3403,5
3404,7
3405,5
3406,5
3407,5
3408,5
3409,0
3410,5
3411,1
3412,7
3413,5
3414,1
3415,3
3416,5
3417,5
3418,1
3419,1
3420,5
3421,5
3422,5
3423,7
3424,7
3425,7
3426,5
3427,5
3428,5
3429,5
3430,2
3431,7
3432,5
3433,5
3434,1
3435,3
3436,7
3437,7
3438,5
3439,5
3440,7
3441,5
3442,7
3443,1
3444,5
3445,5
3446,5
3447,7
3448,0
3449,5
3450,5
3451,5
3452,5
3453,7
3454,4
3455,5
3456,7
3457,4
3458,1
3459,7
3460,5
3461,5
3462,2
3463,5
3464,5
3465,5
3466,5
3467,2
3468,7
3469,7
3470,2
3471,5
3472,1
3473,6
3474,5
3475,5
3476,1
3477,5
3478,7
3479,5
3480,5
3481,5
3482,5
3483,5
3484,5
3485,5
3486,5
3487,5
3488,7
3489,5
3490,1
3491,5
3492,5
3493,5
3494,5
3495,5
3496,1
3497,5
3498,7
3499,5
3500,5
3501,4
3502,5
3503,5
3504,5
3505,5
3506,5
3507,5
3508,7
3509,5
3510,5
3511,7
3512,5
3513,7
3514,0
3515,7
3516,5
3517,5
3518,7
3519,7
3520,1
3521,5
3522,7
3523,2
3524,5
3525,1
3526,5
3527,7
3528,5
3529,7
3530,5
3531,5
3532,7
3533,5
3534,5
3535,7
3536,5
3537,5
3538,5
3539,5
3540,5
3541,5
3542,0
3543,5
3544,5
3545,5
3546,7
3547,1
3548,7
3549,1
3550,5
3551,5
3552,1
3553,5
3554,1
3555,5
3556,1
3557,5
3558,5
3559,4
3560,7
3561,7
3562,3
3563,5
3564,3
3565,5
3566,5
3567,5
3568,5
3569,5
3570,7
3571,5
3572,5
3573,5
3574,5
3575,5
3576,5
3577,7
3578,5
3579,2
3580,5
3581,5
3582,7
3583,5
3584,5
3585,5
3586,5
3587,5
3588,5
3589,5
3590,5
3591,7
3592,5
3593,7
3594,5
3595,5
3596,5
3597,6
3598,5
3599,5
3600,5
3601,5
3602,5
3603,5
3604,5
3605,5
3606,2
3607,6
3608,5
3609,5
3610,2
3611,5
3612,5
3613,2
3614,0
3615,5
3616,2
3617,5
3618,1
3619,5
3620,5
3621,5
3622,5
3623,5
3624,5
3625,5
3626,5
3627,5
3628,5
3629,7
3630,5
3631,5
3632,7
3633,5
3634,5
3635,5
3636,5
3637,5
3638,5
3639,1
3640,1
3641,3
3642,7
3643,5
3644,5
3645,3
3646,5
3647,5
3648,5
3649,7
3650,5
3651,5
3652,7
3653,5
3654,5
3655,5
3656,5
3657,5
3658,5
3659,5
3660,2
3661,5
3662,1
3663,5
3664,5
3665,5
3666,7
3667,5
3668,5
3669,5
3670,2
3671,5
3672,7
3673,5
3674,5
3675,7
3676,5
3677,5
3678,5
3679,1
3680,5
3681,6
3682,4
3683,5
3684,5
3685,7
3686,7
3687,7
3688,5
3689,5
3690,5
3691,5
3692,2
3693,5
3694,5
3695,5
3696,5
3697,7
3698,5
3699,5
3700,5
3701,5
3702,1
3703,5
3704,5
3705,5
3706,5
3707,7
3708,5
3709,5
3710,7
3711,7
3712,5
3713,5
3714,5
3715,5
3716,7
3717,5
3718,7
3719,5
3720,3
3721,5
3722,5
3723,5
3724,5
3725,5
3726,7
3727,5
3728,5
3729,5
3730,7
3731,5
3732,7
3733,5
3734,5
3735,1
3736,5
3737,5
3738,5
3739,5
3740,7
3741,5
3742,5
3743,7
3744,5
3745,5
3746,5
3747,3
3748,5
3749,5
3750,5
3751,5
3752,1
3753,7
3754,7
3755,5
3756,5
3757,7
3758,5
3759,5
3760,5
3761,1
3762,7
3763,5
3764,5
3765,5
3766,7
3767,2
3768,7
3769,5
3770,5
3771,1
3772,5
3773,5
3774,5
3775,5
3776,5
3777,7
3778,5
3779,4
3780,5
3781,7
3782,4
3783,5
3784,5
3785,5
3786,6
3787,5
3788,5
3789,5
3790,5
3791,5
3792,5
3793,5
3794,7
3795,5
3796,5
3797,3
3798,7
3799,7
3800,1
3801,5
3802,5
3803,5
3804,5
3805,5
3806,5
3807,2
3808,5
3809,5
3810,5
3811,5
3812,5
3813,5
3814,1
3815,5
3816,5
3817,2
3818,7
3819,5
3820,6
3821,5
3822,5
3823,5
3824,7
3825,5
3826,5
3827,5
3828,5
3829,3
3830,5
3831,5
3832,5
3833,7
3834,7
3835,7
3836,7
3837,7
3838,5
3839,5
3840,5
3841,5
3842,7
3843,5
3844,5
3845,5
3846,4
3847,4
3848,7
3849,7
3850,5
3851,5
3852,5
3853,2
3854,1
3855,5
3856,5
3857,5
3858,5
3859,5
3860,2
3861,7
3862,5
3863,5
3864,5
3865,5
3866,5
3867,4
3868,5
3869,1
3870,0
3871,7
3872,1
3873,2
3874,1
3875,5
3876,7
3877,5
3878,5
3879,5
3880,5
3881,5
3882,5
3883,1
3884,5
3885,5
3886,5
3887,7
3888,5
3889,7
3890,5
3891,5
3892,2
3893,5
3894,0
3895,1
3896,5
3897,5
3898,5
3899,5
3900,1
3901,5
3902,7
3903,5
3904,7
3905,5
3906,7
3907,7
3908,5
3909,7
3910,5
3911,2
3912,7
3913,5
3914,5
3915,7
3916,2
3917,5
3918,7
3919,7
3920,5
3921,5
3922,7
3923,1
3924,5
3925,2
3926,5
3927,5
3928,3
3929,5
3930,2
3931,7
3932,5
3933,1
3934,7
3935,5
3936,5
3937,5
3938,5
3939,7
3940,2
3941,5
3942,5
3943,7
3944,5
3945,7
3946,5
3947,7
3948,2
3949,5
3950,5
3951,7
3952,5
3953,5
3954,7
3955,7
3956,5
3957,5
3958,5
3959,6
3960,7
3961,5
3962,5
3963,5
3964,7
3965,5
3966,7
3967,5
3968,7
3969,4
3970,5
3971,7
3972,1
3973,5
3974,7
3975,7
3976,7
3977,7
3978,5
3979,5
3980,5
3981,5
3982,7
3983,5
3984,5
3985,5
3986,5
3987,2
3988,7
3989,5
3990,4
3991,2
3992,5
3993,5
3994,7
3995,5
3996,5
3997,5
3998,5
3999,5
4000,7
4001,5
4002,5
4003,5
4004,1
4005,3
4006,5
4007,5
4008,5
4009,5
4010,5
4011,5
4012,5
4013,1
4014,5
4015,7
4016,7
4017,5
4018,1
4019,5
4020,5
4021,5
4022,5
4023,4
4024,7
4025,5
4026,4
4027,5
4028,5
4029,5
4030,5
4031,7
4032,5
4033,7
4034,7
4035,5
4036,5
4037,5
4038,7
4039,5
4040,7
4041,7
4042,4
4043,1
4044,1
4045,5
4046,5
4047,5
4048,1
4049,2
4050,5
4051,5
4052,7
4053,5
4054,5
4055,5
4056,5
4057,1
4058,7
4059,7
4060,5
4061,7
4062,7
4063,5
4064,5
4065,5
4066,7
4067,2
4068,7
4069,5
4070,7
4071,7
4072,1
4073,7
4074,7
4075,5
4076,5
4077,5
4078,5
4079,5
4080,2
4081,5
4082,5
4083,5
4084,1
4085,5
4086,5
4087,5
4088,5
4089,5
4090,2
4091,5
4092,5
4093,7
4094,7
4095,5
4096,5
4097,5
4098,5
4099,5
4100,7
4101,5
4102,5
4103,5
4104,5
4105,5
4106,4
4107,5
4108,5
4109,5
4110,5
4111,5
4112,7
4113,5
4114,5
4115,7
4116,1
4117,7
4118,7
4119,2
4120,7
4121,5
4122,7
4123,5
4124,5
4125,4
4126,5
4127,2
4128,7
4129,5
4130,5
4131,5
4132,5
4133,5
4134,7
4135,5
4136,7
4137,1
4138,5
4139,7
4140,5
4141,5
4142,5
4143,7
4144,7
4145,5
4146,5
4147,7
4148,7
4149,5
4150,2
4151,5
4152,7
4153,5
4154,5
4155,5
4156,7
4157,5
4158,7
4159,7
4160,5
4161,7
4162,5
4163,5
4164,5
4165,5
4166,5
4167,5
4168,5
4169,7
4170,7
4171,5
4172,5
4173,5
4174,5
4175,5
4176,5
4177,7
4178,5
4179,5
4180,1
4181,5
4182,7
4183,5
4184,7
4185,5
4186,5
4187,7
4188,5
4189,1
4190,5
4191,5
4192,5
4193,5
4194,5
4195,2
4196,5
4197,5
4198,5
4199,7
4200,5
4201,5
4202,5
4203,5
4204,5
4205,1
4206,5
4207,5
4208,5
4209,1
4210,1
4211,5
4212,5
4213,1
4214,5
4215,5
4216,7
4217,5
4218,5
4219,5
4220,5
4221,5
4222,5
4223,7
4224,5
4225,4
4226,5
4227,7
4228,5
4229,2
4230,5
4231,7
4232,7
4233,7
4234,5
4235,5
4236,2
4237,5
4238,5
4239,5
4240,5
4241,5
4242,5
4243,2
4244,5
4245,5
4246,5
4247,1
4248,5
4249,5
4250,7
4251,5
4252,5
4253,5
4254,7
4255,7
4256,5
4257,1
4258,1
4259,7
4260,5
4261,7
4262,5
4263,5
4264,5
4265,7
4266,7
4267,5
4268,5
4269,5
4270,7
4271,5
4272,5
4273,5
4274,5
4275,1
4276,5
4277,7
4278,1
4279,7
4280,5
4281,5
4282,5
4283,7
4284,5
4285,5
4286,5
4287,5
4288,7
4289,5
4290,5
4291,5
4292,5
4293,7
4294,4
4295,5
4296,5
4297,5
4298,5
4299,7
4300,5
4301,5
4302,5
4303,7
4304,3
4305,5
4306,5
4307,5
4308,5
4309,5
4310,5
4311,1
4312,5
4313,5
4314,5
4315,5
4316,2
4317,5
4318,5
4319,5
4320,5
4321,5
4322,5
4323,5
4324,5
4325,5
4326,7
4327,5
4328,5
4329,7
4330,5
4331,5
4332,5
4333,5
4334,5
4335,1
4336,5
4337,5
4338,5
4339,5
4340,2
4341,5
4342,5
4343,5
4344,5
4345,5
4346,5
4347,7
4348,5
4349,5
4350,7
4351,2
4352,5
4353,1
4354,5
4355,7
4356,5
4357,5
4358,5
4359,7
4360,5
4361,5
4362,7
4363,5
4364,7
4365,5
4366,7
4367,5
4368,5
4369,7
4370,7
4371,5
4372,5
4373,5
4374,5
4375,5
4376,3
4377,5
4378,5
4379,5
4380,7
4381,5
4382,5
4383,5
4384,5
4385,5
4386,5
4387,5
4388,5
4389,5
4390,4
4391,5
4392,4
4393,5
4394,5
4395,5
4396,5
4397,5
4398,5
4399,7
4400,5
4401,5
4402,5
4403,5
4404,7
4405,5
4406,5
4407,5
4408,5
4409,5
4410,5
4411,4
4412,7
4413,5
4414,7
4415,7
4416,6
4417,5
4418,7
4419,5
4420,5
4421,5
4422,5
4423,6
4424,5
4425,5
4426,5
4427,3
4428,7
4429,5
4430,5
4431,5
4432,5
4433,7
4434,5
4435,1
4436,6
4437,5
4438,5
4439,5
4440,5
4441,5
4442,7
4443,5
4444,5
4445,5
4446,5
4447,5
4448,7
4449,5
4450,7
4451,1
4452,1
4453,7
4454,5
4455,5
4456,5
4457,5
4458,2
4459,7
4460,5
4461,1
4462,7
4463,7
4464,7
4465,5
4466,5
4467,5
4468,5
4469,5
4470,7
4471,1
4472,0
4473,5
4474,7
4475,7
4476,5
4477,1
4478,5
4479,5
4480,5
4481,7
4482,5
4483,5
4484,7
4485,4
4486,1
4487,7
4488,5
4489,5
4490,5
4491,5
4492,7
4493,1
4494,5
4495,7
4496,5
4497,5
4498,5
4499,5
4500,5
4501,3
4502,5
4503,5
4504,7
4505,5
4506,3
4507,7
4508,7
4509,7
4510,5
4511,5
4512,5
4513,5
4514,7
4515,5
4516,5
4517,5
4518,5
4519,5
4520,7
4521,7
4522,5
4523,5
4524,5
4525,5
4526,5
4527,5
4528,5
4529,5
4530,5
4531,5
4532,1
4533,7
4534,7
4535,7
4536,0
4537,7
4538,5
4539,1
4540,5
4541,5
4542,5
4543,5
4544,5
4545,5
4546,5
4547,1
4548,5
4549,5
4550,5
4551,5
4552,5
4553,3
4554,5
4555,5
4556,5
4557,7
4558,5
4559,5
4560,2
4561,5
4562,5
4563,5
4564,5
4565,7
4566,5
4567,5
4568,5
4569,5
4570,4
4571,7
4572,2
4573,1
4574,7
4575,5
4576,1
4577,5
4578,7
4579,5
4580,7
4581,5
4582,5
4583,2
4584,5
4585,1
4586,3
4587,1
4588,5
4589,3
4590,5
4591,5
4592,5
4593,5
4594,7
4595,5
4596,5
4597,5
4598,7
4599,5
4600,5
4601,1
4602,5
4603,5
4604,7
4605,5
4606,2
4607,5
4608,1
4609,5
4610,7
4611,5
4612,5
4613,1
4614,5
4615,7
4616,5
4617,5
4618,5
4619,5
4620,5
4621,5
4622,5
4623,5
4624,5
4625,7
4626,5
4627,5
4628,5
4629,7
4630,5
4631,7
4632,5
4633,7
4634,7
4635,5
4636,5
4637,5
4638,5
4639,5
4640,5
4641,1
4642,1
4643,1
4644,5
4645,5
4646,7
4647,5
4648,5
4649,7
4650,2
4651,2
4652,5
4653,5
4654,5
4655,1
4656,5
4657,1
4658,1
4659,7
4660,1
4661,1
4662,1
4663,7
4664,7
4665,5
4666,7
4667,5
4668,5
4669,7
4670,5
4671,5
4672,4
4673,5
4674,2
4675,5
4676,5
4677,5
4678,5
4679,3
4680,5
4681,5
4682,5
4683,5
4684,2
4685,5
4686,5
4687,2
4688,5
4689,7
4690,5
4691,5
4692,5
4693,5
4694,7
4695,5
4696,5
4697,1
4698,5
4699,5
4700,5
4701,5
4702,7
4703,7
4704,1
4705,5
4706,5
4707,5
4708,5
4709,5
4710,5
4711,2
4712,5
4713,5
4714,7
4715,5
4716,5
4717,7
4718,5
4719,7
4720,5
4721,7
4722,5
4723,7
4724,5
4725,5
4726,7
4727,5
4728,5
4729,5
4730,1
4731,5
4732,7
4733,5
4734,5
4735,0
4736,5
4737,5
4738,5
4739,3
4740,5
4741,1
4742,5
4743,5
4744,5
4745,0
4746,7
4747,5
4748,5
4749,5
4750,5
4751,7
4752,5
4753,5
4754,7
4755,5
4756,5
4757,5
4758,5
4759,5
4760,5
4761,7
4762,5
4763,7
4764,1
4765,5
4766,5
4767,5
4768,7
4769,2
4770,5
4771,7
4772,7
4773,5
4774,5
4775,7
4776,5
4777,7
4778,5
4779,5
4780,5
4781,2
4782,5
4783,7
4784,5
4785,5
4786,3
4787,5
4788,7
4789,5
4790,5
4791,5
4792,1
4793,7
4794,5
4795,5
4796,5
4797,5
4798,5
4799,7
4800,5
4801,5
4802,5
4803,5
4804,5
4805,7
4806,5
4807,2
4808,5
4809,5
4810,7
4811,3
4812,5
4813,7
4814,2
4815,5
4816,5
4817,7
4818,7
4819,5
4820,5
4821,5
4822,5
4823,5
4824,5
4825,5
4826,5
4827,7
4828,5
4829,5
4830,7
4831,7
4832,5
4833,7
4834,5
4835,1
4836,5
4837,5
4838,2
4839,5
4840,5
4841,5
4842,5
4843,7
4844,5
4845,5
4846,5
4847,5
4848,7
4849,5
4850,5
4851,5
4852,5
4853,2
4854,5
4855,5
4856,5
4857,5
4858,7
4859,7
4860,7
4861,5
4862,5
4863,7
4864,5
4865,1
4866,5
4867,2
4868,7
4869,5
4870,2
4871,4
4872,5
4873,5
4874,5
4875,5
4876,5
4877,7
4878,5
4879,5
4880,5
4881,3
4882,5
4883,5
4884,7
4885,7
4886,5
4887,5
4888,5
4889,3
4890,2
4891,1
4892,5
4893,1
4894,2
4895,1
4896,5
4897,3
4898,5
4899,2
4900,5
4901,5
4902,5
4903,5
4904,5
4905,4
4906,5
4907,1
4908,7
4909,2
4910,5
4911,5
4912,5
4913,5
4914,7
4915,1
4916,7
4917,5
4918,7
4919,7
4920,5
4921,5
4922,7
4923,5
4924,7
4925,5
4926,5
4927,7
4928,5
4929,3
4930,5
4931,7
4932,5
4933,5
4934,5
4935,5
4936,7
4937,5
4938,1
4939,5
4940,1
4941,5
4942,5
4943,5
4944,5
4945,5
4946,5
4947,5
4948,5
4949,7
4950,1
4951,7
4952,5
4953,5
4954,5
4955,5
4956,2
4957,3
4958,5
4959,5
4960,5
4961,5
4962,7
4963,5
4964,5
4965,5
4966,5
4967,7
4968,5
4969,5
4970,5
4971,7
4972,5
4973,2
4974,7
4975,7
4976,5
4977,5
4978,5
4979,5
4980,5
4981,5
4982,7
4983,5
4984,5
4985,5
4986,5
4987,7
4988,7
4989,7
4990,5
4991,5
4992,7
4993,5
4994,5
4995,5
4996,7
4997,3
4998,1
4999,5
5000,5
5001,5
5002,5
5003,5
5004,5
5005,5
5006,5
5007,5
5008,7
5009,5
5010,5
5011,7
5012,5
5013,5
5014,2
5015,7
5016,5
5017,5
5018,1
5019,5
5020,2
5021,7
5022,5
5023,7
5024,2
5025,5
5026,7
5027,7
5028,7
5029,5
5030,5
5031,5
5032,5
5033,5
5034,1
5035,5
5036,5
5037,5
5038,5
5039,7
5040,7
5041,5
5042,7
5043,1
5044,5
5045,7
5046,5
5047,5
5048,5
5049,5
5050,2
5051,5
5052,5
5053,1
5054,5
5055,5
5056,7
5057,1
5058,5
5059,7
5060,5
5061,5
5062,5
5063,3
5064,5
5065,5
5066,5
5067,7
5068,5
5069,1
5070,3
5071,7
5072,5
5073,5
5074,5
5075,7
5076,5
5077,5
5078,2
5079,5
5080,7
5081,5
5082,5
5083,5
5084,1
5085,7
5086,2
5087,2
5088,7
5089,1
5090,7
5091,7
5092,5
5093,5
5094,6
5095,5
5096,5
5097,2
5098,5
5099,7
5100,5
5101,5
5102,5
5103,5
5104,5
5105,5
5106,5
5107,6
5108,5
5109,2
5110,5
5111,2
5112,5
5113,5
5114,5
5115,5
5116,5
5117,5
5118,2
5119,5
5120,5
5121,5
5122,5
5123,7
5124,5
5125,5
5126,6
5127,5
5128,5
5129,1
5130,5
5131,5
5132,2
5133,5
5134,5
5135,1
5136,1
5137,5
5138,5
5139,6
5140,5
5141,5
5142,0
5143,4
5144,4
5145,1
5146,5
5147,2
5148,5
5149,2
5150,4
5151,5
5152,5
5153,5
5154,7
5155,1
5156,5
5157,5
5158,5
5159,5
5160,5
5161,5
5162,5
5163,5
5164,2
5165,7
5166,0
5167,5
5168,5
5169,2
5170,5
5171,5
5172,7
5173,2
5174,5
5175,5
5176,5
5177,5
5178,7
5179,5
5180,1
5181,5
5182,5
5183,5
5184,7
5185,7
5186,5
5187,5
5188,7
5189,1
5190,5
5191,5
5192,7
5193,5
5194,5
5195,3
5196,5
5197,5
5198,7
5199,5
5200,7
5201,5
5202,5
5203,5
5204,5
5205,7
5206,1
5207,7
5208,1
5209,7
5210,2
5211,5
5212,5
5213,5
5214,5
5215,5
5216,5
5217,7
5218,5
5219,5
5220,5
5221,5
5222,5
5223,5
5224,5
5225,5
5226,5
5227,5
5228,7
5229,2
5230,5
5231,1
5232,5
5233,5
5234,2
5235,5
5236,5
5237,7
5238,5
5239,5
5240,3
5241,5
5242,5
5243,5
5244,7
5245,7
5246,5
5247,5
5248,5
5249,5
5250,2
5251,5
5252,5
5253,5
5254,5
5255,5
5256,5
5257,5
5258,1
5259,5
5260,5
5261,5
5262,5
5263,5
5264,7
5265,5
5266,5
5267,5
5268,7
5269,5
5270,2
5271,5
5272,5
5273,7
5274,5
5275,7
5276,5
5277,5
5278,5
5279,7
5280,5
5281,5
5282,5
5283,1
5284,5
5285,5
5286,5
5287,1
5288,5
5289,5
5290,2
5291,5
5292,5
5293,5
5294,5
5295,5
5296,0
5297,7
5298,5
5299,5
5300,5
5301,0
5302,5
5303,5
5304,5
5305,4
5306,1
5307,5
5308,5
5309,7
5310,5
5311,5
5312,5
5313,5
5314,7
5315,5
5316,5
5317,2
5318,5
5319,5
5320,5
5321,5
5322,7
5323,1
5324,5
5325,5
5326,7
5327,5
5328,5
5329,1
5330,7
5331,9
5332,5
5333,7
5334,5
5335,1
5336,7
5337,5
5338,7
5339,5
5340,5
5341,5
5342,5
5343,5
5344,5
5345,5
5346,5
5347,5
5348,5
5349,1
5350,7
5351,5
5352,5
5353,5
5354,7
5355,7
5356,5
5357,2
5358,5
5359,5
5360,7
5361,5
5362,7
5363,5
5364,1
5365,5
5366,5
5367,5
5368,5
5369,7
5370,5
5371,5
5372,5
5373,5
5374,7
5375,5
5376,5
5377,5
5378,7
5379,5
5380,5
5381,5
5382,5
5383,5
5384,5
5385,5
5386,5
5387,5
5388,5
5389,4
5390,7
5391,5
5392,5
5393,5
5394,7
5395,7
5396,2
5397,1
5398,5
5399,1
5400,5
5401,5
5402,2
5403,5
5404,7
5405,5
5406,5
5407,5
5408,3
5409,5
5410,5
5411,5
5412,2
5413,7
5414,5
5415,5
5416,2
5417,2
5418,5
5419,3
5420,5
5421,2
5422,5
5423,5
5424,5
5425,5
5426,5
5427,5
5428,5
5429,5
5430,5
5431,4
5432,7
5433,5
5434,7
5435,5
5436,5
5437,5
5438,7
5439,5
5440,5
5441,4
5442,5
5443,7
5444,5
5445,5
5446,1
5447,5
5448,5
5449,5
5450,5
5451,5
5452,5
5453,7
5454,5
5455,7
5456,5
5457,5
5458,4
5459,7
5460,5
5461,1
5462,5
5463,7
5464,5
5465,5
5466,7
5467,5
5468,5
5469,7
5470,5
5471,7
5472,5
5473,5
5474,5
5475,5
5476,5
5477,7
5478,5
5479,7
5480,7
5481,1
5482,5
5483,5
5484,2
5485,5
5486,5
5487,7
5488,1
5489,7
5490,7
5491,7
5492,5
5493,5
5494,7
5495,5
5496,5
5497,5
5498,5
5499,5
5500,5
5501,5
5502,7
5503,8
5504,7
5505,2
5506,5
5507,7
5508,7
5509,5
5510,1
5511,7
5512,7
5513,5
5514,5
5515,7
5516,5
5517,7
5518,5
5519,5
5520,5
5521,7
5522,7
5523,7
5524,7
5525,5
5526,5
5527,5
5528,4
5529,7
5530,5
5531,7
5532,5
5533,5
5534,5
5535,4
5536,5
5537,4
5538,5
5539,1
5540,5
5541,4
5542,5
5543,5
5544,5
5545,5
5546,5
5547,5
5548,5
5549,7
5550,5
5551,6
5552,5
5553,5
5554,5
5555,7
5556,5
5557,7
5558,5
5559,5
5560,7
5561,5
5562,5
5563,5
5564,7
5565,7
5566,7
5567,1
5568,5
5569,7
5570,5
5571,5
5572,2
5573,5
5574,7
5575,5
5576,5
5577,5
5578,7
5579,7
5580,5
5581,5
5582,5
5583,2
5584,4
5585,5
5586,5
5587,5
5588,5
5589,5
5590,5
5591,4
5592,5
5593,5
5594,5
5595,5
5596,5
5597,1
5598,4
5599,5
5600,7
5601,5
5602,5
5603,5
5604,5
5605,5
5606,7
5607,5
5608,5
5609,5
5610,5
5611,7
5612,5
5613,5
5614,7
5615,5
5616,1
5617,5
5618,5
5619,7
5620,5
5621,1
5622,5
5623,5
5624,5
5625,5
5626,5
5627,7
5628,5
5629,1
5630,1
5631,5
5632,5
5633,7
5634,7
5635,5
5636,5
5637,5
5638,2
5639,5
5640,5
5641,7
5642,7
5643,5
5644,5
5645,5
5646,5
5647,5
5648,5
5649,5
5650,7
5651,5
5652,5
5653,1
5654,2
5655,7
5656,3
5657,7
5658,5
5659,5
5660,1
5661,5
5662,5
5663,5
5664,5
5665,5
5666,5
5667,5
5668,4
5669,5
5670,7
5671,7
5672,5
5673,1
5674,5
5675,1
5676,5
5677,4
5678,5
5679,5
5680,2
5681,7
5682,7
5683,5
5684,1
5685,5
5686,5
5687,5
5688,1
5689,7
5690,5
5691,7
5692,5
5693,5
5694,1
5695,2
5696,2
5697,7
5698,5
5699,2
5700,1
5701,7
5702,5
5703,5
5704,5
5705,7
5706,5
5707,5
5708,5
5709,5
5710,5
5711,7
5712,1
5713,5
5714,1
5715,3
5716,5
5717,5
5718,5
5719,7
5720,5
5721,5
5722,5
5723,5
5724,5
5725,5
5726,5
5727,5
5728,5
5729,1
5730,1
5731,3
5732,5
5733,7
5734,2
5735,5
5736,5
5737,5
5738,5
5739,5
5740,5
5741,1
5742,1
5743,5
5744,5
5745,5
5746,5
5747,5
5748,2
5749,2
5750,5
5751,7
5752,5
5753,5
5754,5
5755,5
5756,5
5757,7
5758,5
5759,5
5760,7
5761,5
5762,7
5763,3
5764,5
5765,5
5766,5
5767,7
5768,5
5769,7
5770,1
5771,2
5772,3
5773,7
5774,5
5775,5
5776,5
5777,5
5778,5
5779,5
5780,5
5781,5
5782,5
5783,7
5784,7
5785,4
5786,5
5787,6
5788,3
5789,5
5790,0
5791,7
5792,5
5793,5
5794,5
5795,1
5796,5
5797,5
5798,5
5799,5
5800,5
5801,2
5802,7
5803,5
5804,7
5805,5
5806,7
5807,5
5808,5
5809,5
5810,5
5811,7
5812,5
5813,7
5814,5
5815,5
5816,5
5817,5
5818,5
5819,5
5820,7
5821,5
5822,5
5823,7
5824,5
5825,5
5826,7
5827,4
5828,5
5829,5
5830,5
5831,5
5832,5
5833,5
5834,2
5835,5
5836,3
5837,5
5838,5
5839,5
5840,5
5841,5
5842,5
5843,5
5844,5
5845,2
5846,7
5847,5
5848,5
5849,5
5850,1
5851,5
5852,1
5853,5
5854,5
5855,5
5856,1
5857,7
5858,5
5859,4
5860,5
5861,5
5862,5
5863,7
5864,5
5865,5
5866,5
5867,7
5868,5
5869,4
5870,7
5871,5
5872,5
5873,7
5874,5
5875,5
5876,1
5877,7
5878,5
5879,5
5880,5
5881,5
5882,5
5883,5
5884,5
5885,5
5886,7
5887,2
5888,1
5889,7
5890,5
5891,5
5892,5
5893,7
5894,5
5895,5
5896,5
5897,5
5898,7
5899,7
5900,5
5901,7
5902,5
5903,5
5904,8
5905,5
5906,5
5907,5
5908,5
5909,5
5910,5
5911,5
5912,5
5913,5
5914,7
5915,5
5916,1
5917,5
5918,2
5919,5
5920,5
5921,5
5922,7
5923,7
5924,7
5925,5
5926,5
5927,5
5928,5
5929,5
5930,5
5931,4
5932,5
5933,5
5934,1
5935,5
5936,5
5937,7
5938,4
5939,5
5940,7
5941,7
5942,5
5943,5
5944,5
5945,5
5946,5
5947,5
5948,5
5949,5
5950,5
5951,5
5952,3
5953,5
5954,5
5955,5
5956,5
5957,7
5958,2
5959,1
5960,5
5961,5
5962,5
5963,5
5964,5
5965,5
5966,7
5967,5
5968,4
5969,5
5970,7
5971,5
5972,8
5973,5
5974,7
5975,5
5976,5
5977,5
5978,5
5979,5
5980,5
5981,5
5982,5
5983,7
5984,5
5985,7
5986,4
5987,2
5988,5
5989,7
5990,5
5991,4
5992,1
5993,5
5994,5
5995,7
5996,7
5997,7
5998,7
5999,5
6000,5
6001,5
6002,5
6003,5
6004,7
6005,5
6006,5
6007,5
6008,5
6009,1
6010,5
6011,5
6012,5
6013,5
6014,5
6015,5
6016,3
6017,5
6018,5
6019,5
6020,5
6021,1
6022,5
6023,5
6024,5
6025,5
6026,7
6027,5
6028,7
6029,2
6030,5
6031,5
6032,7
6033,5
6034,5
6035,5
6036,7
6037,7
6038,5
6039,7
6040,5
6041,5
6042,5
6043,1
6044,5
6045,5
6046,5
6047,2
6048,5
6049,2
6050,5
6051,7
6052,5
6053,4
6054,5
6055,5
6056,7
6057,5
6058,2
6059,4
6060,5
6061,5
6062,5
6063,7
6064,5
6065,5
6066,2
6067,1
6068,1
6069,5
6070,3
6071,7
6072,5
6073,5
6074,5
6075,1
6076,5
6077,7
6078,5
6079,5
6080,5
6081,1
6082,5
6083,7
6084,5
6085,5
6086,5
6087,5
6088,5
6089,5
6090,2
6091,5
6092,1
6093,2
6094,1
6095,4
6096,5
6097,5
6098,3
6099,5
6100,3
6101,5
6102,5
6103,5
6104,5
6105,3
6106,5
6107,7
6108,5
6109,5
6110,5
6111,4
6112,5
6113,5
6114,5
6115,5
6116,5
6117,5
6118,5
6119,7
6120,6
6121,5
6122,5
6123,1
6124,2
6125,5
6126,5
6127,5
6128,3
6129,5
6130,5
6131,5
6132,5
6133,5
6134,5
6135,7
6136,5
6137,5
6138,7
6139,7
6140,7
6141,2
6142,5
6143,7
6144,7
6145,1
6146,5
6147,5
6148,5
6149,7
6150,7
6151,5
6152,5
6153,5
6154,7
6155,7
6156,2
6157,1
6158,5
6159,5
6160,5
6161,1
6162,5
6163,7
6164,5
6165,5
6166,5
6167,5
6168,1
6169,5
6170,5
6171,5
6172,7
6173,5
6174,5
6175,5
6176,5
6177,5
6178,5
6179,5
6180,5
6181,5
6182,5
6183,5
6184,5
6185,7
6186,5
6187,7
6188,2
6189,7
6190,5
6191,1
6192,2
6193,5
6194,7
6195,5
6196,5
6197,5
6198,5
6199,5
6200,5
6201,5
6202,5
6203,5
6204,7
6205,5
6206,5
6207,5
6208,7
6209,5
6210,5
6211,5
6212,5
6213,5
6214,4
6215,5
6216,5
6217,5
6218,5
6219,5
6220,5
6221,7
6222,7
6223,5
6224,5
6225,1
6226,3
6227,5
6228,5
6229,5
6230,5
6231,5
6232,5
6233,5
6234,5
6235,5
6236,7
6237,5
6238,5
6239,5
6240,2
6241,5
6242,5
6243,5
6244,5
6245,5
6246,7
6247,5
6248,5
6249,1
6250,5
6251,7
6252,7
6253,2
6254,5
6255,5
6256,5
6257,5
6258,1
6259,7
6260,5
6261,5
6262,5
6263,1
6264,5
6265,8
6266,2
6267,7
6268,4
6269,5
6270,5
6271,5
6272,7
6273,1
6274,5
6275,5
6276,5
6277,5
6278,5
6279,5
6280,7
6281,7
6282,5
6283,5
6284,0
6285,5
6286,7
6287,5
6288,5
6289,5
6290,5
6291,2
6292,7
6293,7
6294,5
6295,5
6296,5
6297,5
6298,2
6299,5
6300,5
6301,5
6302,5
6303,2
6304,7
6305,5
6306,5
6307,5
6308,5
6309,5
6310,5
6311,5
6312,3
6313,5
6314,5
6315,7
6316,5
6317,5
6318,7
6319,5
6320,5
6321,5
6322,5
6323,5
6324,5
6325,4
6326,7
6327,5
6328,5
6329,5
6330,5
6331,5
6332,7
6333,2
6334,5
6335,5
6336,2
6337,5
6338,1
6339,7
6340,5
6341,1
6342,7
6343,5
6344,1
6345,7
6346,7
6347,7
6348,5
6349,5
6350,5
6351,5
6352,5
6353,2
6354,7
6355,1
6356,2
6357,5
6358,7
6359,5
6360,1
6361,1
6362,5
6363,5
6364,5
6365,7
6366,5
6367,7
6368,5
6369,1
6370,5
6371,5
6372,5
6373,5
6374,5
6375,5
6376,5
6377,5
6378,8
6379,4
6380,1
6381,5
6382,5
6383,7
6384,3
6385,5
6386,5
6387,5
6388,5
6389,5
6390,5
6391,7
6392,5
6393,5
6394,5
6395,5
6396,5
6397,5
6398,2
6399,7
6400,2
6401,5
6402,5
6403,5
6404,5
6405,5
6406,4
6407,7
6408,5
6409,1
6410,5
6411,0
6412,1
6413,6
6414,1
6415,5
6416,5
6417,5
6418,1
6419,1
6420,5
6421,5
6422,5
6423,7
6424,5
6425,5
6426,5
6427,5
6428,1
6429,7
6430,5
6431,7
6432,5
6433,5
6434,5
6435,5
6436,7
6437,5
6438,5
6439,5
6440,5
6441,2
6442,7
6443,5
6444,5
6445,5
6446,2
6447,7
6448,7
6449,5
6450,3
6451,5
6452,3
6453,5
6454,7
6455,5
6456,1
6457,5
6458,5
6459,5
6460,5
6461,5
6462,5
6463,2
6464,5
6465,2
6466,5
6467,7
6468,5
6469,3
6470,5
6471,5
6472,6
6473,5
6474,5
6475,5
6476,5
6477,5
6478,5
6479,5
6480,4
6481,5
6482,7
6483,7
6484,5
6485,5
6486,5
6487,1
6488,5
6489,2
6490,5
6491,7
6492,5
6493,5
6494,5
6495,5
6496,5
6497,3
6498,5
6499,5
6500,4
6501,5
6502,5
6503,5
6504,1
6505,1
6506,5
6507,5
6508,5
6509,3
6510,7
6511,7
6512,7
6513,5
6514,5
6515,7
6516,5
6517,5
6518,5
6519,5
6520,1
6521,2
6522,5
6523,5
6524,7
6525,5
6526,5
6527,5
6528,5
6529,7
6530,2
6531,5
6532,2
6533,1
6534,5
6535,5
6536,5
6537,2
6538,2
6539,5
6540,7
6541,2
6542,5
6543,5
6544,5
6545,5
6546,4
6547,7
6548,6
6549,5
6550,3
6551,5
6552,7
6553,5
6554,5
6555,5
6556,1
6557,1
6558,7
6559,5
6560,5
6561,5
6562,7
6563,7
6564,5
6565,5
6566,5
6567,5
6568,5
6569,5
6570,5
6571,5
6572,7
6573,5
6574,5
6575,7
6576,5
6577,1
6578,5
6579,7
6580,5
6581,5
6582,5
6583,5
6584,7
6585,5
6586,5
6587,7
6588,5
6589,5
6590,5
6591,5
6592,5
6593,5
6594,5
6595,5
6596,5
6597,5
6598,5
6599,5
6600,2
6601,5
6602,5
6603,5
6604,5
6605,7
6606,5
6607,2
6608,5
6609,1
6610,5
6611,5
6612,5
6613,7
6614,5
6615,5
6616,5
6617,5
6618,5
6619,5
6620,5
6621,5
6622,5
6623,5
6624,1
6625,5
6626,5
6627,5
6628,7
6629,5
6630,7
6631,5
6632,2
6633,5
6634,7
6635,5
6636,5
6637,5
6638,5
6639,5
6640,7
6641,7
6642,5
6643,7
6644,5
6645,5
6646,5
6647,5
6648,5
6649,5
6650,5
6651,5
6652,5
6653,5
6654,7
6655,0
6656,2
6657,7
6658,7
6659,5
6660,5
6661,7
6662,5
6663,5
6664,6
6665,5
6666,5
6667,7
6668,7
6669,5
6670,5
6671,5
6672,5
6673,1
6674,5
6675,7
6676,5
6677,5
6678,5
6679,3
6680,5
6681,2
6682,7
6683,4
6684,5
6685,5
6686,5
6687,2
6688,7
6689,5
6690,5
6691,5
6692,5
6693,5
6694,5
6695,5
6696,7
6697,5
6698,5
6699,7
6700,5
6701,7
6702,1
6703,5
6704,4
6705,5
6706,7
6707,4
6708,1
6709,7
6710,1
6711,5
6712,5
6713,5
6714,5
6715,5
6716,5
6717,5
6718,3
6719,1
6720,5
6721,5
6722,5
6723,5
6724,1
6725,7
6726,7
6727,5
6728,5
6729,5
6730,5
6731,5
6732,5
6733,5
6734,1
6735,5
6736,5
6737,7
6738,5
6739,5
6740,5
6741,1
6742,5
6743,5
6744,5
6745,5
6746,1
6747,7
6748,7
6749,5
6750,5
6751,5
6752,7
6753,5
6754,7
6755,5
6756,5
6757,5
6758,7
6759,5
6760,7
6761,5
6762,5
6763,7
6764,5
6765,0
6766,5
6767,5
6768,5
6769,5
6770,7
6771,5
6772,5
6773,5
6774,7
6775,5
6776,5
6777,7
6778,5
6779,3
6780,5
6781,7
6782,5
6783,7
6784,7
6785,5
6786,1
6787,5
6788,5
6789,2
6790,5
6791,7
6792,5
6793,5
6794,5
6795,5
6796,3
6797,5
6798,5
6799,1
6800,5
6801,5
6802,5
6803,5
6804,5
6805,5
6806,7
6807,5
6808,5
6809,2
6810,1
6811,2
6812,5
6813,5
6814,5
6815,5
6816,5
6817,5
6818,7
6819,5
6820,5
6821,5
6822,7
6823,5
6824,1
6825,5
6826,5
6827,5
6828,7
6829,3
6830,5
6831,5
6832,7
6833,5
6834,3
6835,1
6836,5
6837,1
6838,7
6839,5
6840,5
6841,5
6842,5
6843,1
6844,5
6845,7
6846,2
6847,2
6848,5
6849,5
6850,5
6851,5
6852,7
6853,5
6854,5
6855,5
6856,1
6857,5
6858,5
6859,5
6860,7
6861,5
6862,5
6863,7
6864,5
6865,5
6866,5
6867,5
6868,5
6869,5
6870,2
6871,5
6872,4
6873,2
6874,5
6875,5
6876,5
6877,5
6878,5
6879,5
6880,5
6881,3
6882,5
6883,5
6884,5
6885,5
6886,5
6887,7
6888,5
6889,7
6890,5
6891,7
6892,5
6893,7
6894,7
6895,7
6896,5
6897,5
6898,5
6899,5
6900,1
6901,5
6902,5
6903,5
6904,7
6905,5
6906,5
6907,7
6908,7
6909,1
6910,5
6911,5
6912,5
6913,5
6914,5
6915,4
6916,2
6917,5
6918,7
6919,5
6920,2
6921,5
6922,5
6923,5
6924,5
6925,5
6926,5
6927,5
6928,5
6929,7
6930,5
6931,5
6932,5
6933,5
6934,2
6935,5
6936,5
6937,7
6938,7
6939,7
6940,7
6941,5
6942,2
6943,5
6944,5
6945,5
6946,7
6947,5
6948,5
6949,5
6950,5
6951,5
6952,5
6953,7
6954,5
6955,2
6956,7
6957,5
6958,5
6959,5
6960,2
6961,1
6962,5
6963,5
6964,5
6965,5
6966,5
6967,5
6968,5
6969,5
6970,7
6971,5
6972,5
6973,5
6974,5
6975,5
6976,5
6977,7
6978,7
6979,5
6980,4
6981,1
6982,5
6983,1
6984,5
6985,5
6986,5
6987,5
6988,5
6989,5
6990,1
6991,5
6992,7
6993,7
6994,5
6995,7
6996,7
6997,7
6998,5
6999,5
7000,5
7001,5
7002,1
7003,7
7004,5
7005,5
7006,5
7007,5
7008,5
7009,2
7010,5
7011,5
7012,5
7013,7
7014,7
7015,5
7016,5
7017,5
7018,5
7019,5
7020,7
7021,7
7022,5
7023,5
7024,1
7025,5
7026,5
7027,5
7028,5
7029,5
7030,7
7031,5
7032,5
7033,7
7034,5
7035,7
7036,5
7037,5
7038,7
7039,5
7040,5
7041,5
7042,5
7043,5
7044,5
7045,7
7046,7
7047,5
7048,5
7049,5
7050,7
7051,5
7052,7
7053,5
7054,5
7055,1
7056,2
7057,5
7058,2
7059,5
7060,5
7061,5
7062,5
7063,5
7064,5
7065,5
7066,7
7067,7
7068,5
7069,7
7070,5
7071,5
7072,5
7073,5
7074,5
7075,3
7076,5
7077,5
7078,5
7079,5
7080,7
7081,7
7082,5
7083,5
7084,0
7085,7
7086,7
7087,7
7088,7
7089,5
7090,7
7091,7
7092,5
7093,5
7094,5
7095,5
7096,7
7097,7
7098,5
7099,5
7100,2
7101,7
7102,5
7103,7
7104,5
7105,5
7106,5
7107,5
7108,5
7109,5
7110,5
7111,5
7112,4
7113,1
7114,5
7115,1
7116,5
7117,5
7118,4
7119,5
7120,5
7121,5
7122,5
7123,4
7124,5
7125,7
7126,5
7127,7
7128,5
7129,5
7130,7
7131,5
7132,5
7133,7
7134,1
7135,1
7136,5
7137,5
7138,7
7139,4
7140,5
7141,7
7142,5
7143,5
7144,2
7145,7
7146,5
7147,1
7148,5
7149,5
7150,5
7151,4
7152,5
7153,5
7154,5
7155,7
7156,5
7157,7
7158,5
7159,7
7160,5
7161,7
7162,5
7163,7
7164,5
7165,5
7166,7
7167,5
7168,5
7169,7
7170,2
7171,5
7172,2
7173,5
7174,1
7175,5
7176,5
7177,7
7178,5
7179,5
7180,1
7181,7
7182,5
7183,5
7184,7
7185,7
7186,5
7187,2
7188,7
7189,5
7190,5
7191,2
7192,5
7193,7
7194,5
7195,7
7196,3
7197,5
7198,7
7199,1
7200,5
7201,5
7202,5
7203,7
7204,7
7205,5
7206,4
7207,5
7208,3
7209,5
7210,5
7211,5
7212,1
7213,2
7214,5
7215,1
7216,5
7217,5
7218,7
7219,5
7220,5
7221,7
7222,5
7223,5
7224,7
7225,5
7226,5
7227,5
7228,5
7229,5
7230,5
7231,5
7232,5
7233,7
7234,5
7235,1
7236,5
7237,1
7238,7
7239,5
7240,3
7241,5
7242,5
7243,7
7244,7
7245,5
7246,5
7247,5
7248,6
7249,5
7250,5
7251,5
7252,5
7253,7
7254,5
7255,5
7256,5
7257,5
7258,5
7259,5
7260,5
7261,5
7262,6
7263,5
7264,7
7265,7
7266,5
7267,5
7268,3
7269,5
7270,5
7271,5
7272,5
7273,5
7274,5
7275,7
7276,2
7277,5
7278,5
7279,5
7280,5
7281,5
7282,7
7283,3
7284,5
7285,1
7286,5
7287,5
7288,5
7289,7
7290,5
7291,5
7292,5
7293,7
7294,7
7295,7
7296,5
7297,5
7298,5
7299,5
7300,5
7301,1
7302,6
7303,7
7304,5
7305,5
7306,2
7307,5
7308,7
7309,7
7310,5
7311,5
7312,5
7313,1
7314,1
7315,2
7316,7
7317,5
7318,5
7319,4
7320,5
7321,5
7322,5
7323,5
7324,7
7325,5
7326,1
7327,5
7328,7
7329,5
7330,7
7331,3
7332,5
7333,7
7334,1
7335,5
7336,5
7337,7
7338,7
7339,5
7340,5
7341,1
7342,7
7343,5
7344,7
7345,7
7346,1
7347,7
7348,5
7349,4
7350,5
7351,5
7352,5
7353,5
7354,7
7355,2
7356,5
7357,5
7358,5
7359,3
7360,5
7361,3
7362,5
7363,7
7364,5
7365,7
7366,5
7367,5
7368,2
7369,5
7370,7
7371,5
7372,5
7373,7
7374,5
7375,7
7376,7
7377,3
7378,5
7379,5
7380,5
7381,5
7382,5
7383,5
7384,5
7385,5
7386,5
7387,7
7388,7
7389,5
7390,5
7391,5
7392,5
7393,5
7394,4
7395,5
7396,5
7397,5
7398,5
7399,5
7400,5
7401,2
7402,5
7403,7
7404,7
7405,7
7406,5
7407,5
7408,5
7409,5
7410,7
7411,1
7412,5
7413,5
7414,5
7415,5
7416,2
7417,5
7418,2
7419,5
7420,5
7421,5
7422,5
7423,5
7424,5
7425,3
7426,1
7427,5
7428,5
7429,1
7430,5
7431,5
7432,5
7433,5
7434,5
7435,7
7436,2
7437,4
7438,5
7439,5
7440,5
7441,1
7442,5
7443,5
7444,5
7445,1
7446,7
7447,7
7448,7
7449,2
7450,5
7451,5
7452,5
7453,7
7454,7
7455,5
7456,5
7457,3
7458,7
7459,4
7460,5
7461,7
7462,5
7463,5
7464,7
7465,5
7466,7
7467,5
7468,5
7469,5
7470,2
7471,6
7472,5
7473,7
7474,5
7475,5
7476,7
7477,5
7478,7
7479,7
7480,7
7481,5
7482,7
7483,5
7484,7
7485,5
7486,1
7487,5
7488,5
7489,5
7490,5
7491,5
7492,5
7493,5
7494,5
7495,3
7496,5
7497,5
7498,7
7499,5
7500,5
7501,7
7502,2
7503,5
7504,5
7505,5
7506,5
7507,7
7508,5
7509,5
7510,5
7511,5
7512,7
7513,5
7514,5
7515,5
7516,5
7517,1
7518,5
7519,2
7520,5
7521,5
7522,5
7523,4
7524,5
7525,7
7526,5
7527,1
7528,5
7529,7
7530,5
7531,5
7532,3
7533,2
7534,7
7535,5
7536,5
7537,1
7538,5
7539,5
7540,1
7541,7
7542,7
7543,5
7544,5
7545,7
7546,7
7547,5
7548,5
7549,1
7550,7
7551,5
7552,5
7553,5
7554,5
7555,3
7556,7
7557,5
7558,5
7559,5
7560,5
7561,5
7562,0
7563,7
7564,5
7565,5
7566,5
7567,5
7568,5
7569,7
7570,5
7571,5
7572,1
7573,5
7574,5
7575,5
7576,5
7577,7
7578,7
7579,1
7580,5
7581,2
7582,5
7583,5
7584,2
7585,7
7586,5
7587,5
7588,5
7589,5
7590,5
7591,5
7592,5
7593,5
7594,5
7595,5
7596,5
7597,7
7598,5
7599,5
7600,5
7601,5
7602,5
7603,7
7604,5
7605,5
7606,5
7607,5
7608,5
7609,5
7610,5
7611,5
7612,5
7613,5
7614,5
7615,5
7616,5
7617,7
7618,7
7619,5
7620,5
7621,5
7622,2
7623,3
7624,5
7625,5
7626,5
7627,5
7628,5
7629,1
7630,7
7631,7
7632,5
7633,5
7634,5
7635,5
7636,5
7637,5
7638,5
7639,5
7640,5
7641,5
7642,5
7643,5
7644,5
7645,5
7646,5
7647,5
7648,5
7649,4
7650,5
7651,5
7652,7
7653,5
7654,5
7655,5
7656,5
7657,5
7658,5
7659,5
7660,2
7661,2
7662,5
7663,5
7664,5
7665,5
7666,6
7667,5
7668,5
7669,5
7670,5
7671,5
7672,5
7673,7
7674,7
7675,1
7676,2
7677,5
7678,5
7679,3
7680,7
7681,7
7682,5
7683,5
7684,7
7685,5
7686,5
7687,5
7688,7
7689,7
7690,7
7691,5
7692,5
7693,5
7694,7
7695,5
7696,6
7697,7
7698,5
7699,5
7700,5
7701,5
7702,5
7703,5
7704,5
7705,5
7706,7
7707,5
7708,1
7709,2
7710,5
7711,5
7712,5
7713,2
7714,5
7715,5
7716,7
7717,1
7718,5
7719,7
7720,5
7721,5
7722,6
7723,7
7724,5
7725,5
7726,5
7727,5
7728,5
7729,5
7730,5
7731,2
7732,5
7733,1
7734,5
7735,7
7736,3
7737,7
7738,5
7739,5
7740,5
7741,5
7742,2
7743,5
7744,5
7745,5
7746,5
7747,7
7748,7
7749,5
7750,1
7751,5
7752,5
7753,5
7754,2
7755,7
7756,5
7757,5
7758,5
7759,5
7760,5
7761,5
7762,5
7763,5
7764,1
7765,1
7766,7
7767,7
7768,5
7769,5
7770,4
7771,5
7772,5
7773,5
7774,5
7775,5
7776,1
7777,5
7778,5
7779,5
7780,7
7781,2
7782,5
7783,7
7784,5
7785,7
7786,5
7787,5
7788,1
7789,1
7790,5
7791,5
7792,5
7793,5
7794,5
7795,5
7796,5
7797,5
7798,1
7799,1
7800,7
7801,5
7802,5
7803,5
7804,5
7805,5
7806,5
7807,5
7808,7
7809,5
7810,4
7811,5
7812,5
7813,1
7814,5
7815,5
7816,5
7817,5
7818,7
7819,5
7820,5
7821,5
7822,5
7823,1
7824,5
7825,5
7826,1
7827,5
7828,5
7829,5
7830,5
7831,7
7832,7
7833,5
7834,5
7835,5
7836,3
7837,5
7838,5
7839,4
7840,5
7841,5
7842,5
7843,5
7844,5
7845,5
7846,5
7847,5
7848,5
7849,5
7850,5
7851,5
7852,5
7853,5
7854,1
7855,5
7856,5
7857,5
7858,3
7859,5
7860,2
7861,4
7862,5
7863,5
7864,5
7865,7
7866,5
7867,7
7868,5
7869,7
7870,7
7871,5
7872,2
7873,7
7874,1
7875,5
7876,2
7877,5
7878,5
7879,7
7880,5
7881,5
7882,1
7883,7
7884,7
7885,5
7886,5
7887,7
7888,5
7889,7
7890,7
7891,5
7892,1
7893,5
7894,5
7895,5
7896,5
7897,5
7898,5
7899,7
7900,5
7901,5
7902,5
7903,5
7904,5
7905,5
7906,1
7907,7
7908,5
7909,5
7910,1
7911,5
7912,5
7913,5
7914,5
7915,5
7916,7
7917,5
7918,5
7919,5
7920,7
7921,7
7922,5
7923,5
7924,5
7925,2
7926,5
7927,1
7928,7
7929,7
7930,5
7931,7
7932,5
7933,5
7934,7
7935,2
7936,5
7937,7
7938,7
7939,5
7940,5
7941,5
7942,6
7943,5
7944,5
7945,5
7946,5
7947,7
7948,5
7949,5
7950,5
7951,1
7952,7
7953,5
7954,5
7955,1
7956,7
7957,7
7958,1
7959,5
7960,5
7961,7
7962,7
7963,7
7964,5
7965,1
7966,7
7967,5
7968,5
7969,5
7970,5
7971,5
7972,7
7973,4
7974,7
7975,5
7976,5
7977,5
7978,7
7979,5
7980,5
7981,5
7982,5
7983,5
7984,7
7985,5
7986,1
7987,7
7988,1
7989,5
7990,5
7991,5
7992,5
7993,4
7994,1
7995,7
7996,5
7997,5
7998,5
7999,7
8000,7
8001,5
8002,5
8003,1
8004,5
8005,5
8006,7
8007,5
8008,5
8009,5
8010,5
8011,1
8012,5
8013,2
8014,5
8015,5
8016,5
8017,5
8018,5
8019,5
8020,5
8021,5
8022,1
8023,5
8024,5
8025,5
8026,5
8027,5
8028,7
8029,5
8030,5
8031,5
8032,7
8033,5
8034,5
8035,7
8036,1
8037,5
8038,7
8039,1
8040,5
8041,5
8042,5
8043,5
8044,7
8045,5
8046,1
8047,5
8048,7
8049,1
8050,5
8051,5
8052,5
8053,5
8054,5
8055,5
8056,5
8057,5
8058,1
8059,5
8060,7
8061,5
8062,4
8063,5
8064,5
8065,1
8066,7
8067,7
8068,7
8069,1
8070,5
8071,5
8072,2
8073,5
8074,5
8075,5
8076,5
8077,5
8078,7
8079,7
8080,5
8081,5
8082,5
8083,5
8084,5
8085,5
8086,7
8087,3
8088,4
8089,5
8090,5
8091,5
8092,7
8093,5
8094,5
8095,4
8096,5
8097,5
8098,5
8099,5
8100,5
8101,5
8102,5
8103,5
8104,5
8105,7
8106,5
8107,4
8108,5
8109,7
8110,5
8111,5
8112,1
8113,5
8114,4
8115,5
8116,7
8117,5
8118,5
8119,5
8120,5
8121,5
8122,5
8123,2
8124,5
8125,5
8126,1
8127,7
8128,5
8129,5
8130,7
8131,5
8132,5
8133,5
8134,5
8135,5
8136,5
8137,7
8138,5
8139,5
8140,5
8141,2
8142,5
8143,7
8144,4
8145,1
8146,5
8147,4
8148,5
8149,5
8150,3
8151,5
8152,5
8153,0
8154,5
8155,1
8156,5
8157,5
8158,5
8159,1
8160,1
8161,0
8162,7
8163,7
8164,4
8165,5
8166,7
8167,7
8168,5
8169,5
8170,5
8171,5
8172,5
8173,7
8174,7
8175,5
8176,5
8177,2
8178,5
8179,5
8180,4
8181,5
8182,5
8183,3
8184,5
8185,5
8186,5
8187,4
8188,5
8189,5
8190,5
8191,7
8192,5
8193,5
8194,1
8195,5
8196,2
8197,7
8198,7
8199,5
8200,5
8201,5
8202,5
8203,1
8204,3
8205,5
8206,7
8207,5
8208,5
8209,3
8210,5
8211,1
8212,5
8213,5
8214,5
8215,1
8216,5
8217,5
8218,5
8219,7
8220,5
8221,5
8222,7
8223,7
8224,5
8225,5
8226,1
8227,5
8228,5
8229,4
8230,7
8231,5
8232,5
8233,5
8234,7
8235,5
8236,5
8237,5
8238,5
8239,5
8240,5
8241,1
8242,5
8243,5
8244,5
8245,5
8246,5
8247,7
8248,5
8249,2
8250,5
8251,2
8252,4
8253,5
8254,5
8255,7
8256,5
8257,5
8258,5
8259,5
8260,1
8261,5
8262,5
8263,7
8264,5
8265,7
8266,5
8267,5
8268,5
8269,5
8270,5
8271,5
8272,0
8273,5
8274,5
8275,0
8276,7
8277,3
8278,5
8279,7
8280,5
8281,3
8282,5
8283,7
8284,7
8285,7
8286,5
8287,5
8288,5
8289,5
8290,5
8291,5
8292,5
8293,5
8294,1
8295,5
8296,5
8297,5
8298,5
8299,1
8300,5
8301,5
8302,1
8303,7
8304,5
8305,5
8306,5
8307,5
8308,5
8309,1
8310,7
8311,5
8312,5
8313,5
8314,1
8315,5
8316,5
8317,7
8318,5
8319,5
8320,5
8321,5
8322,5
8323,3
8324,7
8325,7
8326,7
8327,2
8328,7
8329,5
8330,5
8331,5
8332,5
8333,7
8334,1
8335,7
8336,5
8337,5
8338,5
8339,5
8340,5
8341,7
8342,7
8343,1
8344,2
8345,3
8346,5
8347,5
8348,5
8349,5
8350,2
8351,5
8352,5
8353,2
8354,7
8355,5
8356,5
8357,5
8358,5
8359,5
8360,5
8361,5
8362,7
8363,5
8364,7
8365,5
8366,5
8367,1
8368,5
8369,7
8370,5
8371,5
8372,2
8373,7
8374,5
8375,7
8376,5
8377,5
8378,1
8379,1
8380,5
8381,5
8382,4
8383,2
8384,5
8385,5
8386,5
8387,7
8388,2
8389,7
8390,7
8391,5
8392,2
8393,5
8394,5
8395,5
8396,5
8397,5
8398,5
8399,5
8400,4
8401,5
8402,5
8403,5
8404,7
8405,5
8406,1
8407,6
8408,2
8409,4
8410,5
8411,5
8412,5
8413,5
8414,5
8415,7
8416,5
8417,5
8418,5
8419,5
8420,4
8421,5
8422,7
8423,5
8424,1
8425,5
8426,5
8427,5
8428,5
8429,5
8430,5
8431,5
8432,5
8433,5
8434,7
8435,5
8436,2
8437,7
8438,1
8439,2
8440,7
8441,5
8442,7
8443,1
8444,4
8445,5
8446,5
8447,5
8448,5
8449,5
8450,5
8451,5
8452,5
8453,5
8454,7
8455,5
8456,4
8457,5
8458,7
8459,5
8460,5
8461,3
8462,7
8463,5
8464,5
8465,7
8466,5
8467,7
8468,5
8469,7
8470,5
8471,3
8472,1
8473,7
8474,5
8475,1
8476,7
8477,5
8478,4
8479,5
8480,5
8481,5
8482,2
8483,7
8484,7
8485,5
8486,5
8487,5
8488,5
8489,5
8490,2
8491,5
8492,5
8493,1
8494,2
8495,5
8496,7
8497,5
8498,7
8499,5
8500,7
8501,5
8502,5
8503,4
8504,5
8505,5
8506,5
8507,7
8508,5
8509,5
8510,5
8511,7
8512,5
8513,5
8514,5
8515,2
8516,5
8517,1
8518,7
8519,5
8520,7
8521,5
8522,2
8523,5
8524,5
8525,5
8526,5
8527,7
8528,5
8529,5
8530,7
8531,5
8532,5
8533,4
8534,7
8535,5
8536,5
8537,5
8538,5
8539,5
8540,5
8541,5
8542,5
8543,5
8544,1
8545,5
8546,5
8547,1
8548,5
8549,7
8550,5
8551,1
8552,5
8553,5
8554,5
8555,5
8556,5
8557,1
8558,1
8559,5
8560,5
8561,5
8562,7
8563,7
8564,3
8565,5
8566,5
8567,0
8568,5
8569,5
8570,5
8571,5
8572,5
8573,5
8574,1
8575,5
8576,7
8577,5
8578,5
8579,5
8580,7
8581,5
8582,5
8583,1
8584,2
8585,7
8586,5
8587,7
8588,7
8589,5
8590,7
8591,5
8592,5
8593,5
8594,5
8595,7
8596,5
8597,7
8598,7
8599,7
8600,7
8601,7
8602,5
8603,5
8604,4
8605,5
8606,5
8607,6
8608,4
8609,5
8610,7
8611,5
8612,5
8613,7
8614,5
8615,5
8616,4
8617,5
8618,1
8619,5
8620,5
8621,5
8622,5
8623,7
8624,5
8625,5
8626,5
8627,2
8628,7
8629,4
8630,5
8631,5
8632,5
8633,5
8634,5
8635,2
8636,5
8637,5
8638,5
8639,5
8640,5
8641,5
8642,1
8643,7
8644,5
8645,5
8646,5
8647,7
8648,5
8649,5
8650,5
8651,5
8652,7
8653,5
8654,5
8655,7
8656,7
8657,2
8658,5
8659,5
8660,5
8661,7
8662,3
8663,1
8664,5
8665,5
8666,5
8667,7
8668,5
8669,1
8670,7
8671,3
8672,1
8673,5
8674,5
8675,5
8676,1
8677,5
8678,1
8679,7
8680,5
8681,5
8682,7
8683,5
8684,7
8685,7
8686,3
8687,5
8688,7
8689,5
8690,5
8691,7
8692,7
8693,5
8694,5
8695,5
8696,1
8697,5
8698,1
8699,5
8700,5
8701,5
8702,1
8703,5
8704,5
8705,2
8706,5
8707,7
8708,5
8709,3
8710,5
8711,5
8712,5
8713,1
8714,5
8715,0
8716,1
8717,5
8718,3
8719,5
8720,5
8721,1
8722,5
8723,5
8724,2
8725,5
8726,7
8727,2
8728,5
8729,5
8730,7
8731,7
8732,5
8733,5
8734,5
8735,5
8736,5
8737,7
8738,7
8739,5
8740,5
8741,7
8742,5
8743,7
8744,2
8745,5
8746,5
8747,5
8748,5
8749,5
8750,5
8751,5
8752,4
8753,2
8754,5
8755,7
8756,5
8757,5
8758,5
8759,5
8760,1
8761,5
8762,5
8763,5
8764,7
8765,5
8766,3
8767,7
8768,5
8769,2
8770,7
8771,5
8772,5
8773,5
8774,5
8775,5
8776,2
8777,7
8778,7
8779,5
8780,5
8781,5
8782,7
8783,3
8784,1
8785,5
8786,7
8787,1
8788,5
8789,9
8790,7
8791,5
8792,5
8793,5
8794,7
8795,5
8796,5
8797,5
8798,5
8799,7
8800,5
8801,7
8802,7
8803,3
8804,5
8805,5
8806,5
8807,5
8808,5
8809,2
8810,5
8811,4
8812,2
8813,5
8814,7
8815,7
8816,2
8817,5
8818,7
8819,7
8820,1
8821,7
8822,5
8823,5
8824,5
8825,7
8826,5
8827,5
8828,5
8829,5
8830,5
8831,5
8832,5
8833,5
8834,5
8835,5
8836,5
8837,1
8838,5
8839,5
8840,2
8841,5
8842,5
8843,5
8844,5
8845,5
8846,5
8847,5
8848,5
8849,7
8850,7
8851,5
8852,5
8853,5
8854,0
8855,5
8856,5
8857,5
8858,5
8859,7
8860,5
8861,5
8862,5
8863,1
8864,4
8865,5
8866,7
8867,7
8868,5
8869,7
8870,5
8871,5
8872,5
8873,7
8874,5
8875,5
8876,5
8877,7
8878,1
8879,5
8880,5
8881,5
8882,5
8883,5
8884,7
8885,7
8886,3
8887,5
8888,5
8889,5
8890,5
8891,5
8892,5
8893,1
8894,5
8895,7
8896,5
8897,5
8898,5
8899,7
8900,5
8901,5
8902,7
8903,5
8904,3
8905,5
8906,5
8907,1
8908,1
8909,5
8910,5
8911,5
8912,7
8913,5
8914,5
8915,5
8916,5
8917,7
8918,5
8919,7
8920,7
8921,5
8922,5
8923,5
8924,5
8925,5
8926,5
8927,5
8928,5
8929,5
8930,7
8931,1
8932,5
8933,5
8934,4
8935,7
8936,5
8937,5
8938,5
8939,5
8940,5
8941,7
8942,5
8943,7
8944,7
8945,2
8946,5
8947,5
8948,5
8949,5
8950,5
8951,4
8952,7
8953,7
8954,5
8955,4
8956,5
8957,5
8958,5
8959,5
8960,7
8961,5
8962,7
8963,5
8964,7
8965,2
8966,5
8967,5
8968,1
8969,5
8970,1
8971,2
8972,1
8973,5
8974,5
8975,5
8976,7
8977,5
8978,5
8979,5
8980,5
8981,5
8982,5
8983,5
8984,1
8985,5
8986,1
8987,1
8988,7
8989,1
8990,7
8991,7
8992,5
8993,7
8994,5
8995,5
8996,7
8997,5
8998,5
8999,5
9000,5
9001,5
9002,5
9003,4
9004,5
9005,5
9006,5
9007,5
9008,5
9009,5
9010,5
9011,5
9012,5
9013,7
9014,5
9015,5
9016,5
9017,5
9018,5
9019,1
9020,5
9021,5
9022,7
9023,5
9024,5
9025,7
9026,5
9027,5
9028,5
9029,1
9030,5
9031,5
9032,5
9033,5
9034,5
9035,7
9036,5
9037,5
9038,7
9039,5
9040,5
9041,7
9042,5
9043,5
9044,5
9045,7
9046,5
9047,5
9048,5
9049,5
9050,7
9051,5
9052,7
9053,1
9054,5
9055,5
9056,1
9057,1
9058,2
9059,7
9060,0
9061,5
9062,2
9063,5
9064,5
9065,5
9066,5
9067,5
9068,5
9069,4
9070,7
9071,5
9072,5
9073,5
9074,5
9075,5
9076,3
9077,5
9078,5
9079,2
9080,7
9081,5
9082,5
9083,5
9084,5
9085,1
9086,2
9087,7
9088,4
9089,7
9090,5
9091,2
9092,5
9093,5
9094,5
9095,5
9096,1
9097,7
9098,5
9099,5
9100,1
9101,5
9102,5
9103,5
9104,5
9105,5
9106,7
9107,7
9108,5
9109,5
9110,5
9111,7
9112,3
9113,0
9114,5
9115,7
9116,5
9117,2
9118,5
9119,5
9120,7
9121,5
9122,5
9123,5
9124,5
9125,5
9126,5
9127,5
9128,5
9129,5
9130,5
9131,7
9132,7
9133,5
9134,7
9135,5
9136,7
9137,7
9138,7
9139,5
9140,5
9141,5
9142,5
9143,7
9144,5
9145,5
9146,5
9147,2
9148,7
9149,5
9150,6
9151,5
9152,5
9153,5
9154,2
9155,5
9156,2
9157,5
9158,5
9159,7
9160,7
9161,5
9162,7
9163,5
9164,5
9165,4
9166,5
9167,5
9168,5
9169,1
9170,5
9171,5
9172,7
9173,5
9174,7
9175,5
9176,5
9177,3
9178,5
9179,7
9180,5
9181,1
9182,5
9183,5
9184,1
9185,5
9186,5
9187,7
9188,1
9189,7
9190,5
9191,7
9192,7
9193,5
9194,5
9195,5
9196,5
9197,5
9198,5
9199,5
9200,3
9201,5
9202,5
9203,5
9204,7
9205,5
9206,5
9207,5
9208,5
9209,5
9210,5
9211,5
9212,5
9213,5
9214,5
9215,5
9216,5
9217,2
9218,5
9219,5
9220,5
9221,5
9222,5
9223,7
9224,7
9225,5
9226,5
9227,4
9228,5
9229,7
9230,5
9231,2
9232,5
9233,5
9234,5
9235,5
9236,5
9237,5
9238,5
9239,5
9240,5
9241,7
9242,5
9243,5
9244,5
9245,5
9246,5
9247,7
9248,5
9249,5
9250,5
9251,7
9252,2
9253,5
9254,5
9255,7
9256,5
9257,2
9258,5
9259,5
9260,7
9261,7
9262,5
9263,5
9264,5
9265,5
9266,7
9267,5
9268,1
9269,7
9270,7
9271,7
9272,7
9273,7
9274,5
9275,5
9276,5
9277,5
9278,5
9279,7
9280,5
9281,5
9282,7
9283,7
9284,7
9285,5
9286,5
9287,5
9288,4
9289,7
9290,5
9291,5
9292,5
9293,5
9294,5
9295,2
9296,5
9297,1
9298,5
9299,5
9300,5
9301,7
9302,7
9303,5
9304,7
9305,5
9306,5
9307,7
9308,7
9309,5
9310,5
9311,5
9312,5
9313,5
9314,7
9315,1
9316,1
9317,5
9318,5
9319,5
9320,1
9321,1
9322,5
9323,5
9324,1
9325,5
9326,5
9327,5
9328,1
9329,7
9330,5
9331,5
9332,5
9333,5
9334,5
9335,4
9336,5
9337,5
9338,5
9339,5
9340,5
9341,5
9342,5
9343,5
9344,7
9345,7
9346,5
9347,5
9348,2
9349,2
9350,5
9351,7
9352,7
9353,5
9354,5
9355,7
9356,5
9357,5
9358,5
9359,7
9360,5
9361,5
9362,7
9363,5
9364,2
9365,4
9366,7
9367,5
9368,7
9369,5
9370,5
9371,5
9372,5
9373,7
9374,5
9375,2
9376,5
9377,5
9378,6
9379,1
9380,5
9381,5
9382,7
9383,2
9384,1
9385,2
9386,7
9387,5
9388,5
9389,5
9390,5
9391,5
9392,2
9393,7
9394,7
9395,1
9396,5
9397,7
9398,2
9399,5
9400,7
9401,5
9402,5
9403,7
9404,3
9405,5
9406,7
9407,5
9408,5
9409,7
9410,2
9411,5
9412,5
9413,1
9414,5
9415,1
9416,5
9417,5
9418,5
9419,5
9420,2
9421,1
9422,5
9423,5
9424,5
9425,4
9426,5
9427,4
9428,5
9429,3
9430,5
9431,5
9432,5
9433,5
9434,5
9435,5
9436,5
9437,1
9438,2
9439,5
9440,7
9441,5
9442,5
9443,5
9444,1
9445,1
9446,5
9447,5
9448,5
9449,5
9450,7
9451,5
9452,5
9453,5
9454,5
9455,5
9456,5
9457,5
9458,2
9459,7
9460,1
9461,5
9462,5
9463,5
9464,5
9465,5
9466,5
9467,5
9468,5
9469,7
9470,5
9471,5
9472,5
9473,5
9474,4
9475,7
9476,1
9477,5
9478,5
9479,5
9480,7
9481,5
9482,5
9483,1
9484,5
9485,5
9486,5
9487,5
9488,5
9489,7
9490,5
9491,5
9492,1
9493,5
9494,5
9495,7
9496,5
9497,5
9498,7
9499,7
9500,5
9501,5
9502,5
9503,3
9504,5
9505,5
9506,5
9507,5
9508,1
9509,5
9510,5
9511,7
9512,7
9513,3
9514,5
9515,7
9516,5
9517,5
9518,5
9519,5
9520,7
9521,5
9522,5
9523,7
9524,5
9525,5
9526,5
9527,7
9528,5
9529,5
9530,5
9531,5
9532,5
9533,5
9534,7
9535,7
9536,5
9537,7
9538,1
9539,1
9540,5
9541,5
9542,5
9543,5
9544,5
9545,7
9546,5
9547,3
9548,5
9549,5
9550,7
9551,5
9552,5
9553,1
9554,7
9555,5
9556,5
9557,5
9558,5
9559,4
9560,5
9561,7
9562,5
9563,1
9564,5
9565,5
9566,4
9567,5
9568,7
9569,4
9570,5
9571,2
9572,5
9573,5
9574,2
9575,5
9576,5
9577,5
9578,5
9579,4
9580,5
9581,5
9582,5
9583,5
9584,5
9585,7
9586,7
9587,5
9588,3
9589,7
9590,5
9591,7
9592,5
9593,5
9594,5
9595,5
9596,5
9597,5
9598,5
9599,5
9600,5
9601,5
9602,5
9603,1
9604,5
9605,5
9606,5
9607,5
9608,7
9609,5
9610,7
9611,5
9612,7
9613,2
9614,5
9615,5
9616,5
9617,5
9618,5
9619,1
9620,5
9621,0
9622,5
9623,5
9624,2
9625,7
9626,5
9627,5
9628,5
9629,7
9630,5
9631,5
9632,5
9633,3
9634,5
9635,7
9636,2
9637,5
9638,5
9639,7
9640,7
9641,5
9642,6
9643,7
9644,5
9645,7
9646,5
9647,1
9648,1
9649,5
9650,5
9651,5
9652,5
9653,4
9654,5
9655,5
9656,7
9657,5
9658,5
9659,5
9660,5
9661,7
9662,5
9663,7
9664,5
9665,1
9666,7
9667,5
9668,7
9669,7
9670,5
9671,5
9672,7
9673,5
9674,5
9675,5
9676,7
9677,7
9678,5
9679,5
9680,5
9681,7
9682,5
9683,7
9684,7
9685,5
9686,5
9687,5
9688,5
9689,5
9690,5
9691,5
9692,5
9693,1
9694,5
9695,5
9696,5
9697,5
9698,7
9699,2
9700,5
9701,7
9702,5
9703,5
9704,5
9705,7
9706,7
9707,2
9708,7
9709,7
9710,7
9711,5
9712,5
9713,7
9714,5
9715,5
9716,5
9717,5
9718,5
9719,5
9720,5
9721,3
9722,7
9723,5
9724,5
9725,5
9726,1
9727,5
9728,5
9729,5
9730,7
9731,2
9732,4
9733,5
9734,5
9735,5
9736,5
9737,7
9738,7
9739,5
9740,7
9741,5
9742,5
9743,7
9744,5
9745,7
9746,5
9747,7
9748,7
9749,5
9750,5
9751,5
9752,5
9753,5
9754,5
9755,5
9756,5
9757,5
9758,7
9759,5
9760,1
9761,7
9762,5
9763,7
9764,1
9765,5
9766,7
9767,5
9768,2
9769,4
9770,7
9771,5
9772,5
9773,5
9774,5
9775,4
9776,5
9777,1
9778,7
9779,3
9780,7
9781,5
9782,5
9783,7
9784,3
9785,5
9786,5
9787,1
9788,5
9789,5
9790,5
9791,5
9792,5
9793,1
9794,5
9795,5
9796,2
9797,5
9798,7
9799,5
9800,4
9801,3
9802,5
9803,5
9804,5
9805,5
9806,5
9807,5
9808,5
9809,5
9810,5
9811,5
9812,5
9813,7
9814,7
9815,5
9816,5
9817,5
9818,5
9819,5
9820,7
9821,5
9822,5
9823,5
9824,5
9825,5
9826,5
9827,5
9828,7
9829,5
9830,1
9831,5
9832,5
9833,5
9834,5
9835,7
9836,7
9837,5
9838,5
9839,3
9840,5
9841,5
9842,5
9843,5
9844,5
9845,7
9846,7
9847,5
9848,7
9849,2
9850,3
9851,5
9852,5
9853,5
9854,2
9855,1
9856,5
9857,5
9858,1
9859,5
9860,7
9861,2
9862,5
9863,6
9864,5
9865,5
9866,5
9867,5
9868,1
9869,5
9870,5
9871,7
9872,5
9873,5
9874,5
9875,5
9876,7
9877,5
9878,5
9879,7
9880,5
9881,5
9882,7
9883,7
9884,5
9885,5
9886,6
9887,5
9888,7
9889,5
9890,5
9891,4
9892,5
9893,5
9894,5
9895,5
9896,5
9897,5
9898,5
9899,5
9900,5
9901,5
9902,5
9903,5
9904,7
9905,5
9906,5
9907,5
9908,7
9909,2
9910,7
9911,1
9912,5
9913,7
9914,5
9915,4
9916,2
9917,5
9918,7
9919,7
9920,7
9921,5
9922,7
9923,7
9924,5
9925,5
9926,5
9927,5
9928,5
9929,5
9930,5
9931,2
9932,5
9933,5
9934,2
9935,4
9936,5
9937,2
9938,2
9939,5
9940,7
9941,5
9942,5
9943,5
9944,2
9945,7
9946,7
9947,5
9948,7
9949,3
9950,5
9951,5
9952,5
9953,5
9954,5
9955,5
9956,5
9957,7
9958,5
9959,4
9960,2
9961,5
9962,7
9963,7
9964,5
9965,7
9966,5
9967,4
9968,7
9969,5
9970,5
9971,5
9972,5
9973,5
9974,5
9975,5
9976,7
9977,5
9978,5
9979,7
9980,5
9981,7
9982,5
9983,5
9984,5
9985,5
9986,5
9987,7
9988,5
9989,5
9990,5
9991,5
9992,2
9993,1
9994,7
9995,1
9996,5
9997,5
9998,1
9999,7
10000,7
10001,5
10002,5
10003,5
10004,1
10005,5
10006,5
10007,5
10008,5
10009,5
10010,2
10011,5
10012,1
10013,5
10014,5
10015,3
10016,5
10017,7
10018,5
10019,7
10020,7
10021,5
10022,5
10023,5
10024,1
10025,5
10026,7
10027,1
10028,5
10029,5
10030,7
10031,5
10032,5
10033,2
10034,5
10035,7
10036,7
10037,5
10038,5
10039,5
10040,5
10041,1
10042,7
10043,5
10044,5
10045,5
10046,5
10047,5
10048,5
10049,7
10050,1
10051,5
10052,2
10053,7
10054,2
10055,5
10056,5
10057,5
10058,7
10059,5
10060,5
10061,7
10062,5
10063,5
10064,5
10065,5
10066,5
10067,5
10068,5
10069,5
10070,5
10071,2
10072,5
10073,5
10074,2
10075,5
10076,5
10077,5
10078,7
10079,5
10080,7
10081,5
10082,5
10083,5
10084,2
10085,5
10086,5
10087,5
10088,7
10089,5
10090,5
10091,5
10092,5
10093,1
10094,5
10095,5
10096,7
10097,5
10098,1
10099,7
10100,5
10101,5
10102,5
10103,5
10104,7
10105,5
10106,5
10107,5
10108,1
10109,4
10110,5
10111,2
10112,7
10113,5
10114,1
10115,5
10116,4
10117,7
10118,1
10119,7
10120,5
10121,5
10122,1
10123,2
10124,7
10125,5
10126,5
10127,7
10128,1
10129,5
10130,5
10131,5
10132,7
10133,5
10134,5
10135,3
10136,7
10137,2
10138,5
10139,7
10140,5
10141,5
10142,5
10143,5
10144,4
10145,5
10146,2
10147,7
10148,5
10149,5
10150,5
10151,5
10152,5
10153,5
10154,5
10155,5
10156,5
10157,5
10158,5
10159,2
10160,2
10161,5
10162,7
10163,7
10164,7
10165,5
10166,5
10167,4
10168,3
10169,5
10170,5
10171,5
10172,2
10173,2
10174,7
10175,7
10176,7
10177,2
10178,2
10179,5
10180,7
10181,5
10182,5
10183,7
10184,5
10185,7
10186,1
10187,5
10188,5
10189,4
10190,2
10191,1
10192,5
10193,5
10194,7
10195,5
10196,5
10197,3
10198,4
10199,5
10200,5
10201,1
10202,5
10203,5
10204,6
10205,5
10206,7
10207,5
10208,5
10209,5
10210,2
10211,5
10212,5
10213,5
10214,1
10215,7
10216,5
10217,5
10218,7
10219,5
10220,5
10221,1
10222,5
10223,5
10224,7
10225,1
10226,7
10227,5
10228,2
10229,7
10230,5
10231,5
10232,5
10233,7
10234,5
10235,5
10236,5
10237,1
10238,5
10239,5
10240,3
10241,5
10242,2
10243,7
10244,5
10245,5
10246,7
10247,7
10248,1
10249,7
10250,7
10251,2
10252,5
10253,5
10254,5
10255,5
10256,1
10257,5
10258,5
10259,2
10260,7
10261,1
10262,7
10263,1
10264,5
10265,5
10266,7
10267,7
10268,5
10269,5
10270,5
10271,7
10272,5
10273,2
10274,7
10275,7
10276,5
10277,5
10278,5
10279,7
10280,5
10281,5
10282,5
10283,1
10284,5
10285,1
10286,5
10287,5
10288,5
10289,7
10290,1
10291,2
10292,7
10293,5
10294,7
10295,5
10296,5
10297,8
10298,5
10299,2
10300,5
10301,5
10302,7
10303,5
10304,5
10305,5
10306,5
10307,5
10308,1
10309,5
10310,5
10311,5
10312,1
10313,5
10314,5
10315,5
10316,5
10317,5
10318,5
10319,5
10320,7
10321,2
10322,1
10323,5
10324,5
10325,5
10326,5
10327,5
10328,7
10329,3
10330,3
10331,5
10332,7
10333,7
10334,5
10335,5
10336,5
10337,5
10338,5
10339,5
10340,2
10341,3
10342,2
10343,1
10344,5
10345,5
10346,5
10347,5
10348,1
10349,5
10350,7
10351,7
10352,2
10353,5
10354,5
10355,5
10356,5
10357,5
10358,5
10359,5
10360,1
10361,7
10362,7
10363,5
10364,5
10365,4
10366,1
10367,0
10368,5
10369,7
10370,1
10371,5
10372,7
10373,5
10374,5
10375,1
10376,5
10377,5
10378,4
10379,5
10380,5
10381,7
10382,5
10383,5
10384,5
10385,2
10386,5
10387,7
10388,2
10389,5
10390,7
10391,5
10392,5
10393,5
10394,5
10395,7
10396,5
10397,5
10398,5
10399,7
10400,2
10401,5
10402,5
10403,5
10404,1
10405,1
10406,1
10407,5
10408,7
10409,5
10410,7
10411,7
10412,7
10413,5
10414,5
10415,5
10416,5
10417,5
10418,5
10419,1
10420,5
10421,7
10422,5
10423,5
10424,1
10425,7
10426,1
10427,5
10428,7
10429,5
10430,7
10431,5
10432,5
10433,5
10434,5
10435,5
10436,7
10437,2
10438,5
10439,5
10440,5
10441,2
10442,1
10443,5
10444,7
10445,5
10446,5
10447,0
10448,1
10449,5
10450,5
10451,5
10452,5
10453,2
10454,5
10455,7
10456,7
10457,5
10458,7
10459,5
10460,5
10461,5
10462,5
10463,7
10464,5
10465,5
10466,5
10467,5
10468,5
10469,5
10470,5
10471,7
10472,5
10473,5
10474,5
10475,5
10476,5
10477,5
10478,5
10479,5
10480,7
10481,5
10482,5
10483,4
10484,7
10485,5
10486,5
10487,5
10488,5
10489,7
10490,5
10491,5
10492,5
10493,5
10494,5
10495,5
10496,5
10497,5
10498,7
10499,5
10500,7
10501,7
10502,4
10503,5
10504,5
10505,5
10506,5
10507,5
10508,5
10509,5
10510,5
10511,5
10512,2
10513,7
10514,5
10515,5
10516,3
10517,5
10518,5
10519,5
10520,5
10521,7
10522,5
10523,5
10524,7
10525,7
10526,5
10527,6
10528,1
10529,5
10530,5
10531,4
10532,5
10533,5
10534,4
10535,5
10536,3
10537,7
10538,5
10539,7
10540,5
10541,5
10542,7
10543,1
10544,5
10545,5
10546,5
10547,5
10548,5
10549,7
10550,1
10551,7
10552,5
10553,7
10554,5
10555,5
10556,7
10557,2
10558,1
10559,5
10560,1
10561,7
10562,7
10563,5
10564,5
10565,5
10566,5
10567,7
10568,5
10569,2
10570,5
10571,5
10572,5
10573,5
10574,2
10575,5
10576,2
10577,5
10578,5
10579,5
10580,7
10581,5
10582,7
10583,5
10584,5
10585,7
10586,5
10587,5
10588,7
10589,5
10590,5
10591,5
10592,5
10593,5
10594,5
10595,5
10596,5
10597,5
10598,5
10599,7
10600,7
10601,5
10602,5
10603,7
10604,1
10605,7
10606,5
10607,7
10608,5
10609,5
10610,5
10611,5
10612,5
10613,5
10614,5
10615,7
10616,1
10617,5
10618,7
10619,5
10620,5
10621,5
10622,5
10623,5
10624,5
10625,5
10626,1
10627,5
10628,5
10629,2
10630,1
10631,5
10632,5
10633,5
10634,7
10635,5
10636,5
10637,5
10638,5
10639,7
10640,5
10641,7
10642,5
10643,7
10644,5
10645,5
10646,5
10647,7
10648,5
10649,5
10650,5
10651,5
10652,5
10653,5
10654,7
10655,5
10656,7
10657,7
10658,7
10659,7
10660,5
10661,5
10662,5
10663,5
10664,5
10665,3
10666,7
10667,5
10668,5
10669,5
10670,5
10671,4
10672,7
10673,5
10674,4
10675,5
10676,6
10677,4
10678,5
10679,5
10680,5
10681,5
10682,1
10683,7
10684,7
10685,7
10686,7
10687,5
10688,1
10689,7
10690,1
10691,5
10692,2
10693,5
10694,5
10695,5
10696,5
10697,2
10698,2
10699,7
10700,5
10701,2
10702,1
10703,5
10704,5
10705,1
10706,1
10707,5
10708,2
10709,5
10710,5
10711,5
10712,5
10713,5
10714,2
10715,5
10716,5
10717,7
10718,4
10719,1
10720,5
10721,5
10722,5
10723,1
10724,5
10725,5
10726,5
10727,7
10728,2
10729,5
10730,5
10731,5
10732,5
10733,2
10734,5
10735,5
10736,7
10737,2
10738,5
10739,3
10740,5
10741,5
10742,7
10743,7
10744,5
10745,5
10746,4
10747,5
10748,5
10749,5
10750,5
10751,5
10752,2
10753,1
10754,5
10755,5
10756,5
10757,5
10758,1
10759,5
10760,5
10761,5
10762,7
10763,7
10764,5
10765,5
10766,7
10767,4
10768,7
10769,5
10770,5
10771,5
10772,5
10773,5
10774,7
10775,7
10776,5
10777,1
10778,5
10779,5
10780,1
10781,5
10782,7
10783,5
10784,5
10785,5
10786,5
10787,5
10788,7
10789,4
10790,5
10791,5
10792,5
10793,2
10794,5
10795,5
10796,5
10797,7
10798,5
10799,5
10800,1
10801,7
10802,5
10803,5
10804,7
10805,5
10806,7
10807,5
10808,5
10809,5
10810,5
10811,1
10812,5
10813,2
10814,5
10815,5
10816,7
10817,5
10818,2
10819,5
10820,5
10821,4
10822,5
10823,5
10824,5
10825,5
10826,7
10827,5
10828,5
10829,1
10830,5
10831,1
10832,5
10833,5
10834,7
10835,5
10836,2
10837,5
10838,5
10839,7
10840,5
10841,5
10842,3
10843,5
10844,7
10845,1
10846,5
10847,5
10848,5
10849,5
10850,7
10851,5
10852,5
10853,5
10854,7
10855,7
10856,7
10857,5
10858,5
10859,7
10860,5
10861,7
10862,5
10863,5
10864,5
10865,7
10866,2
10867,5
10868,5
10869,7
10870,1
10871,5
10872,7
10873,3
10874,5
10875,7
10876,5
10877,5
10878,7
10879,1
10880,5
10881,5
10882,7
10883,5
10884,7
10885,5
10886,4
10887,5
10888,2
10889,5
10890,2
10891,7
10892,1
10893,5
10894,5
10895,5
10896,4
10897,5
10898,7
10899,4
10900,5
10901,7
10902,5
10903,5
10904,7
10905,5
10906,2
10907,5
10908,5
10909,5
10910,7
10911,7
10912,4
10913,5
10914,5
10915,5
10916,1
10917,5
10918,5
10919,5
10920,7
10921,5
10922,7
10923,5
10924,2
10925,2
10926,1
10927,7
10928,5
10929,7
10930,5
10931,5
10932,7
10933,5
10934,1
10935,4
10936,5
10937,7
10938,5
10939,5
10940,5
10941,5
10942,7
10943,1
10944,3
10945,7
10946,5
10947,5
10948,5
10949,5
10950,7
10951,5
10952,1
10953,4
10954,5
10955,5
10956,5
10957,5
10958,1
10959,5
10960,1
10961,5
10962,5
10963,2
10964,5
10965,5
10966,1
10967,2
10968,7
10969,5
10970,7
10971,5
10972,5
10973,3
10974,5
10975,5
10976,5
10977,5
10978,5
10979,4
10980,5
10981,5
10982,5
10983,5
10984,5
10985,5
10986,5
10987,2
10988,5
10989,7
10990,7
10991,7
10992,7
10993,5
10994,2
10995,5
10996,5
10997,7
10998,7
10999,5
11000,7
11001,5
11002,5
11003,7
11004,5
11005,7
11006,1
11007,7
11008,5
11009,5
11010,4
11011,5
11012,5
11013,1
11014,4
11015,7
11016,5
11017,5
11018,5
11019,4
11020,5
11021,5
11022,5
11023,5
11024,5
11025,5
11026,5
11027,5
11028,7
11029,1
11030,7
11031,5
11032,5
11033,5
11034,7
11035,5
11036,5
11037,6
11038,5
11039,5
11040,5
11041,7
11042,7
11043,7
11044,3
11045,7
11046,0
11047,5
11048,5
11049,5
11050,2
11051,7
11052,5
11053,7
11054,2
11055,5
11056,7
11057,2
11058,1
11059,7
11060,1
11061,5
11062,5
11063,7
11064,5
11065,5
11066,7
11067,5
11068,5
11069,7
11070,5
11071,5
11072,5
11073,5
11074,5
11075,7
11076,2
11077,5
11078,5
11079,5
11080,5
11081,7
11082,5
11083,5
11084,0
11085,5
11086,5
11087,7
11088,5
11089,2
11090,7
11091,5
11092,3
11093,5
11094,5
11095,7
11096,5
11097,1
11098,5
11099,5
11100,5
11101,2
11102,7
11103,7
11104,1
11105,7
11106,7
11107,5
11108,5
11109,1
11110,7
11111,5
11112,7
11113,5
11114,5
11115,5
11116,5
11117,1
11118,7
11119,5
11120,7
11121,7
11122,1
11123,5
11124,7
11125,5
11126,7
11127,5
11128,5
11129,7
11130,7
11131,3
11132,7
11133,7
11134,5
11135,5
11136,5
11137,2
11138,5
11139,5
11140,7
11141,5
11142,5
11143,7
11144,5
11145,7
11146,5
11147,5
11148,5
11149,5
11150,7
11151,2
11152,5
11153,7
11154,5
11155,7
11156,5
11157,5
11158,5
11159,5
11160,1
11161,5
11162,5
11163,5
11164,7
11165,5
11166,5
11167,5
11168,5
11169,5
11170,1
11171,7
11172,5
11173,2
11174,7
11175,7
11176,5
11177,5
11178,5
11179,5
11180,5
11181,5
11182,4
11183,5
11184,5
11185,5
11186,5
11187,7
11188,1
11189,5
11190,7
11191,3
11192,4
11193,5
11194,5
11195,5
11196,7
11197,7
11198,3
11199,5
11200,5
11201,5
11202,5
11203,5
11204,2
11205,5
11206,1
11207,5
11208,5
11209,2
11210,5
11211,5
11212,5
11213,5
11214,1
11215,5
11216,5
11217,1
11218,5
11219,5
11220,1
11221,5
11222,5
11223,7
11224,1
11225,5
11226,5
11227,7
11228,7
11229,5
11230,2
11231,3
11232,7
11233,5
11234,2
11235,7
11236,7
11237,5
11238,7
11239,1
11240,3
11241,5
11242,7
11243,7
11244,5
11245,2
11246,2
11247,5
11248,5
11249,5
11250,5
11251,2
11252,5
11253,5
11254,5
11255,5
11256,5
11257,5
11258,7
11259,0
11260,5
11261,5
11262,5
11263,5
11264,7
11265,5
11266,7
11267,5
11268,5
11269,4
11270,5
11271,5
11272,5
11273,5
11274,5
11275,3
11276,5
11277,5
11278,7
11279,2
11280,5
11281,7
11282,2
11283,5
11284,5
11285,5
11286,4
11287,7
11288,7
11289,4
11290,7
11291,5
11292,7
11293,5
11294,5
11295,5
11296,5
11297,1
11298,6
11299,5
11300,5
11301,5
11302,1
11303,7
11304,7
11305,5
11306,5
11307,1
11308,2
11309,5
11310,5
11311,5
11312,7
11313,5
11314,5
11315,4
11316,5
11317,5
11318,7
11319,7
11320,5
11321,7
11322,5
11323,5
11324,5
11325,5
11326,5
11327,1
11328,2
11329,5
11330,5
11331,1
11332,7
11333,2
11334,5
11335,5
11336,5
11337,7
11338,5
11339,2
11340,1
11341,5
11342,1
11343,7
11344,7
11345,5
11346,5
11347,7
11348,5
11349,7
11350,7
11351,5
11352,5
11353,7
11354,5
11355,1
11356,7
11357,5
11358,7
11359,5
11360,2
11361,5
11362,2
11363,5
11364,7
11365,5
11366,5
11367,7
11368,5
11369,7
11370,5
11371,5
11372,5
11373,5
11374,5
11375,5
11376,2
11377,5
11378,5
11379,1
11380,5
11381,5
11382,7
11383,5
11384,5
11385,7
11386,5
11387,5
11388,5
11389,5
11390,7
11391,7
11392,7
11393,5
11394,4
11395,4
11396,7
11397,5
11398,7
11399,5
11400,5
11401,5
11402,5
11403,7
11404,5
11405,5
11406,5
11407,5
11408,5
11409,5
11410,5
11411,1
11412,5
11413,7
11414,7
11415,1
11416,5
11417,5
11418,7
11419,5
11420,5
11421,1
11422,5
11423,5
11424,7
11425,5
11426,5
11427,5
11428,5
11429,5
11430,1
11431,5
11432,2
11433,1
11434,7
11435,5
11436,5
11437,2
11438,5
11439,5
11440,5
11441,2
11442,5
11443,5
11444,7
11445,5
11446,7
11447,5
11448,5
11449,5
11450,5
11451,5
11452,5
11453,5
11454,4
11455,5
11456,2
11457,5
11458,1
11459,1
11460,5
11461,7
11462,5
11463,5
11464,4
11465,5
11466,7
11467,3
11468,5
11469,5
11470,5
11471,7
11472,5
11473,5
11474,7
11475,5
11476,7
11477,1
11478,5
11479,5
11480,5
11481,7
11482,3
11483,5
11484,5
11485,5
11486,5
11487,5
11488,5
11489,7
11490,5
11491,5
11492,5
11493,2
11494,5
11495,5
11496,5
11497,5
11498,1
11499,5
11500,5
11501,5
11502,5
11503,5
11504,7
11505,5
11506,5
11507,5
11508,5
11509,3
11510,1
11511,5
11512,5
11513,5
11514,2
11515,5
11516,5
11517,5
11518,5
11519,5
11520,5
11521,5
11522,2
11523,1
11524,5
11525,4
11526,4
11527,1
11528,5
11529,5
11530,1
11531,5
11532,7
11533,5
11534,5
11535,5
11536,2
11537,5
11538,4
11539,1
11540,2
11541,5
11542,5
11543,5
11544,7
11545,7
11546,1
11547,5
11548,5
11549,7
11550,5
11551,5
11552,5
11553,5
11554,2
11555,5
11556,2
11557,7
11558,2
11559,5
11560,5
11561,5
11562,7
11563,7
11564,3
11565,5
11566,5
11567,5
11568,5
11569,5
11570,5
11571,5
11572,5
11573,7
11574,2
11575,5
11576,7
11577,7
11578,5
11579,1
11580,7
11581,5
11582,4
11583,5
11584,5
11585,1
11586,5
11587,3
11588,5
11589,5
11590,5
11591,5
11592,5
11593,5
11594,5
11595,5
11596,5
11597,5
11598,5
11599,5
11600,5
11601,5
11602,1
11603,7
11604,5
11605,5
11606,5
11607,7
11608,7
11609,7
11610,7
11611,5
11612,6
11613,5
11614,5
11615,2
11616,5
11617,7
11618,8
11619,5
11620,5
11621,5
11622,5
11623,7
11624,7
11625,5
11626,5
11627,5
11628,7
11629,5
11630,7
11631,7
11632,5
11633,7
11634,1
11635,2
11636,5
11637,5
11638,4
11639,5
11640,5
11641,5
11642,5
11643,2
11644,5
11645,1
11646,5
11647,2
11648,5
11649,5
11650,5
11651,1
11652,5
11653,7
11654,5
11655,5
11656,5
11657,5
11658,5
11659,7
11660,1
11661,5
11662,4
11663,5
11664,5
11665,7
11666,7
11667,5
11668,5
11669,6
11670,5
11671,5
11672,5
11673,5
11674,7
11675,7
11676,7
11677,6
11678,7
11679,5
11680,7
11681,2
11682,5
11683,5
11684,5
11685,5
11686,5
11687,3
11688,5
11689,5
11690,5
11691,5
11692,5
11693,5
11694,1
11695,7
11696,4
11697,2
11698,5
11699,5
11700,5
11701,1
11702,5
11703,5
11704,7
11705,5
11706,7
11707,5
11708,5
11709,5
11710,5
11711,7
11712,5
11713,5
11714,1
11715,2
11716,6
11717,5
11718,2
11719,2
11720,5
11721,5
11722,5
11723,2
11724,2
11725,1
11726,5
11727,5
11728,5
11729,5
11730,5
11731,7
11732,5
11733,7
11734,5
11735,2
11736,7
11737,5
11738,5
11739,7
11740,5
11741,5
11742,7
11743,5
11744,5
11745,5
11746,5
11747,4
11748,5
11749,7
11750,7
11751,4
11752,5
11753,5
11754,5
11755,5
11756,5
11757,5
11758,2
11759,5
11760,5
11761,5
11762,5
11763,5
11764,5
11765,5
11766,2
11767,5
11768,7
11769,2
11770,7
11771,7
11772,5
11773,5
11774,2
11775,7
11776,7
11777,5
11778,5
11779,5
11780,2
11781,5
11782,5
11783,5
11784,5
11785,5
11786,2
11787,5
11788,5
11789,5
11790,7
11791,5
11792,7
11793,5
11794,1
11795,7
11796,7
11797,5
11798,5
11799,7
11800,1
11801,7
11802,5
11803,5
11804,7
11805,1
11806,7
11807,5
11808,4
11809,5
11810,5
11811,5
11812,5
11813,5
11814,7
11815,5
11816,7
11817,5
11818,5
11819,7
11820,5
11821,7
11822,5
11823,5
11824,5
11825,5
11826,5
11827,5
11828,5
11829,7
11830,1
11831,5
11832,5
11833,2
11834,5
11835,5
11836,5
11837,7
11838,5
11839,7
11840,5
11841,5
11842,5
11843,7
11844,5
11845,7
11846,5
11847,5
11848,7
11849,1
11850,5
11851,5
11852,5
11853,2
11854,5
11855,5
11856,5
11857,5
11858,5
11859,5
11860,4
11861,5
11862,7
11863,5
11864,5
11865,5
11866,2
11867,7
11868,5
11869,1
11870,5
11871,7
11872,5
11873,5
11874,3
11875,5
11876,7
11877,5
11878,7
11879,5
11880,5
11881,5
11882,7
11883,1
11884,7
11885,1
11886,5
11887,5
11888,1
11889,5
11890,5
11891,5
11892,5
11893,5
11894,5
11895,5
11896,5
11897,5
11898,5
11899,5
11900,5
11901,5
11902,2
11903,5
11904,1
11905,5
11906,5
11907,7
11908,5
11909,7
11910,5
11911,5
11912,5
11913,5
11914,5
11915,5
11916,5
11917,5
11918,1
11919,5
11920,1
11921,5
11922,7
11923,5
11924,3
11925,7
11926,5
11927,5
11928,7
11929,5
11930,1
11931,5
11932,5
11933,5
11934,5
11935,7
11936,5
11937,5
11938,1
11939,5
11940,5
11941,5
11942,5
11943,5
11944,1
11945,5
11946,2
11947,3
11948,5
11949,7
11950,5
11951,5
11952,5
11953,1
11954,5
11955,5
11956,7
11957,5
11958,5
11959,5
11960,7
11961,5
11962,7
11963,7
11964,5
11965,5
11966,5
11967,5
11968,7
11969,2
11970,5
11971,5
11972,5
11973,5
11974,7
11975,3
11976,2
11977,5
11978,5
11979,7
11980,5
11981,5
11982,5
11983,7
11984,5
11985,5
11986,5
11987,5
11988,7
11989,5
11990,5
11991,3
11992,7
11993,5
11994,5
11995,5
11996,7
11997,5
11998,1
11999,5
12000,5
12001,5
12002,5
12003,1
12004,5
12005,5
12006,5
12007,5
12008,5
12009,5
12010,2
12011,5
12012,5
12013,5
12014,5
12015,7
12016,5
12017,2
12018,2
12019,5
12020,5
12021,5
12022,7
12023,5
12024,7
12025,1
12026,1
12027,5
12028,5
12029,5
12030,5
12031,5
12032,5
12033,5
12034,5
12035,1
12036,5
12037,5
12038,5
12039,5
12040,7
12041,5
12042,7
12043,1
12044,5
12045,5
12046,5
12047,5
12048,5
12049,2
12050,4
12051,1
12052,7
12053,5
12054,5
12055,2
12056,5
12057,5
12058,5
12059,5
12060,5
12061,5
12062,5
12063,5
12064,5
12065,5
12066,7
12067,2
12068,5
12069,5
12070,7
12071,5
12072,7
12073,1
12074,5
12075,5
12076,5
12077,5
12078,5
12079,5
12080,5
12081,7
12082,5
12083,5
12084,7
12085,4
12086,2
12087,2
12088,7
12089,5
12090,1
12091,7
12092,5
12093,5
12094,7
12095,5
12096,7
12097,5
12098,5
12099,5
12100,5
12101,5
12102,5
12103,7
12104,7
12105,5
12106,5
12107,7
12108,7
12109,7
12110,1
12111,5
12112,5
12113,5
12114,5
12115,1
12116,5
12117,7
12118,5
12119,5
12120,1
12121,7
12122,5
12123,7
12124,5
12125,5
12126,5
12127,5
12128,7
12129,7
12130,7
12131,5
12132,7
12133,5
12134,5
12135,5
12136,2
12137,5
12138,7
12139,1
12140,5
12141,5
12142,1
12143,5
12144,7
12145,7
12146,5
12147,5
12148,1
12149,5
12150,7
12151,7
12152,1
12153,5
12154,7
12155,7
12156,7
12157,3
12158,4
12159,5
12160,1
12161,5
12162,7
12163,5
12164,7
12165,5
12166,5
12167,7
12168,1
12169,7
12170,5
12171,5
12172,7
12173,5
12174,4
12175,5
12176,5
12177,5
12178,5
12179,7
12180,5
12181,5
12182,5
12183,2
12184,7
12185,1
12186,5
12187,5
12188,2
12189,7
12190,5
12191,7
12192,5
12193,5
12194,5
12195,5
12196,5
12197,7
12198,5
12199,5
12200,5
12201,5
12202,5
12203,5
12204,5
12205,5
12206,5
12207,5
12208,5
12209,5
12210,5
12211,7
12212,7
12213,5
12214,4
12215,7
12216,7
12217,7
12218,5
12219,7
12220,5
12221,7
12222,5
12223,5
12224,5
12225,5
12226,5
12227,5
12228,5
12229,7
12230,7
12231,5
12232,1
12233,5
12234,5
12235,7
12236,5
12237,5
12238,4
12239,7
12240,5
12241,2
12242,5
12243,2
12244,5
12245,5
12246,5
12247,5
12248,5
12249,2
12250,7
12251,6
12252,5
12253,5
12254,5
12255,2
12256,5
12257,5
12258,5
12259,5
12260,2
12261,5
12262,1
12263,5
12264,5
12265,1
12266,5
12267,5
12268,7
12269,2
12270,1
12271,5
12272,5
12273,1
12274,7
12275,5
12276,5
12277,7
12278,7
12279,7
12280,5
12281,1
12282,5
12283,5
12284,5
12285,5
12286,4
12287,5
12288,5
12289,4
12290,5
12291,7
12292,7
12293,5
12294,5
12295,7
12296,1
12297,5
12298,5
12299,7
12300,7
12301,5
12302,5
12303,3
12304,5
12305,7
12306,5
12307,5
12308,5
12309,7
12310,4
12311,1
12312,5
12313,5
12314,5
12315,5
12316,2
12317,5
12318,5
12319,2
12320,7
12321,5
12322,5
12323,5
12324,5
12325,5
12326,7
12327,5
12328,5
12329,5
12330,1
12331,5
12332,5
12333,7
12334,5
12335,7
12336,5
12337,5
12338,5
12339,5
12340,5
12341,5
12342,5
12343,1
12344,5
12345,4
12346,1
12347,5
12348,5
12349,2
12350,1
12351,5
12352,5
12353,5
12354,5
12355,5
12356,5
12357,2
12358,7
12359,2
12360,5
12361,5
12362,5
12363,7
12364,5
12365,5
12366,5
12367,4
12368,5
12369,7
12370,5
12371,5
12372,7
12373,5
12374,5
12375,2
12376,7
12377,5
12378,5
12379,5
12380,7
12381,1
12382,7
12383,7
12384,5
12385,7
12386,5
12387,1
12388,5
12389,5
12390,7
12391,1
12392,5
12393,1
12394,7
12395,5
12396,5
12397,5
12398,2
12399,7
12400,5
12401,5
12402,7
12403,5
12404,5
12405,5
12406,5
12407,5
12408,5
12409,5
12410,5
12411,5
12412,5
12413,2
12414,5
12415,5
12416,5
12417,5
12418,4
12419,5
12420,7
12421,7
12422,5
12423,5
12424,1
12425,7
12426,5
12427,0
12428,5
12429,4
12430,7
12431,5
12432,7
12433,7
12434,7
12435,1
12436,3
12437,7
12438,5
12439,5
12440,3
12441,5
12442,7
12443,7
12444,5
12445,5
12446,7
12447,5
12448,2
12449,7
12450,1
12451,7
12452,5
12453,3
12454,2
12455,5
12456,5
12457,5
12458,7
12459,1
12460,7
12461,5
12462,7
12463,5
12464,5
12465,5
12466,7
12467,5
12468,5
12469,5
12470,5
12471,5
12472,5
12473,7
12474,5
12475,2
12476,5
12477,5
12478,5
12479,5
12480,5
12481,5
12482,5
12483,1
12484,5
12485,5
12486,5
12487,5
12488,5
12489,7
12490,5
12491,5
12492,4
12493,2
12494,5
12495,1
12496,1
12497,7
12498,5
12499,5
12500,5
12501,5
12502,5
12503,5
12504,5
12505,4
12506,5
12507,2
12508,5
12509,5
12510,5
12511,7
12512,5
12513,5
12514,5
12515,5
12516,5
12517,7
12518,7
12519,5
12520,5
12521,7
12522,7
12523,5
12524,7
12525,4
12526,5
12527,5
12528,2
12529,5
12530,2
12531,5
12532,5
12533,5
12534,5
12535,5
12536,5
12537,7
12538,5
12539,5
12540,5
12541,5
12542,5
12543,5
12544,5
12545,1
12546,5
12547,5
12548,5
12549,1
12550,5
12551,5
12552,5
12553,5
12554,5
12555,5
12556,5
12557,7
12558,1
12559,5
12560,5
12561,7
12562,7
12563,7
12564,5
12565,5
12566,5
12567,5
12568,5
12569,5
12570,7
12571,2
12572,5
12573,5
12574,5
12575,5
12576,1
12577,5
12578,7
12579,5
12580,5
12581,1
12582,5
12583,7
12584,5
12585,5
12586,5
12587,5
12588,5
12589,5
12590,1
12591,6
12592,7
12593,5
12594,5
12595,5
12596,5
12597,7
12598,5
12599,5
12600,5
12601,5
12602,5
12603,5
12604,5
12605,5
12606,5
12607,5
12608,1
12609,5
12610,7
12611,7
12612,5
12613,2
12614,5
12615,7
12616,5
12617,5
12618,5
12619,5
12620,5
12621,5
12622,5
12623,5
12624,1
12625,2
12626,5
12627,5
12628,5
12629,5
12630,7
12631,7
12632,5
12633,5
12634,5
12635,4
12636,5
12637,4
12638,5
12639,7
12640,2
12641,5
12642,5
12643,5
12644,5
12645,2
12646,5
12647,1
12648,5
12649,7
12650,5
12651,5
12652,7
12653,5
12654,7
12655,5
12656,7
12657,3
12658,5
12659,5
12660,5
12661,7
12662,5
12663,5
12664,5
12665,5
12666,5
12667,2
12668,5
12669,5
12670,5
12671,4
12672,7
12673,5
12674,5
12675,4
12676,5
12677,5
12678,5
12679,5
12680,3
12681,5
12682,7
12683,5
12684,5
12685,5
12686,7
12687,5
12688,7
12689,5
12690,5
12691,5
12692,5
12693,2
12694,5
12695,5
12696,1
12697,5
12698,5
12699,1
12700,5
12701,5
12702,1
12703,7
12704,7
12705,5
12706,5
12707,5
12708,5
12709,5
12710,3
12711,5
12712,1
12713,5
12714,5
12715,5
12716,1
12717,2
12718,7
12719,5
12720,5
12721,5
12722,7
12723,1
12724,1
12725,5
12726,1
12727,4
12728,5
12729,5
12730,5
12731,1
12732,2
12733,5
12734,5
12735,5
12736,1
12737,5
12738,5
12739,5
12740,5
12741,7
12742,7
12743,5
12744,1
12745,5
12746,5
12747,1
12748,5
12749,5
12750,5
12751,5
12752,5
12753,5
12754,5
12755,5
12756,7
12757,5
12758,7
12759,5
12760,5
12761,5
12762,5
12763,5
12764,3
12765,5
12766,5
12767,5
12768,5
12769,7
12770,7
12771,5
12772,5
12773,7
12774,5
12775,1
12776,5
12777,5
12778,2
12779,5
12780,5
12781,3
12782,5
12783,7
12784,7
12785,5
12786,5
12787,5
12788,7
12789,7
12790,1
12791,1
12792,5
12793,1
12794,7
12795,5
12796,5
12797,1
12798,7
12799,5
12800,5
12801,4
12802,7
12803,3
12804,7
12805,5
12806,7
12807,7
12808,4
12809,5
12810,7
12811,5
12812,4
12813,5
12814,7
12815,7
12816,5
12817,7
12818,5
12819,5
12820,7
12821,1
12822,7
12823,5
12824,1
12825,5
12826,5
12827,5
12828,5
12829,1
12830,7
12831,5
12832,5
12833,1
12834,3
12835,1
12836,5
12837,5
12838,2
12839,5
12840,2
12841,5
12842,5
12843,5
12844,1
12845,5
12846,5
12847,5
12848,5
12849,7
12850,5
12851,5
12852,7
12853,7
12854,5
12855,5
12856,7
12857,5
12858,5
12859,5
12860,5
12861,5
12862,8
12863,7
12864,5
12865,4
12866,5
12867,5
12868,5
12869,7
12870,7
12871,5
12872,5
12873,7
12874,5
12875,5
12876,1
12877,5
12878,5
12879,7
12880,5
12881,7
12882,2
12883,7
12884,5
12885,7
12886,3
12887,5
12888,5
12889,1
12890,5
12891,5
12892,5
12893,2
12894,1
12895,5
12896,0
12897,5
12898,7
12899,5
12900,5
12901,6
12902,7
12903,7
12904,5
12905,5
12906,5
12907,2
12908,5
12909,7
12910,5
12911,1
12912,5
12913,5
12914,5
12915,5
12916,5
12917,1
12918,2
12919,0
12920,5
12921,5
12922,5
12923,2
12924,5
12925,2
12926,5
12927,5
12928,5
12929,5
12930,5
12931,5
12932,5
12933,5
12934,4
12935,1
12936,1
12937,1
12938,5
12939,5
12940,5
12941,5
12942,5
12943,5
12944,5
12945,5
12946,5
12947,5
12948,5
12949,5
12950,5
12951,7
12952,5
12953,7
12954,5
12955,5
12956,4
12957,7
12958,3
12959,5
12960,5
12961,2
12962,5
12963,5
12964,4
12965,2
12966,5
12967,5
12968,1
12969,5
12970,1
12971,7
12972,7
12973,5
12974,7
12975,2
12976,5
12977,1
12978,5
12979,5
12980,6
12981,7
12982,5
12983,6
12984,5
12985,5
12986,5
12987,4
12988,1
12989,7
12990,1
12991,5
12992,5
12993,7
12994,5
12995,5
12996,5
12997,2
12998,7
12999,5
13000,7
13001,5
13002,5
13003,1
13004,5
13005,5
13006,5
13007,5
13008,7
13009,5
13010,5
13011,5
13012,5
13013,5
13014,4
13015,5
13016,5
13017,7
13018,5
13019,2
13020,5
13021,5
13022,5
13023,1
13024,5
13025,5
13026,5
13027,7
13028,5
13029,5
13030,4
13031,5
13032,5
13033,5
13034,2
13035,5
13036,5
13037,5
13038,7
13039,7
13040,5
13041,5
13042,5
13043,5
13044,5
13045,5
13046,5
13047,2
13048,5
13049,5
13050,5
13051,5
13052,7
13053,5
13054,7
13055,5
13056,7
13057,5
13058,5
13059,5
13060,2
13061,5
13062,5
13063,5
13064,5
13065,5
13066,5
13067,5
13068,5
13069,5
13070,5
13071,5
13072,5
13073,5
13074,7
13075,4
13076,5
13077,5
13078,5
13079,2
13080,5
13081,1
13082,5
13083,5
13084,5
13085,5
13086,5
13087,7
13088,5
13089,7
13090,5
13091,7
13092,7
13093,5
13094,5
13095,4
13096,5
13097,1
13098,5
13099,5
13100,7
13101,5
13102,7
13103,5
13104,7
13105,5
13106,5
13107,5
13108,5
13109,5
13110,7
13111,1
13112,5
13113,2
13114,5
13115,5
13116,5
13117,1
13118,5
13119,5
13120,5
13121,5
13122,5
13123,7
13124,5
13125,7
13126,5
13127,5
13128,5
13129,7
13130,5
13131,5
13132,2
13133,5
13134,1
13135,5
13136,5
13137,5
13138,7
13139,5
13140,5
13141,4
13142,5
13143,7
13144,5
13145,5
13146,7
13147,5
13148,7
13149,1
13150,5
13151,5
13152,2
13153,5
13154,5
13155,2
13156,1
13157,5
13158,7
13159,5
13160,1
13161,5
13162,3
13163,7
13164,5
13165,7
13166,5
13167,5
13168,5
13169,5
13170,5
13171,5
13172,5
13173,5
13174,5
13175,0
13176,5
13177,7
13178,7
13179,5
13180,5
13181,5
13182,5
13183,7
13184,7
13185,7
13186,4
13187,5
13188,2
13189,7
13190,5
13191,2
13192,5
13193,7
13194,5
13195,3
13196,7
13197,5
13198,7
13199,1
13200,7
13201,7
13202,7
13203,7
13204,5
13205,5
13206,5
13207,7
13208,5
13209,7
13210,5
13211,7
13212,7
13213,2
13214,1
13215,7
13216,5
13217,5
13218,7
13219,5
13220,1
13221,5
13222,5
13223,5
13224,7
13225,1
13226,5
13227,5
13228,5
13229,7
13230,7
13231,7
13232,3
13233,5
13234,5
13235,1
13236,7
13237,5
13238,5
13239,5
13240,7
13241,7
13242,7
13243,7
13244,5
13245,5
13246,5
13247,4
13248,5
13249,5
13250,5
13251,5
13252,5
13253,5
13254,7
13255,7
13256,4
13257,7
13258,5
13259,5
13260,5
13261,1
13262,5
13263,5
13264,1
13265,5
13266,7
13267,5
13268,5
13269,5
13270,7
13271,7
13272,7
13273,7
13274,5
13275,1
13276,5
13277,5
13278,4
13279,5
13280,5
13281,5
13282,7
13283,5
13284,5
13285,5
13286,7
13287,2
13288,5
13289,5
13290,2
13291,7
13292,5
13293,5
13294,5
13295,5
13296,1
13297,5
13298,5
13299,5
13300,5
13301,5
13302,5
13303,5
13304,5
13305,1
13306,7
13307,1
13308,5
13309,5
13310,5
13311,5
13312,5
13313,5
13314,2
13315,5
13316,5
13317,7
13318,5
13319,5
13320,2
13321,5
13322,5
13323,5
13324,7
13325,5
13326,5
13327,5
13328,5
13329,5
13330,5
13331,7
13332,2
13333,7
13334,7
13335,7
13336,7
13337,7
13338,5
13339,7
13340,5
13341,7
13342,5
13343,1
13344,5
13345,5
13346,2
13347,2
13348,7
13349,5
13350,5
13351,7
13352,6
13353,7
13354,5
13355,5
13356,5
13357,1
13358,5
13359,7
13360,5
13361,1
13362,5
13363,5
13364,7
13365,7
13366,5
13367,7
13368,5
13369,5
13370,4
13371,5
13372,7
13373,5
13374,5
13375,5
13376,7
13377,5
13378,7
13379,5
13380,1
13381,5
13382,5
13383,5
13384,5
13385,5
13386,5
13387,3
13388,5
13389,1
13390,7
13391,5
13392,5
13393,7
13394,7
13395,5
13396,5
13397,1
13398,7
13399,5
13400,5
13401,2
13402,2
13403,5
13404,5
13405,1
13406,5
13407,5
13408,7
13409,7
13410,7
13411,5
13412,3
13413,7
13414,5
13415,5
13416,1
13417,5
13418,5
13419,7
13420,5
13421,3
13422,5
13423,5
13424,5
13425,5
13426,1
13427,5
13428,5
13429,7
13430,7
13431,7
13432,5
13433,5
13434,2
13435,1
13436,5
13437,5
13438,5
13439,5
13440,5
13441,7
13442,5
13443,5
13444,5
13445,2
13446,5
13447,6
13448,5
13449,5
13450,2
13451,5
13452,5
13453,5
13454,7
13455,5
13456,1
13457,5
13458,7
13459,5
13460,7
13461,5
13462,5
13463,5
13464,5
13465,5
13466,5
13467,7
13468,5
13469,5
13470,5
13471,7
13472,5
13473,5
13474,5
13475,5
13476,5
13477,7
13478,5
13479,5
13480,5
13481,5
13482,7
13483,5
13484,5
13485,7
13486,5
13487,7
13488,5
13489,5
13490,5
13491,5
13492,4
13493,5
13494,5
13495,5
13496,7
13497,5
13498,5
13499,1
13500,7
13501,2
13502,5
13503,7
13504,5
13505,5
13506,5
13507,5
13508,7
13509,5
13510,7
13511,5
13512,5
13513,5
13514,7
13515,5
13516,5
13517,7
13518,7
13519,7
13520,5
13521,1
13522,7
13523,7
13524,5
13525,5
13526,5
13527,5
13528,5
13529,7
13530,2
13531,5
13532,5
13533,5
13534,5
13535,5
13536,7
13537,7
13538,5
13539,5
13540,2
13541,5
13542,5
13543,1
13544,5
13545,5
13546,7
13547,7
13548,5
13549,5
13550,7
13551,5
13552,5
13553,7
13554,5
13555,5
13556,2
13557,5
13558,5
13559,5
13560,5
13561,2
13562,7
13563,5
13564,2
13565,7
13566,7
13567,7
13568,5
13569,5
13570,7
13571,5
13572,5
13573,5
13574,1
13575,5
13576,5
13577,7
13578,5
13579,2
13580,1
13581,5
13582,5
13583,5
13584,5
13585,7
13586,5
13587,7
13588,5
13589,0
13590,3
13591,7
13592,5
13593,7
13594,5
13595,1
13596,5
13597,5
13598,5
13599,7
13600,5
13601,7
13602,5
13603,1
13604,4
13605,5
13606,5
13607,5
13608,5
13609,5
13610,5
13611,5
13612,5
13613,5
13614,5
13615,5
13616,3
13617,5
13618,5
13619,7
13620,5
13621,2
13622,5
13623,1
13624,5
13625,2
13626,5
13627,7
13628,7
13629,1
13630,5
13631,5
13632,5
13633,5
13634,5
13635,5
13636,2
13637,7
13638,5
13639,5
13640,5
13641,5
13642,7
13643,5
13644,3
13645,5
13646,5
13647,7
13648,7
13649,5
13650,5
13651,5
13652,6
13653,5
13654,5
13655,5
13656,4
13657,5
13658,5
13659,7
13660,5
13661,5
13662,5
13663,7
13664,7
13665,5
13666,5
13667,5
13668,5
13669,5
13670,5
13671,5
13672,5
13673,5
13674,5
13675,5
13676,5
13677,5
13678,5
13679,2
13680,5
13681,3
13682,5
13683,5
13684,7
13685,5
13686,5
13687,5
13688,7
13689,3
13690,2
13691,5
13692,5
13693,5
13694,5
13695,2
13696,5
13697,3
13698,1
13699,5
13700,5
13701,5
13702,7
13703,5
13704,5
13705,5
13706,1
13707,7
13708,5
13709,5
13710,7
13711,7
13712,5
13713,7
13714,7
13715,5
13716,5
13717,5
13718,5
13719,2
13720,1
13721,5
13722,7
13723,7
13724,5
13725,5
13726,5
13727,5
13728,5
13729,5
13730,7
13731,5
13732,5
13733,5
13734,7
13735,5
13736,1
13737,7
13738,5
13739,5
13740,5
13741,5
13742,7
13743,5
13744,5
13745,7
13746,7
13747,5
13748,5
13749,4
13750,5
13751,7
13752,7
13753,7
13754,1
13755,5
13756,7
13757,7
13758,5
13759,5
13760,5
13761,5
13762,5
13763,5
13764,5
13765,4
13766,5
13767,5
13768,5
13769,5
13770,5
13771,1
13772,7
13773,2
13774,1
13775,5
13776,7
13777,5
13778,7
13779,5
13780,5
13781,5
13782,5
13783,5
13784,5
13785,5
13786,5
13787,5
13788,7
13789,4
13790,7
13791,5
13792,7
13793,5
13794,5
13795,7
13796,5
13797,7
13798,5
13799,5
13800,5
13801,5
13802,4
13803,7
13804,5
13805,2
13806,5
13807,5
13808,5
13809,7
13810,5
13811,4
13812,5
13813,5
13814,5
13815,1
13816,1
13817,7
13818,5
13819,7
13820,5
13821,2
13822,5
13823,5
13824,5
13825,5
13826,5
13827,5
13828,6
13829,5
13830,7
13831,7
13832,5
13833,5
13834,7
13835,5
13836,5
13837,4
13838,7
13839,5
13840,5
13841,5
13842,5
13843,3
13844,5
13845,7
13846,5
13847,1
13848,5
13849,7
13850,5
13851,5
13852,7
13853,5
13854,5
13855,5
13856,5
13857,5
13858,5
13859,5
13860,1
13861,5
13862,5
13863,0
13864,5
13865,4
13866,7
13867,5
13868,7
13869,5
13870,5
13871,5
13872,5
13873,5
13874,7
13875,5
13876,5
13877,5
13878,5
13879,5
13880,2
13881,5
13882,7
13883,7
13884,5
13885,5
13886,1
13887,5
13888,5
13889,7
13890,5
13891,5
13892,5
13893,5
13894,5
13895,7
13896,5
13897,5
13898,5
13899,5
13900,2
13901,5
13902,5
13903,5
13904,2
13905,2
13906,5
13907,5
13908,5
13909,7
13910,7
13911,7
13912,7
13913,7
13914,7
13915,1
13916,4
13917,6
13918,5
13919,5
13920,5
13921,5
13922,5
13923,5
13924,5
13925,5
13926,5
13927,5
13928,1
13929,5
13930,4
13931,5
13932,5
13933,7
13934,7
13935,5
13936,7
13937,5
13938,1
13939,5
13940,7
13941,5
13942,5
13943,5
13944,7
13945,5
13946,5
13947,5
13948,5
13949,5
13950,5
13951,2
13952,7
13953,5
13954,5
13955,5
13956,7
13957,5
13958,5
13959,5
13960,5
13961,5
13962,5
13963,5
13964,1
13965,7
13966,7
13967,5
13968,7
13969,5
13970,5
13971,7
13972,1
13973,5
13974,5
13975,7
13976,5
13977,5
13978,5
13979,5
13980,7
13981,5
13982,5
13983,3
13984,5
13985,1
13986,7
13987,5
13988,7
13989,7
13990,5
13991,5
13992,5
13993,5
13994,5
13995,7
13996,7
13997,5
13998,5
13999,5
14000,5
14001,5
14002,5
14003,5
14004,5
14005,7
14006,5
14007,5
14008,5
14009,5
14010,5
14011,5
14012,7
14013,7
14014,7
14015,5
14016,5
14017,5
14018,1
14019,5
14020,4
14021,5
14022,5
14023,5
14024,5
14025,5
14026,5
14027,5
14028,5
14029,5
14030,5
14031,5
14032,5
14033,7
14034,3
14035,1
14036,7
14037,1
14038,5
14039,5
14040,5
14041,5
14042,5
14043,3
14044,1
14045,5
14046,5
14047,7
14048,5
14049,7
14050,5
14051,5
14052,7
14053,5
14054,7
14055,2
14056,5
14057,5
14058,5
14059,5
14060,5
14061,1
14062,5
14063,7
14064,7
14065,5
14066,5
14067,5
14068,4
14069,5
14070,5
14071,5
14072,5
14073,5
14074,5
14075,5
14076,5
14077,7
14078,5
14079,5
14080,7
14081,7
14082,5
14083,5
14084,5
14085,1
14086,7
14087,7
14088,5
14089,5
14090,1
14091,5
14092,2
14093,5
14094,7
14095,5
14096,5
14097,5
14098,5
14099,5
14100,1
14101,5
14102,7
14103,5
14104,5
14105,5
14106,5
14107,7
14108,5
14109,7
14110,5
14111,7
14112,7
14113,5
14114,7
14115,5
14116,5
14117,2
14118,5
14119,5
14120,1
14121,5
14122,5
14123,7
14124,5
14125,5
14126,5
14127,1
14128,1
14129,1
14130,7
14131,5
14132,5
14133,7
14134,5
14135,5
14136,5
14137,7
14138,5
14139,5
14140,5
14141,4
14142,5
14143,5
14144,5
14145,5
14146,5
14147,5
14148,5
14149,7
14150,7
14151,5
14152,5
14153,5
14154,5
14155,5
14156,7
14157,5
14158,5
14159,5
14160,1
14161,5
14162,5
14163,5
14164,7
14165,5
14166,0
14167,5
14168,5
14169,7
14170,7
14171,1
14172,5
14173,5
14174,5
14175,1
14176,5
14177,1
14178,2
14179,5
14180,5
14181,3
14182,5
14183,5
14184,5
14185,5
14186,5
14187,2
14188,5
14189,5
14190,5
14191,5
14192,5
14193,5
14194,5
14195,7
14196,1
14197,7
14198,5
14199,5
14200,7
14201,1
14202,5
14203,5
14204,5
14205,7
14206,5
14207,5
14208,5
14209,5
14210,5
14211,5
14212,7
14213,1
14214,2
14215,5
14216,7
14217,5
14218,1
14219,7
14220,5
14221,5
14222,5
14223,5
14224,1
14225,5
14226,5
14227,5
14228,5
14229,5
14230,2
14231,5
14232,5
14233,4
14234,7
14235,5
14236,5
14237,8
14238,5
14239,7
14240,5
14241,5
14242,7
14243,5
14244,7
14245,5
14246,5
14247,5
14248,2
14249,5
14250,2
14251,5
14252,5
14253,5
14254,5
14255,5
14256,2
14257,5
14258,7
14259,7
14260,5
14261,5
14262,5
14263,5
14264,5
14265,5
14266,5
14267,5
14268,4
14269,5
14270,4
14271,5
14272,7
14273,1
14274,5
14275,5
14276,5
14277,6
14278,5
14279,5
14280,5
14281,0
14282,5
14283,5
14284,5
14285,5
14286,3
14287,1
14288,2
14289,1
14290,1
14291,5
14292,5
14293,2
14294,5
14295,5
14296,5
14297,5
14298,7
14299,8
14300,5
14301,7
14302,2
14303,7
14304,7
14305,5
14306,5
14307,5
14308,2
14309,5
14310,2
14311,5
14312,7
14313,5
14314,5
14315,5
14316,5
14317,5
14318,5
14319,5
14320,5
14321,1
14322,5
14323,5
14324,2
14325,5
14326,5
14327,5
14328,5
14329,5
14330,4
14331,5
14332,7
14333,5
14334,7
14335,1
14336,4
14337,7
14338,5
14339,5
14340,5
14341,5
14342,5
14343,7
14344,5
14345,7
14346,5
14347,1
14348,5
14349,5
14350,5
14351,5
14352,5
14353,7
14354,5
14355,7
14356,5
14357,5
14358,5
14359,5
14360,5
14361,5
14362,5
14363,5
14364,1
14365,5
14366,5
14367,5
14368,5
14369,7
14370,4
14371,5
14372,7
14373,7
14374,1
14375,5
14376,5
14377,7
14378,2
14379,5
14380,7
14381,5
14382,5
14383,1
14384,5
14385,5
14386,7
14387,5
14388,5
14389,5
14390,7
14391,5
14392,7
14393,5
14394,5
14395,7
14396,7
14397,7
14398,1
14399,5
14400,5
14401,5
14402,5
14403,5
14404,5
14405,5
14406,5
14407,1
14408,5
14409,5
14410,5
14411,1
14412,7
14413,2
14414,5
14415,5
14416,5
14417,5
14418,7
14419,5
14420,2
14421,5
14422,5
14423,5
14424,5
14425,5
14426,5
14427,5
14428,5
14429,5
14430,1
14431,5
14432,5
14433,5
14434,5
14435,5
14436,5
14437,5
14438,0
14439,1
14440,1
14441,1
14442,5
14443,5
14444,7
14445,7
14446,5
14447,5
14448,5
14449,5
14450,5
14451,5
14452,5
14453,7
14454,5
14455,5
14456,5
14457,5
14458,7
14459,5
14460,5
14461,5
14462,5
14463,5
14464,7
14465,5
14466,5
14467,7
14468,5
14469,5
14470,1
14471,5
14472,5
14473,5
14474,7
14475,5
14476,5
14477,5
14478,5
14479,5
14480,2
14481,7
14482,1
14483,5
14484,5
14485,5
14486,7
14487,5
14488,7
14489,7
14490,5
14491,5
14492,5
14493,5
14494,7
14495,5
14496,5
14497,5
14498,5
14499,7
14500,5
14501,7
14502,5
14503,5
14504,7
14505,5
14506,7
14507,5
14508,5
14509,1
14510,5
14511,5
14512,5
14513,5
14514,5
14515,7
14516,7
14517,5
14518,5
14519,1
14520,5
14521,7
14522,5
14523,5
14524,5
14525,5
14526,5
14527,5
14528,7
14529,5
14530,2
14531,2
14532,5
14533,1
14534,5
14535,7
14536,5
14537,5
14538,5
14539,7
14540,2
14541,7
14542,5
14543,7
14544,5
14545,5
14546,2
14547,7
14548,7
14549,0
14550,3
14551,7
14552,2
14553,7
14554,2
14555,5
14556,5
14557,5
14558,5
14559,5
14560,7
14561,5
14562,3
14563,5
14564,7
14565,7
14566,5
14567,9
14568,7
14569,1
14570,2
14571,7
14572,7
14573,7
14574,7
14575,1
14576,7
14577,7
14578,5
14579,5
14580,5
14581,5
14582,5
14583,7
14584,5
14585,7
14586,4
14587,5
14588,5
14589,5
14590,5
14591,7
14592,5
14593,5
14594,5
14595,4
14596,1
14597,5
14598,7
14599,7
14600,3
14601,4
14602,5
14603,1
14604,5
14605,5
14606,5
14607,5
14608,5
14609,5
14610,5
14611,1
14612,5
14613,5
14614,5
14615,5
14616,5
14617,5
14618,7
14619,5
14620,5
14621,7
14622,5
14623,5
14624,5
14625,7
14626,5
14627,4
14628,5
14629,5
14630,5
14631,5
14632,7
14633,5
14634,5
14635,5
14636,7
14637,7
14638,7
14639,4
14640,5
14641,5
14642,7
14643,7
14644,6
14645,7
14646,5
14647,5
14648,5
14649,7
14650,7
14651,7
14652,7
14653,5
14654,5
14655,7
14656,3
14657,7
14658,7
14659,5
14660,0
14661,1
14662,5
14663,5
14664,7
14665,5
14666,7
14667,7
14668,5
14669,7
14670,5
14671,5
14672,5
14673,1
14674,1
14675,5
14676,5
14677,7
14678,5
14679,5
14680,1
14681,2
14682,1
14683,1
14684,5
14685,5
14686,7
14687,5
14688,7
14689,5
14690,5
14691,4
14692,5
14693,7
14694,1
14695,4
14696,5
14697,2
14698,5
14699,5
14700,5
14701,5
14702,7
14703,5
14704,1
14705,1
14706,5
14707,5
14708,5
14709,5
14710,5
14711,5
14712,5
14713,5
14714,5
14715,5
14716,5
14717,7
14718,5
14719,5
14720,7
14721,5
14722,5
14723,5
14724,6
14725,7
14726,1
14727,7
14728,7
14729,5
14730,5
14731,5
14732,5
14733,5
14734,7
14735,2
14736,5
14737,5
14738,5
14739,7
14740,5
14741,5
14742,5
14743,5
14744,5
14745,5
14746,5
14747,5
14748,5
14749,5
14750,5
14751,1
14752,2
14753,5
14754,3
14755,5
14756,7
14757,5
14758,7
14759,7
14760,1
14761,5
14762,5
14763,5
14764,5
14765,5
14766,5
14767,5
14768,5
14769,5
14770,5
14771,1
14772,1
14773,5
14774,5
14775,7
14776,5
14777,5
14778,5
14779,5
14780,5
14781,7
14782,4
14783,5
14784,5
14785,5
14786,5
14787,5
14788,7
14789,5
14790,1
14791,5
14792,5
14793,1
14794,1
14795,1
14796,5
14797,7
14798,5
14799,5
14800,5
14801,5
14802,5
14803,5
14804,5
14805,5
14806,5
14807,5
14808,5
14809,5
14810,7
14811,1
14812,5
14813,5
14814,5
14815,5
14816,4
14817,5
14818,5
14819,5
14820,2
14821,5
14822,7
14823,5
14824,5
14825,5
14826,5
14827,5
14828,5
14829,5
14830,7
14831,5
14832,5
14833,5
14834,5
14835,7
14836,5
14837,5
14838,7
14839,7
14840,5
14841,5
14842,2
14843,5
14844,7
14845,5
14846,2
14847,7
14848,5
14849,7
14850,2
14851,5
14852,5
14853,5
14854,5
14855,5
14856,5
14857,5
14858,1
14859,4
14860,5
14861,5
14862,5
14863,7
14864,5
14865,5
14866,5
14867,5
14868,5
14869,5
14870,7
14871,7
14872,5
14873,4
14874,5
14875,5
14876,5
14877,7
14878,7
14879,1
14880,5
14881,1
14882,5
14883,1
14884,7
14885,1
14886,5
14887,5
14888,5
14889,5
14890,5
14891,5
14892,3
14893,4
14894,7
14895,5
14896,7
14897,5
14898,5
14899,3
14900,7
14901,1
14902,5
14903,7
14904,7
14905,8
14906,5
14907,5
14908,5
14909,7
14910,5
14911,7
14912,5
14913,5
14914,5
14915,5
14916,5
14917,3
14918,5
14919,5
14920,5
14921,5
14922,5
14923,5
14924,5
14925,5
14926,5
14927,4
14928,5
14929,5
14930,5
14931,1
14932,2
14933,5
14934,5
14935,5
14936,5
14937,2
14938,3
14939,5
14940,7
14941,5
14942,7
14943,5
14944,1
14945,7
14946,5
14947,5
14948,5
14949,5
14950,1
14951,5
14952,5
14953,7
14954,5
14955,5
14956,7
14957,1
14958,7
14959,5
14960,5
14961,5
14962,7
14963,5
14964,2
14965,7
14966,4
14967,4
14968,5
14969,5
14970,5
14971,5
14972,5
14973,5
14974,2
14975,5
14976,5
14977,4
14978,5
14979,5
14980,5
14981,1
14982,7
14983,5
14984,5
14985,5
14986,5
14987,5
14988,2
14989,5
14990,2
14991,7
14992,5
14993,4
14994,5
14995,5
14996,4
14997,5
14998,5
14999,7
15000,5
15001,2
15002,5
15003,5
15004,7
15005,7
15006,7
15007,5
15008,7
15009,2
15010,5
15011,5
15012,5
15013,5
15014,5
15015,5
15016,7
15017,5
15018,5
15019,5
15020,2
15021,5
15022,7
15023,0
15024,5
15025,5
15026,5
15027,7
15028,5
15029,7
15030,5
15031,7
15032,5
15033,5
15034,2
15035,1
15036,1
15037,7
15038,5
15039,4
15040,7
15041,5
15042,5
15043,7
15044,5
15045,5
15046,5
15047,2
15048,5
15049,4
15050,7
15051,7
15052,2
15053,1
15054,4
15055,8
15056,5
15057,5
15058,2
15059,2
15060,2
15061,5
15062,7
15063,5
15064,5
15065,5
15066,3
15067,2
15068,7
15069,1
15070,6
15071,5
15072,5
15073,5
15074,5
15075,7
15076,7
15077,5
15078,4
15079,7
15080,7
15081,5
15082,5
15083,7
15084,5
15085,1
15086,5
15087,5
15088,5
15089,7
15090,5
15091,2
15092,7
15093,5
15094,5
15095,5
15096,5
15097,2
15098,5
15099,5
15100,5
15101,5
15102,5
15103,5
15104,5
15105,5
15106,5
15107,5
15108,5
15109,5
15110,7
15111,2
15112,5
15113,4
15114,5
15115,1
15116,5
15117,5
15118,5
15119,7
15120,5
15121,5
15122,7
15123,5
15124,5
15125,5
15126,1
15127,5
15128,5
15129,7
15130,7
15131,2
15132,1
15133,4
15134,5
15135,5
15136,3
15137,5
15138,5
15139,2
15140,5
15141,5
15142,5
15143,7
15144,5
15145,2
15146,7
15147,6
15148,5
15149,5
15150,5
15151,7
15152,5
15153,5
15154,5
15155,5
15156,5
15157,5
15158,5
15159,5
15160,5
15161,5
15162,5
15163,5
15164,5
15165,5
15166,5
15167,0
15168,7
15169,7
15170,4
15171,1
15172,5
15173,2
15174,5
15175,7
15176,5
15177,7
15178,5
15179,7
15180,5
15181,5
15182,5
15183,5
15184,7
15185,5
15186,1
15187,5
15188,5
15189,1
15190,5
15191,5
15192,7
15193,5
15194,2
15195,5
15196,5
15197,7
15198,5
15199,5
15200,5
15201,7
15202,5
15203,5
15204,7
15205,5
15206,5
15207,7
15208,3
15209,5
15210,5
15211,5
15212,7
15213,5
15214,5
15215,5
15216,5
15217,5
15218,5
15219,6
15220,5
15221,5
15222,7
15223,1
15224,5
15225,7
15226,5
15227,5
15228,5
15229,5
15230,5
15231,5
15232,5
15233,5
15234,5
15235,5
15236,5
15237,7
15238,2
15239,7
15240,5
15241,7
15242,5
15243,1
15244,7
15245,5
15246,3
15247,5
15248,7
15249,5
15250,5
15251,5
15252,5
15253,5
15254,7
15255,7
15256,7
15257,5
15258,5
15259,5
15260,5
15261,5
15262,7
15263,7
15264,7
15265,5
15266,1
15267,7
15268,2
15269,5
15270,5
15271,5
15272,3
15273,5
15274,5
15275,5
15276,5
15277,5
15278,5
15279,3
15280,5
15281,7
15282,7
15283,5
15284,5
15285,5
15286,2
15287,7
15288,7
15289,5
15290,7
15291,5
15292,5
15293,5
15294,1
15295,2
15296,5
15297,5
15298,5
15299,5
15300,7
15301,7
15302,7
15303,5
15304,5
15305,5
15306,5
15307,5
15308,5
15309,1
15310,5
15311,5
15312,5
15313,5
15314,5
15315,5
15316,5
15317,5
15318,7
15319,5
15320,6
15321,1
15322,5
15323,5
15324,7
15325,7
15326,3
15327,7
15328,7
15329,5
15330,5
15331,0
15332,5
15333,5
15334,5
15335,5
15336,1
15337,5
15338,7
15339,5
15340,5
15341,4
15342,5
15343,5
15344,5
15345,5
15346,5
15347,5
15348,5
15349,5
15350,3
15351,5
15352,5
15353,7
15354,7
15355,1
15356,7
15357,5
15358,7
15359,5
15360,5
15361,7
15362,5
15363,5
15364,5
15365,5
15366,5
15367,5
15368,5
15369,7
15370,5
15371,5
15372,5
15373,5
15374,5
15375,5
15376,7
15377,5
15378,5
15379,4
15380,1
15381,2
15382,2
15383,5
15384,5
15385,7
15386,5
15387,4
15388,5
15389,7
15390,2
15391,7
15392,1
15393,3
15394,0
15395,5
15396,7
15397,5
15398,7
15399,5
15400,5
15401,7
15402,2
15403,5
15404,1
15405,5
15406,5
15407,5
15408,5
15409,5
15410,7
15411,5
15412,5
15413,5
15414,5
15415,5
15416,7
15417,7
15418,5
15419,5
15420,7
15421,5
15422,5
15423,5
15424,1
15425,5
15426,7
15427,5
15428,5
15429,5
15430,2
15431,7
15432,5
15433,7
15434,5
15435,1
15436,5
15437,5
15438,6
15439,5
15440,5
15441,5
15442,7
15443,7
15444,5
15445,5
15446,7
15447,5
15448,5
15449,5
15450,5
15451,3
15452,5
15453,7
15454,1
15455,4
15456,5
15457,7
15458,5
15459,5
15460,7
15461,2
15462,5
15463,7
15464,5
15465,7
15466,7
15467,5
15468,5
15469,5
15470,5
15471,5
15472,7
15473,7
15474,1
15475,5
15476,7
15477,5
15478,5
15479,2
15480,7
15481,5
15482,5
15483,4
15484,5
15485,5
15486,7
15487,7
15488,3
15489,7
15490,5
15491,1
15492,5
15493,7
15494,5
15495,5
15496,7
15497,5
15498,2
15499,5
15500,3
15501,5
15502,2
15503,5
15504,7
15505,2
15506,7
15507,7
15508,7
15509,7
15510,7
15511,3
15512,5
15513,7
15514,1
15515,5
15516,5
15517,7
15518,7
15519,1
15520,3
15521,5
15522,7
15523,5
15524,5
15525,5
15526,5
15527,7
15528,1
15529,7
15530,5
15531,5
15532,1
15533,5
15534,5
15535,5
15536,5
15537,7
15538,5
15539,7
15540,5
15541,7
15542,5
15543,7
15544,5
15545,7
15546,1
15547,7
15548,5
15549,5
15550,7
15551,5
15552,7
15553,5
15554,5
15555,5
15556,7
15557,7
15558,7
15559,5
15560,5
15561,2
15562,5
15563,1
15564,5
15565,5
15566,5
15567,5
15568,2
15569,3
15570,5
15571,5
15572,2
15573,5
15574,5
15575,5
15576,7
15577,5
15578,5
15579,5
15580,5
15581,7
15582,5
15583,5
15584,5
15585,2
15586,5
15587,5
15588,7
15589,7
15590,7
15591,7
15592,5
15593,1
15594,5
15595,7
15596,5
15597,5
15598,5
15599,7
15600,3
15601,5
15602,5
15603,5
15604,7
15605,7
15606,5
15607,5
15608,5
15609,1
15610,5
15611,7
15612,5
15613,5
15614,7
15615,7
15616,5
15617,5
15618,5
15619,7
15620,1
15621,5
15622,5
15623,5
15624,7
15625,7
15626,5
15627,5
15628,5
15629,5
15630,5
15631,5
15632,5
15633,7
15634,5
15635,5
15636,2
15637,5
15638,5
15639,5
15640,5
15641,6
15642,5
15643,2
15644,5
15645,2
15646,5
15647,5
15648,5
15649,5
15650,5
15651,7
15652,4
15653,5
15654,5
15655,1
15656,7
15657,5
15658,5
15659,5
15660,5
15661,5
15662,7
15663,7
15664,2
15665,1
15666,5
15667,7
15668,5
15669,5
15670,5
15671,5
15672,5
15673,5
15674,5
15675,5
15676,7
15677,5
15678,2
15679,5
15680,5
15681,5
15682,7
15683,5
15684,5
15685,5
15686,7
15687,4
15688,5
15689,5
15690,7
15691,5
15692,5
15693,5
15694,7
15695,5
15696,5
15697,5
15698,5
15699,7
15700,5
15701,5
15702,7
15703,8
15704,5
15705,5
15706,5
15707,5
15708,5
15709,5
15710,5
15711,2
15712,5
15713,5
15714,7
15715,5
15716,6
15717,5
15718,7
15719,4
15720,5
15721,2
15722,1
15723,1
15724,5
15725,7
15726,1
15727,5
15728,5
15729,5
15730,5
15731,5
15732,5
15733,7
15734,2
15735,1
15736,5
15737,7
15738,1
15739,5
15740,5
15741,7
15742,2
15743,5
15744,7
15745,5
15746,7
15747,5
15748,7
15749,5
15750,5
15751,5
15752,5
15753,5
15754,5
15755,5
15756,5
15757,5
15758,5
15759,5
15760,5
15761,5
15762,4
15763,5
15764,5
15765,1
15766,5
15767,7
15768,5
15769,5
15770,1
15771,5
15772,5
15773,5
15774,5
15775,7
15776,5
15777,5
15778,5
15779,5
15780,5
15781,5
15782,5
15783,5
15784,5
15785,5
15786,1
15787,2
15788,7
15789,3
15790,7
15791,5
15792,5
15793,5
15794,7
15795,5
15796,7
15797,5
15798,5
15799,2
15800,1
15801,5
15802,7
15803,5
15804,7
15805,5
15806,7
15807,5
15808,5
15809,5
15810,5
15811,0
15812,5
15813,6
15814,5
15815,4
15816,1
15817,7
15818,5
15819,2
15820,1
15821,7
15822,5
15823,5
15824,7
15825,5
15826,5
15827,5
15828,5
15829,7
15830,7
15831,5
15832,5
15833,5
15834,2
15835,5
15836,5
15837,7
15838,5
15839,7
15840,0
15841,5
15842,5
15843,5
15844,5
15845,5
15846,4
15847,5
15848,5
15849,7
15850,7
15851,5
15852,5
15853,5
15854,7
15855,5
15856,5
15857,5
15858,5
15859,5
15860,1
15861,5
15862,1
15863,7
15864,5
15865,2
15866,5
15867,5
15868,2
15869,4
15870,5
15871,5
15872,1
15873,5
15874,7
15875,5
15876,7
15877,5
15878,5
15879,5
15880,5
15881,7
15882,5
15883,5
15884,5
15885,4
15886,7
15887,1
15888,5
15889,5
15890,5
15891,1
15892,5
15893,4
15894,1
15895,5
15896,5
15897,7
15898,5
15899,5
15900,1
15901,2
15902,5
15903,3
15904,5
15905,5
15906,5
15907,7
15908,5
15909,7
15910,5
15911,5
15912,7
15913,5
15914,7
15915,5
15916,5
15917,7
15918,5
15919,7
15920,5
15921,7
15922,5
15923,5
15924,5
15925,5
15926,7
15927,2
15928,5
15929,5
15930,5
15931,1
15932,2
15933,5
15934,5
15935,7
15936,7
15937,4
15938,5
15939,7
15940,5
15941,4
15942,5
15943,5
15944,1
15945,5
15946,5
15947,1
15948,2
15949,5
15950,5
15951,5
15952,5
15953,5
15954,8
15955,5
15956,7
15957,5
15958,2
15959,7
15960,4
15961,5
15962,5
15963,5
15964,1
15965,7
15966,5
15967,2
15968,5
15969,5
15970,7
15971,5
15972,5
15973,5
15974,3
15975,5
15976,5
15977,5
15978,5
15979,5
15980,5
15981,4
15982,5
15983,5
15984,7
15985,5
15986,7
15987,5
15988,5
15989,2
15990,5
15991,5
15992,5
15993,5
15994,7
15995,7
15996,0
15997,5
15998,5
15999,2
16000,2
16001,5
16002,5
16003,5
16004,2
16005,5
16006,5
16007,7
16008,7
16009,7
16010,2
16011,5
16012,7
16013,5
16014,7
16015,7
16016,5
16017,5
16018,5
16019,7
16020,5
16021,5
16022,5
16023,5
16024,2
16025,5
16026,5
16027,5
16028,5
16029,2
16030,5
16031,4
16032,5
16033,3
16034,5
16035,5
16036,5
16037,5
16038,7
16039,5
16040,5
16041,5
16042,5
16043,5
16044,5
16045,5
16046,5
16047,5
16048,5
16049,1
16050,2
16051,5
16052,2
16053,5
16054,2
16055,7
16056,5
16057,1
16058,3
16059,4
16060,5
16061,5
16062,2
16063,6
16064,5
16065,5
16066,2
16067,5
16068,5
16069,5
16070,5
16071,7
16072,3
16073,5
16074,5
16075,7
16076,5
16077,5
16078,5
16079,5
16080,7
16081,5
16082,7
16083,1
16084,5
16085,7
16086,5
16087,2
16088,5
16089,5
16090,5
16091,5
16092,5
16093,5
16094,5
16095,4
16096,4
16097,5
16098,5
16099,5
16100,1
16101,7
16102,5
16103,7
16104,4
16105,5
16106,5
16107,5
16108,7
16109,7
16110,2
16111,2
16112,5
16113,5
16114,7
16115,5
16116,5
16117,5
16118,5
16119,5
16120,7
16121,5
16122,5
16123,5
16124,1
16125,5
16126,5
16127,5
16128,5
16129,7
16130,7
16131,5
16132,2
16133,5
16134,5
16135,1
16136,5
16137,5
16138,1
16139,5
16140,7
16141,5
16142,5
16143,7
16144,5
16145,7
16146,5
16147,5
16148,5
16149,5
16150,7
16151,5
16152,5
16153,5
16154,2
16155,5
16156,5
16157,5
16158,2
16159,5
16160,5
16161,7
16162,5
16163,5
16164,4
16165,5
16166,7
16167,5
16168,5
16169,7
16170,5
16171,7
16172,2
16173,5
16174,5
16175,5
16176,5
16177,7
16178,4
16179,5
16180,5
16181,5
16182,7
16183,5
16184,5
16185,5
16186,5
16187,5
16188,5
16189,5
16190,7
16191,5
16192,5
16193,5
16194,5
16195,2
16196,5
16197,7
16198,5
16199,5
16200,5
16201,5
16202,5
16203,2
16204,5
16205,5
16206,5
16207,0
16208,7
16209,7
16210,5
16211,5
16212,5
16213,5
16214,7
16215,7
16216,7
16217,7
16218,5
16219,5
16220,7
16221,5
16222,5
16223,5
16224,5
16225,4
16226,5
16227,5
16228,5
16229,5
16230,7
16231,5
16232,5
16233,7
16234,5
16235,5
16236,5
16237,7
16238,5
16239,5
16240,5
16241,3
16242,7
16243,7
16244,5
16245,5
16246,5
16247,7
16248,0
16249,7
16250,5
16251,5
16252,7
16253,2
16254,1
16255,5
16256,5
16257,5
16258,5
16259,7
16260,7
16261,2
16262,5
16263,7
16264,7
16265,5
16266,5
16267,5
16268,5
16269,7
16270,5
16271,5
16272,7
16273,7
16274,5
16275,5
16276,7
16277,7
16278,7
16279,7
16280,7
16281,5
16282,5
16283,5
16284,5
16285,5
16286,5
16287,5
16288,5
16289,5
16290,5
16291,5
16292,5
16293,5
16294,5
16295,7
16296,7
16297,5
16298,5
16299,5
16300,5
16301,1
16302,5
16303,5
16304,5
16305,5
16306,7
16307,5
16308,5
16309,5
16310,1
16311,7
16312,5
16313,5
16314,7
16315,5
16316,7
16317,5
16318,5
16319,5
16320,3
16321,7
16322,7
16323,2
16324,5
16325,5
16326,5
16327,5
16328,5
16329,2
16330,7
16331,2
16332,7
16333,3
16334,5
16335,5
16336,5
16337,5
16338,2
16339,1
16340,7
16341,5
16342,5
16343,0
16344,5
16345,3
16346,5
16347,7
16348,5
16349,5
16350,5
16351,5
16352,7
16353,5
16354,5
16355,5
16356,5
16357,5
16358,5
16359,3
16360,7
16361,5
16362,5
16363,7
16364,0
16365,7
16366,5
16367,5
16368,1
16369,5
16370,1
16371,7
16372,7
16373,5
16374,7
16375,5
16376,5
16377,5
16378,7
16379,7
16380,5
16381,7
16382,5
16383,5
16384,5
16385,5
16386,5
16387,5
16388,5
16389,5
16390,5
16391,5
16392,5
16393,2
16394,5
16395,7
16396,7
16397,5
16398,7
16399,5
16400,5
16401,5
16402,5
16403,5
16404,7
16405,7
16406,2
16407,5
16408,5
16409,7
16410,2
16411,7
16412,7
16413,5
16414,5
16415,5
16416,5
16417,5
16418,5
16419,5
16420,5
16421,7
16422,5
16423,5
16424,5
16425,5
16426,7
16427,2
16428,7
16429,4
16430,5
16431,5
16432,5
16433,5
16434,7
16435,5
16436,5
16437,5
16438,5
16439,5
16440,1
16441,5
16442,5
16443,5
16444,5
16445,5
16446,5
16447,4
16448,5
16449,1
16450,5
16451,2
16452,5
16453,5
16454,7
16455,5
16456,5
16457,5
16458,5
16459,1
16460,5
16461,5
16462,5
16463,5
16464,7
16465,5
16466,5
16467,7
16468,3
16469,5
16470,7
16471,7
16472,5
16473,5
16474,5
16475,2
16476,1
16477,2
16478,2
16479,5
16480,5
16481,6
16482,7
16483,5
16484,2
16485,1
16486,5
16487,7
16488,5
16489,5
16490,5
16491,1
16492,5
16493,5
16494,5
16495,7
16496,5
16497,7
16498,2
16499,5
16500,5
16501,2
16502,5
16503,2
16504,5
16505,5
16506,5
16507,5
16508,5
16509,5
16510,2
16511,5
16512,5
16513,1
16514,7
16515,4
16516,5
16517,5
16518,5
16519,5
16520,8
16521,5
16522,5
16523,5
16524,7
16525,5
16526,5
16527,7
16528,5
16529,7
16530,5
16531,5
16532,1
16533,5
16534,7
16535,5
16536,5
16537,7
16538,5
16539,5
16540,5
16541,5
16542,5
16543,5
16544,1
16545,7
16546,5
16547,4
16548,5
16549,1
16550,5
16551,7
16552,5
16553,5
16554,5
16555,5
16556,5
16557,5
16558,5
16559,7
16560,7
16561,5
16562,5
16563,5
16564,5
16565,5
16566,5
16567,5
16568,5
16569,4
16570,7
16571,5
16572,7
16573,5
16574,5
16575,5
16576,2
16577,5
16578,5
16579,5
16580,5
16581,5
16582,5
16583,5
16584,7
16585,5
16586,5
16587,4
16588,5
16589,5
16590,5
16591,5
16592,7
16593,2
16594,5
16595,5
16596,2
16597,5
16598,5
16599,5
16600,5
16601,5
16602,5
16603,7
16604,5
16605,2
16606,5
16607,5
16608,1
16609,5
16610,7
16611,5
16612,5
16613,5
16614,2
16615,7
16616,5
16617,5
16618,7
16619,7
16620,5
16621,7
16622,5
16623,2
16624,7
16625,5
16626,5
16627,3
16628,5
16629,7
16630,5
16631,5
16632,5
16633,1
16634,5
16635,5
16636,5
16637,5
16638,7
16639,5
16640,5
16641,5
16642,7
16643,5
16644,5
16645,5
16646,7
16647,5
16648,4
16649,5
16650,1
16651,5
16652,5
16653,1
16654,1
16655,5
16656,5
16657,5
16658,5
16659,5
16660,4
16661,5
16662,5
16663,5
16664,1
16665,5
16666,7
16667,5
16668,7
16669,1
16670,5
16671,5
16672,5
16673,5
16674,4
16675,4
16676,5
16677,5
16678,4
16679,5
16680,5
16681,5
16682,5
16683,5
16684,5
16685,5
16686,5
16687,5
16688,5
16689,5
16690,5
16691,7
16692,1
16693,7
16694,5
16695,7
16696,5
16697,5
16698,1
16699,5
16700,5
16701,5
16702,5
16703,7
16704,1
16705,5
16706,5
16707,7
16708,7
16709,5
16710,5
16711,5
16712,5
16713,5
16714,5
16715,7
16716,5
16717,7
16718,7
16719,5
16720,5
16721,5
16722,5
16723,5
16724,6
16725,7
16726,7
16727,7
16728,4
16729,2
16730,5
16731,5
16732,5
16733,7
16734,7
16735,5
16736,5
16737,2
16738,5
16739,7
16740,7
16741,2
16742,5
16743,2
16744,1
16745,7
16746,5
16747,7
16748,7
16749,7
16750,6
16751,8
16752,4
16753,5
16754,5
16755,5
16756,7
16757,5
16758,5
16759,5
16760,2
16761,5
16762,5
16763,5
16764,5
16765,5
16766,2
16767,7
16768,5
16769,2
16770,5
16771,5
16772,5
16773,5
16774,2
16775,5
16776,7
16777,5
16778,5
16779,3
16780,5
16781,5
16782,7
16783,7
16784,1
16785,5
16786,7
16787,5
16788,5
16789,5
16790,5
16791,5
16792,5
16793,7
16794,5
16795,7
16796,2
16797,5
16798,5
16799,1
16800,4
16801,1
16802,5
16803,5
16804,5
16805,4
16806,5
16807,2
16808,5
16809,7
16810,7
16811,5
16812,5
16813,5
16814,7
16815,5
16816,5
16817,0
16818,1
16819,5
16820,1
16821,1
16822,5
16823,5
16824,5
16825,1
16826,7
16827,7
16828,1
16829,7
16830,5
16831,5
16832,5
16833,7
16834,5
16835,7
16836,2
16837,1
16838,5
16839,5
16840,5
16841,7
16842,5
16843,5
16844,7
16845,5
16846,5
16847,3
16848,7
16849,2
16850,5
16851,2
16852,5
16853,7
16854,5
16855,7
16856,5
16857,1
16858,7
16859,2
16860,7
16861,5
16862,5
16863,5
16864,5
16865,7
16866,1
16867,7
16868,5
16869,5
16870,5
16871,5
16872,7
16873,2
16874,5
16875,5
16876,5
16877,5
16878,5
16879,5
16880,2
16881,7
16882,5
16883,2
16884,7
16885,5
16886,5
16887,5
16888,5
16889,5
16890,7
16891,5
16892,5
16893,5
16894,7
16895,5
16896,5
16897,7
16898,1
16899,5
16900,1
16901,5
16902,7
16903,5
16904,7
16905,5
16906,5
16907,5
16908,5
16909,5
16910,5
16911,5
16912,5
16913,5
16914,5
16915,7
16916,5
16917,5
16918,5
16919,5
16920,7
16921,7
16922,2
16923,5
16924,5
16925,5
16926,4
16927,7
16928,7
16929,4
16930,5
16931,5
16932,5
16933,7
16934,2
16935,5
16936,5
16937,5
16938,7
16939,7
16940,5
16941,5
16942,7
16943,1
16944,5
16945,7
16946,1
16947,7
16948,5
16949,2
16950,5
16951,7
16952,5
16953,5
16954,5
16955,5
16956,5
16957,7
16958,5
16959,5
16960,2
16961,5
16962,5
16963,1
16964,7
16965,5
16966,5
16967,5
16968,5
16969,5
16970,5
16971,5
16972,5
16973,7
16974,2
16975,5
16976,2
16977,5
16978,5
16979,5
16980,5
16981,7
16982,5
16983,5
16984,2
16985,4
16986,2
16987,3
16988,5
16989,2
16990,1
16991,3
16992,1
16993,5
16994,7
16995,5
16996,7
16997,1
16998,2
16999,5
17000,5
17001,5
17002,5
17003,5
17004,5
17005,7
17006,5
17007,5
17008,5
17009,7
17010,3
17011,5
17012,5
17013,1
17014,5
17015,5
17016,5
17017,7
17018,3
17019,5
17020,5
17021,1
17022,1
17023,5
17024,5
17025,5
17026,4
17027,5
17028,5
17029,2
17030,5
17031,7
17032,5
17033,5
17034,5
17035,5
17036,5
17037,5
17038,5
17039,5
17040,5
17041,7
17042,5
17043,2
17044,5
17045,5
17046,5
17047,5
17048,7
17049,5
17050,5
17051,7
17052,5
17053,5
17054,7
17055,7
17056,7
17057,7
17058,7
17059,5
17060,2
17061,7
17062,5
17063,5
17064,1
17065,5
17066,7
17067,5
17068,5
17069,5
17070,1
17071,7
17072,7
17073,5
17074,1
17075,5
17076,5
17077,5
17078,5
17079,5
17080,1
17081,5
17082,5
17083,5
17084,7
17085,1
17086,5
17087,2
17088,7
17089,5
17090,5
17091,5
17092,7
17093,5
17094,5
17095,5
17096,4
17097,5
17098,5
17099,5
17100,5
17101,5
17102,7
17103,5
17104,4
17105,5
17106,5
17107,5
17108,5
17109,5
17110,5
17111,7
17112,5
17113,5
17114,7
17115,5
17116,5
17117,2
17118,5
17119,0
17120,7
17121,7
17122,7
17123,5
17124,3
17125,5
17126,5
17127,5
17128,5
17129,7
17130,7
17131,5
17132,5
17133,1
17134,5
17135,6
17136,5
17137,5
17138,5
17139,5
17140,7
17141,1
17142,5
17143,5
17144,2
17145,2
17146,5
17147,5
17148,5
17149,5
17150,5
17151,5
17152,7
17153,5
17154,7
17155,7
17156,5
17157,7
17158,4
17159,7
17160,5
17161,2
17162,7
17163,5
17164,2
17165,5
17166,7
17167,5
17168,5
17169,5
17170,5
17171,5
17172,1
17173,5
17174,5
17175,5
17176,5
17177,5
17178,5
17179,7
17180,5
17181,7
17182,7
17183,5
17184,5
17185,5
17186,5
17187,1
17188,5
17189,5
17190,7
17191,5
17192,5
17193,5
17194,7
17195,5
17196,3
17197,5
17198,5
17199,5
17200,5
17201,1
17202,7
17203,5
17204,5
17205,1
17206,5
17207,5
17208,5
17209,5
17210,5
17211,5
17212,5
17213,5
17214,5
17215,5
17216,5
17217,5
17218,5
17219,5
17220,5
17221,5
17222,1
17223,5
17224,5
17225,5
17226,5
17227,5
17228,4
17229,5
17230,5
17231,1
17232,1
17233,5
17234,5
17235,5
17236,7
17237,5
17238,7
17239,5
17240,5
17241,5
17242,7
17243,5
17244,5
17245,1
17246,5
17247,5
17248,5
17249,5
17250,5
17251,5
17252,5
17253,5
17254,5
17255,5
17256,7
17257,5
17258,5
17259,5
17260,5
17261,5
17262,5
17263,5
17264,7
17265,7
17266,5
17267,7
17268,5
17269,5
17270,7
17271,5
17272,1
17273,1
17274,1
17275,7
17276,5
17277,2
17278,5
17279,3
17280,5
17281,5
17282,2
17283,5
17284,7
17285,5
17286,5
17287,2
17288,5
17289,1
17290,7
17291,4
17292,5
17293,5
17294,5
17295,5
17296,3
17297,5
17298,1
17299,4
17300,5
17301,5
17302,5
17303,2
17304,5
17305,1
17306,5
17307,5
17308,7
17309,5
17310,5
17311,2
17312,5
17313,4
17314,5
17315,3
17316,5
17317,2
17318,7
17319,1
17320,5
17321,5
17322,5
17323,7
17324,7
17325,1
17326,5
17327,5
17328,5
17329,5
17330,5
17331,5
17332,8
17333,5
17334,7
17335,5
17336,5
17337,2
17338,7
17339,5
17340,5
17341,5
17342,5
17343,7
17344,6
17345,5
17346,1
17347,5
17348,5
17349,1
17350,7
17351,5
17352,4
17353,1
17354,3
17355,5
17356,5
17357,1
17358,5
17359,5
17360,7
17361,5
17362,5
17363,5
17364,5
17365,2
17366,7
17367,5
17368,5
17369,5
17370,5
17371,4
17372,5
17373,5
17374,5
17375,5
17376,5
17377,7
17378,5
17379,5
17380,5
17381,2
17382,5
17383,5
17384,5
17385,5
17386,5
17387,1
17388,7
17389,5
17390,5
17391,5
17392,5
17393,5
17394,5
17395,5
17396,5
17397,7
17398,2
17399,5
17400,7
17401,7
17402,8
17403,2
17404,5
17405,5
17406,5
17407,5
17408,5
17409,7
17410,5
17411,5
17412,2
17413,5
17414,7
17415,5
17416,5
17417,5
17418,1
17419,2
17420,5
17421,5
17422,5
17423,5
17424,7
17425,5
17426,7
17427,5
17428,7
17429,5
17430,5
17431,1
17432,5
17433,7
17434,5
17435,5
17436,5
17437,5
17438,5
17439,7
17440,2
17441,7
17442,5
17443,5
17444,5
17445,3
17446,5
17447,5
17448,7
17449,5
17450,5
17451,5
17452,7
17453,5
17454,7
17455,5
17456,7
17457,5
17458,5
17459,5
17460,5
17461,5
17462,7
17463,2
17464,5
17465,5
17466,2
17467,5
17468,7
17469,5
17470,5
17471,5
17472,5
17473,5
17474,5
17475,7
17476,7
17477,5
17478,5
17479,5
17480,5
17481,5
17482,5
17483,5
17484,5
17485,5
17486,5
17487,7
17488,7
17489,5
17490,7
17491,5
17492,5
17493,5
17494,7
17495,5
17496,7
17497,1
17498,1
17499,5
17500,5
17501,5
17502,7
17503,5
17504,2
17505,7
17506,5
17507,5
17508,2
17509,5
17510,5
17511,2
17512,4
17513,5
17514,4
17515,5
17516,7
17517,5
17518,2
17519,5
17520,7
17521,4
17522,7
17523,2
17524,5
17525,4
17526,5
17527,5
17528,7
17529,7
17530,3
17531,5
17532,5
17533,1
17534,7
17535,5
17536,5
17537,5
17538,5
17539,5
17540,4
17541,5
17542,1
17543,2
17544,7
17545,5
17546,5
17547,7
17548,5
17549,5
17550,7
17551,5
17552,5
17553,5
17554,5
17555,5
17556,5
17557,5
17558,5
17559,2
17560,1
17561,5
17562,5
17563,2
17564,1
17565,5
17566,7
17567,1
17568,5
17569,5
17570,5
17571,5
17572,5
17573,5
17574,5
17575,5
17576,1
17577,7
17578,5
17579,5
17580,5
17581,5
17582,5
17583,7
17584,5
17585,2
17586,5
17587,5
17588,7
17589,2
17590,4
17591,7
17592,5
17593,7
17594,5
17595,1
17596,5
17597,7
17598,7
17599,5
17600,5
17601,5
17602,7
17603,5
17604,5
17605,7
17606,5
17607,5
17608,5
17609,5
17610,7
17611,5
17612,5
17613,5
17614,5
17615,5
17616,5
17617,5
17618,5
17619,5
17620,1
17621,5
17622,5
17623,3
17624,5
17625,5
17626,5
17627,5
17628,1
17629,5
17630,7
17631,5
17632,5
17633,5
17634,5
17635,7
17636,5
17637,7
17638,7
17639,2
17640,1
17641,7
17642,7
17643,5
17644,7
17645,5
17646,7
17647,5
17648,7
17649,7
17650,5
17651,5
17652,5
17653,1
17654,5
17655,7
17656,5
17657,1
17658,5
17659,7
17660,7
17661,5
17662,5
17663,7
17664,7
17665,5
17666,7
17667,7
17668,7
17669,5
17670,7
17671,4
17672,5
17673,3
17674,5
17675,1
17676,5
17677,5
17678,4
17679,5
17680,5
17681,5
17682,5
17683,1
17684,5
17685,5
17686,5
17687,7
17688,5
17689,5
17690,3
17691,5
17692,5
17693,7
17694,5
17695,5
17696,5
17697,7
17698,5
17699,7
17700,4
17701,5
17702,5
17703,7
17704,5
17705,5
17706,5
17707,1
17708,5
17709,5
17710,5
17711,5
17712,5
17713,1
17714,5
17715,5
17716,5
17717,5
17718,5
17719,7
17720,1
17721,5
17722,7
17723,4
17724,5
17725,1
17726,5
17727,5
17728,5
17729,5
17730,7
17731,7
17732,5
17733,5
17734,2
17735,5
17736,5
17737,7
17738,5
17739,5
17740,6
17741,3
17742,5
17743,1
17744,2
17745,5
17746,5
17747,1
17748,7
17749,5
17750,5
17751,5
17752,5
17753,2
17754,7
17755,7
17756,5
17757,5
17758,5
17759,7
17760,5
17761,2
17762,7
17763,5
17764,5
17765,6
17766,7
17767,5
17768,5
17769,4
17770,5
17771,5
17772,7
17773,7
17774,5
17775,5
17776,5
17777,5
17778,5
17779,4
17780,2
17781,1
17782,5
17783,5
17784,7
17785,5
17786,5
17787,2
17788,7
17789,4
17790,7
17791,7
17792,5
17793,7
17794,5
17795,7
17796,7
17797,5
17798,5
17799,7
17800,5
17801,5
17802,5
17803,5
17804,7
17805,5
17806,5
17807,5
17808,7
17809,5
17810,5
17811,5
17812,1
17813,5
17814,5
17815,5
17816,5
17817,5
17818,5
17819,5
17820,5
17821,5
17822,5
17823,1
17824,4
17825,5
17826,5
17827,5
17828,2
17829,5
17830,7
17831,7
17832,7
17833,2
17834,7
17835,5
17836,4
17837,7
17838,5
17839,4
17840,5
17841,2
17842,5
17843,7
17844,5
17845,5
17846,5
17847,5
17848,0
17849,7
17850,5
17851,5
17852,5
17853,5
17854,7
17855,5
17856,7
17857,5
17858,7
17859,7
17860,5
17861,1
17862,7
17863,5
17864,5
17865,5
17866,5
17867,5
17868,5
17869,2
17870,5
17871,5
17872,5
17873,7
17874,5
17875,6
17876,5
17877,5
17878,2
17879,7
17880,5
17881,5
17882,5
17883,5
17884,5
17885,5
17886,7
17887,1
17888,5
17889,5
17890,1
17891,5
17892,7
17893,5
17894,7
17895,5
17896,5
17897,5
17898,7
17899,5
17900,1
17901,3
17902,5
17903,5
17904,7
17905,5
17906,7
17907,7
17908,2
17909,0
17910,5
17911,5
17912,1
17913,5
17914,1
17915,5
17916,5
17917,7
17918,5
17919,1
17920,2
17921,5
17922,5
17923,5
17924,3
17925,5
17926,5
17927,7
17928,1
17929,5
17930,5
17931,5
17932,5
17933,7
17934,5
17935,5
17936,7
17937,7
17938,5
17939,5
17940,5
17941,5
17942,5
17943,5
17944,5
17945,5
17946,7
17947,5
17948,7
17949,7
17950,4
17951,7
17952,5
17953,5
17954,5
17955,5
17956,7
17957,5
17958,7
17959,7
17960,5
17961,5
17962,7
17963,7
17964,7
17965,2
17966,5
17967,1
17968,5
17969,1
17970,5
17971,5
17972,5
17973,7
17974,5
17975,5
17976,7
17977,5
17978,5
17979,5
17980,5
17981,5
17982,5
17983,5
17984,5
17985,5
17986,5
17987,5
17988,5
17989,7
17990,5
17991,5
17992,5
17993,5
17994,5
17995,5
17996,7
17997,5
17998,5
17999,5
18000,5
18001,4
18002,5
18003,5
18004,5
18005,7
18006,7
18007,5
18008,5
18009,5
18010,5
18011,1
18012,5
18013,5
18014,1
18015,5
18016,5
18017,1
18018,5
18019,5
18020,5
18021,5
18022,5
18023,5
18024,5
18025,5
18026,5
18027,1
18028,5
18029,7
18030,3
18031,7
18032,2
18033,5
18034,5
18035,7
18036,1
18037,5
18038,5
18039,1
18040,5
18041,7
18042,5
18043,1
18044,5
18045,7
18046,7
18047,7
18048,2
18049,7
18050,5
18051,5
18052,5
18053,5
18054,5
18055,5
18056,5
18057,2
18058,5
18059,5
18060,5
18061,5
18062,5
18063,5
18064,5
18065,1
18066,7
18067,5
18068,5
18069,5
18070,5
18071,5
18072,7
18073,5
18074,5
18075,5
18076,5
18077,5
18078,5
18079,5
18080,5
18081,5
18082,7
18083,1
18084,7
18085,5
18086,5
18087,4
18088,3
18089,5
18090,1
18091,5
18092,5
18093,1
18094,5
18095,1
18096,5
18097,5
18098,5
18099,7
18100,1
18101,2
18102,2
18103,5
18104,5
18105,5
18106,7
18107,4
18108,5
18109,7
18110,7
18111,5
18112,5
18113,5
18114,5
18115,5
18116,5
18117,5
18118,5
18119,5
18120,2
18121,7
18122,5
18123,5
18124,7
18125,5
18126,5
18127,5
18128,1
18129,5
18130,4
18131,1
18132,7
18133,7
18134,7
18135,2
18136,7
18137,7
18138,5
18139,5
18140,7
18141,1
18142,5
18143,5
18144,5
18145,5
18146,2
18147,5
18148,4
18149,7
18150,5
18151,5
18152,5
18153,5
18154,5
18155,5
18156,5
18157,5
18158,7
18159,5
18160,1
18161,3
18162,5
18163,5
18164,5
18165,5
18166,2
18167,5
18168,5
18169,5
18170,5
18171,5
18172,5
18173,5
18174,5
18175,7
18176,5
18177,5
18178,5
18179,5
18180,7
18181,5
18182,7
18183,7
18184,5
18185,5
18186,5
18187,7
18188,5
18189,5
18190,7
18191,5
18192,7
18193,5
18194,3
18195,5
18196,5
18197,7
18198,5
18199,5
18200,7
18201,5
18202,5
18203,7
18204,5
18205,7
18206,5
18207,5
18208,7
18209,5
18210,5
18211,5
18212,5
18213,1
18214,5
18215,5
18216,7
18217,5
18218,5
18219,5
18220,7
18221,4
18222,5
18223,5
18224,5
18225,5
18226,5
18227,5
18228,5
18229,5
18230,3
18231,7
18232,7
18233,2
18234,5
18235,7
18236,5
18237,7
18238,2
18239,7
18240,5
18241,5
18242,5
18243,5
18244,7
18245,5
18246,5
18247,5
18248,5
18249,5
18250,5
18251,5
18252,7
18253,5
18254,7
18255,1
18256,5
18257,5
18258,5
18259,7
18260,1
18261,7
18262,5
18263,7
18264,5
18265,5
18266,5
18267,5
18268,5
18269,7
18270,2
18271,1
18272,5
18273,5
18274,5
18275,5
18276,5
18277,5
18278,5
18279,7
18280,5
18281,5
18282,5
18283,5
18284,5
18285,5
18286,1
18287,7
18288,5
18289,5
18290,5
18291,5
18292,2
18293,5
18294,7
18295,5
18296,1
18297,5
18298,5
18299,5
18300,4
18301,5
18302,5
18303,5
18304,7
18305,5
18306,5
18307,7
18308,3
18309,7
18310,7
18311,5
18312,1
18313,5
18314,5
18315,5
18316,5
18317,5
18318,5
18319,5
18320,1
18321,5
18322,7
18323,7
18324,5
18325,7
18326,5
18327,2
18328,7
18329,5
18330,5
18331,5
18332,2
18333,4
18334,5
18335,5
18336,5
18337,1
18338,1
18339,5
18340,5
18341,4
18342,5
18343,5
18344,5
18345,5
18346,5
18347,6
18348,5
18349,5
18350,5
18351,7
18352,5
18353,5
18354,5
18355,7
18356,1
18357,5
18358,5
18359,5
18360,5
18361,1
18362,7
18363,5
18364,5
18365,5
18366,7
18367,7
18368,5
18369,5
18370,5
18371,3
18372,5
18373,2
18374,5
18375,7
18376,5
18377,5
18378,5
18379,5
18380,5
18381,5
18382,5
18383,7
18384,5
18385,2
18386,5
18387,5
18388,5
18389,5
18390,5
18391,5
18392,5
18393,5
18394,5
18395,5
18396,7
18397,5
18398,7
18399,1
18400,5
18401,5
18402,5
18403,5
18404,5
18405,7
18406,5
18407,5
18408,5
18409,3
18410,2
18411,1
18412,5
18413,5
18414,7
18415,5
18416,5
18417,5
18418,7
18419,5
18420,5
18421,7
18422,7
18423,5
18424,5
18425,7
18426,1
18427,5
18428,5
18429,5
18430,5
18431,7
18432,1
18433,7
18434,3
18435,5
18436,7
18437,7
18438,5
18439,5
18440,5
18441,3
18442,1
18443,5
18444,7
18445,5
18446,5
18447,1
18448,0
18449,5
18450,7
18451,7
18452,7
18453,3
18454,7
18455,5
18456,5
18457,7
18458,5
18459,5
18460,5
18461,7
18462,2
18463,5
18464,5
18465,6
18466,5
18467,7
18468,2
18469,5
18470,5
18471,5
18472,5
18473,7
18474,5
18475,1
18476,2
18477,7
18478,5
18479,5
18480,5
18481,5
18482,5
18483,5
18484,5
18485,2
18486,3
18487,5
18488,5
18489,7
18490,5
18491,5
18492,5
18493,7
18494,5
18495,2
18496,5
18497,5
18498,2
18499,5
18500,5
18501,1
18502,7
18503,7
18504,5
18505,7
18506,3
18507,1
18508,5
18509,4
18510,7
18511,5
18512,7
18513,5
18514,5
18515,7
18516,5
18517,7
18518,5
18519,7
18520,5
18521,5
18522,5
18523,5
18524,7
18525,5
18526,5
18527,5
18528,1
18529,5
18530,5
18531,1
18532,5
18533,4
18534,1
18535,7
18536,5
18537,1
18538,5
18539,7
18540,5
18541,5
18542,7
18543,7
18544,5
18545,7
18546,5
18547,5
18548,7
18549,5
18550,5
18551,4
18552,5
18553,7
18554,7
18555,5
18556,5
18557,5
18558,1
18559,5
18560,5
18561,5
18562,5
18563,5
18564,5
18565,5
18566,5
18567,5
18568,5
18569,5
18570,5
18571,2
18572,7
18573,5
18574,5
18575,5
18576,5
18577,5
18578,5
18579,5
18580,5
18581,4
18582,5
18583,4
18584,1
18585,5
18586,5
18587,5
18588,7
18589,7
18590,1
18591,7
18592,5
18593,5
18594,7
18595,7
18596,5
18597,5
18598,5
18599,7
18600,2
18601,2
18602,5
18603,5
18604,5
18605,7
18606,5
18607,5
18608,5
18609,5
18610,5
18611,5
18612,5
18613,5
18614,7
18615,5
18616,7
18617,2
18618,5
18619,5
18620,5
18621,5
18622,7
18623,5
18624,7
18625,5
18626,5
18627,5
18628,5
18629,5
18630,5
18631,5
18632,7
18633,2
18634,5
18635,4
18636,5
18637,5
18638,5
18639,5
18640,5
18641,5
18642,7
18643,5
18644,7
18645,5
18646,7
18647,4
18648,5
18649,5
18650,5
18651,0
18652,5
18653,5
18654,5
18655,5
18656,7
18657,5
18658,5
18659,5
18660,7
18661,5
18662,5
18663,1
18664,5
18665,7
18666,5
18667,1
18668,1
18669,5
18670,5
18671,5
18672,5
18673,5
18674,5
18675,5
18676,7
18677,5
18678,5
18679,7
18680,7
18681,5
18682,7
18683,5
18684,7
18685,5
18686,5
18687,5
18688,5
18689,5
18690,5
18691,1
18692,5
18693,5
18694,5
18695,5
18696,2
18697,5
18698,5
18699,5
18700,5
18701,7
18702,5
18703,5
18704,7
18705,1
18706,5
18707,7
18708,5
18709,5
18710,5
18711,1
18712,5
18713,7
18714,7
18715,7
18716,5
18717,5
18718,5
18719,5
18720,5
18721,5
18722,2
18723,5
18724,5
18725,5
18726,5
18727,5
18728,5
18729,5
18730,5
18731,5
18732,1
18733,5
18734,5
18735,7
18736,1
18737,5
18738,5
18739,1
18740,2
18741,5
18742,7
18743,7
18744,5
18745,5
18746,5
18747,4
18748,5
18749,5
18750,5
18751,5
18752,5
18753,7
18754,5
18755,5
18756,7
18757,5
18758,5
18759,2
18760,7
18761,1
18762,5
18763,5
18764,5
18765,5
18766,5
18767,5
18768,5
18769,7
18770,7
18771,5
18772,5
18773,5
18774,5
18775,5
18776,5
18777,7
18778,5
18779,5
18780,2
18781,7
18782,5
18783,5
18784,2
18785,5
18786,5
18787,5
18788,5
18789,5
18790,5
18791,5
18792,5
18793,7
18794,5
18795,7
18796,5
18797,5
18798,5
18799,5
18800,7
18801,7
18802,5
18803,7
18804,5
18805,5
18806,7
18807,5
18808,3
18809,5
18810,5
18811,5
18812,5
18813,5
18814,7
18815,5
18816,5
18817,5
18818,7
18819,5
18820,1
18821,5
18822,1
18823,4
18824,5
18825,7
18826,7
18827,5
18828,7
18829,5
18830,7
18831,5
18832,5
18833,5
18834,7
18835,3
18836,2
18837,1
18838,5
18839,7
18840,5
18841,5
18842,5
18843,7
18844,5
18845,5
18846,5
18847,7
18848,5
18849,5
18850,5
18851,7
18852,7
18853,5
18854,5
18855,5
18856,5
18857,5
18858,5
18859,5
18860,1
18861,5
18862,5
18863,7
18864,5
18865,5
18866,5
18867,3
18868,5
18869,8
18870,5
18871,1
18872,7
18873,5
18874,5
18875,1
18876,5
18877,5
18878,5
18879,5
18880,5
18881,5
18882,5
18883,7
18884,2
18885,5
18886,5
18887,7
18888,5
18889,1
18890,5
18891,5
18892,3
18893,2
18894,5
18895,5
18896,5
18897,5
18898,5
18899,5
18900,0
18901,7
18902,1
18903,5
18904,7
18905,5
18906,2
18907,5
18908,5
18909,5
18910,2
18911,5
18912,7
18913,5
18914,7
18915,5
18916,7
18917,5
18918,5
18919,5
18920,5
18921,7
18922,7
18923,7
18924,5
18925,5
18926,5
18927,5
18928,5
18929,7
18930,5
18931,5
18932,5
18933,5
18934,7
18935,5
18936,7
18937,5
18938,5
18939,4
18940,5
18941,5
18942,5
18943,1
18944,4
18945,7
18946,5
18947,2
18948,5
18949,5
18950,5
18951,7
18952,5
18953,7
18954,5
18955,5
18956,5
18957,5
18958,5
18959,5
18960,3
18961,5
18962,5
18963,7
18964,5
18965,5
18966,2
18967,5
18968,5
18969,5
18970,5
18971,5
18972,5
18973,1
18974,5
18975,5
18976,5
18977,1
18978,6
18979,5
18980,3
18981,7
18982,5
18983,5
18984,5
18985,1
18986,1
18987,4
18988,7
18989,7
18990,7
18991,2
18992,5
18993,5
18994,7
18995,5
18996,5
18997,5
18998,5
18999,1
19000,7
19001,2
19002,8
19003,5
19004,5
19005,3
19006,5
19007,5
19008,5
19009,7
19010,7
19011,5
19012,5
19013,5
19014,5
19015,7
19016,7
19017,5
19018,5
19019,1
19020,5
19021,5
19022,7
19023,5
19024,7
19025,5
19026,2
19027,5
19028,2
19029,2
19030,7
19031,1
19032,5
19033,5
19034,5
19035,7
19036,5
19037,7
19038,5
19039,5
19040,5
19041,1
19042,5
19043,7
19044,7
19045,5
19046,7
19047,7
19048,1
19049,1
19050,5
19051,7
19052,7
19053,5
19054,5
19055,5
19056,2
19057,5
19058,1
19059,1
19060,1
19061,5
19062,5
19063,5
19064,5
19065,5
19066,5
19067,1
19068,7
19069,4
19070,1
19071,5
19072,5
19073,5
19074,5
19075,5
19076,7
19077,5
19078,5
19079,5
19080,1
19081,5
19082,5
19083,5
19084,5
19085,7
19086,5
19087,4
19088,7
19089,5
19090,7
19091,1
19092,5
19093,0
19094,2
19095,7
19096,5
19097,5
19098,5
19099,5
19100,5
19101,5
19102,7
19103,7
19104,5
19105,5
19106,7
19107,5
19108,5
19109,5
19110,5
19111,1
19112,5
19113,5
19114,7
19115,5
19116,5
19117,5
19118,2
19119,3
19120,5
19121,7
19122,1
19123,7
19124,5
19125,7
19126,7
19127,5
19128,2
19129,5
19130,1
19131,5
19132,5
19133,5
19134,5
19135,5
19136,1
19137,7
19138,5
19139,5
19140,5
19141,7
19142,7
19143,5
19144,5
19145,7
19146,5
19147,4
19148,5
19149,5
19150,5
19151,1
19152,7
19153,3
19154,3
19155,4
19156,5
19157,5
19158,5
19159,2
19160,5
19161,1
19162,5
19163,5
19164,5
19165,1
19166,5
19167,5
19168,5
19169,7
19170,5
19171,7
19172,5
19173,5
19174,5
19175,5
19176,5
19177,7
19178,5
19179,7
19180,7
19181,5
19182,2
19183,5
19184,5
19185,5
19186,5
19187,5
19188,1
19189,7
19190,5
19191,5
19192,5
19193,5
19194,5
19195,5
19196,5
19197,5
19198,1
19199,5
19200,5
19201,1
19202,7
19203,7
19204,1
19205,1
19206,7
19207,7
19208,5
19209,5
19210,5
19211,5
19212,4
19213,5
19214,5
19215,2
19216,5
19217,1
19218,5
19219,5
19220,5
19221,2
19222,5
19223,5
19224,5
19225,5
19226,7
19227,5
19228,5
19229,7
19230,5
19231,7
19232,2
19233,1
19234,1
19235,5
19236,5
19237,5
19238,7
19239,2
19240,5
19241,7
19242,5
19243,5
19244,2
19245,5
19246,5
19247,5
19248,5
19249,1
19250,7
19251,5
19252,5
19253,5
19254,7
19255,5
19256,5
19257,1
19258,5
19259,5
19260,7
19261,1
19262,7
19263,5
19264,5
19265,5
19266,5
19267,7
19268,5
19269,5
19270,5
19271,2
19272,2
19273,5
19274,5
19275,7
19276,5
19277,4
19278,5
19279,7
19280,5
19281,5
19282,2
19283,5
19284,5
19285,5
19286,5
19287,7
19288,5
19289,7
19290,7
19291,5
19292,5
19293,5
19294,1
19295,5
19296,2
19297,1
19298,5
19299,7
19300,5
19301,5
19302,7
19303,5
19304,5
19305,5
19306,5
19307,5
19308,5
19309,5
19310,5
19311,7
19312,7
19313,5
19314,5
19315,5
19316,5
19317,5
19318,5
19319,5
19320,5
19321,6
19322,7
19323,5
19324,7
19325,7
19326,7
19327,5
19328,5
19329,5
19330,5
19331,5
19332,5
19333,5
19334,1
19335,1
19336,1
19337,2
19338,0
19339,5
19340,7
19341,5
19342,5
19343,5
19344,2
19345,5
19346,5
19347,5
19348,5
19349,5
19350,5
19351,6
19352,5
19353,5
19354,7
19355,7
19356,5
19357,5
19358,7
19359,5
19360,5
19361,5
19362,5
19363,5
19364,5
19365,5
19366,1
19367,1
19368,4
19369,7
19370,1
19371,5
19372,5
19373,7
19374,5
19375,5
19376,5
19377,5
19378,8
19379,7
19380,7
19381,5
19382,1
19383,5
19384,5
19385,7
19386,5
19387,3
19388,5
19389,5
19390,5
19391,5
19392,5
19393,5
19394,5
19395,5
19396,5
19397,6
19398,5
19399,1
19400,5
19401,5
19402,5
19403,5
19404,7
19405,5
19406,5
19407,5
19408,4
19409,5
19410,5
19411,5
19412,5
19413,5
19414,5
19415,5
19416,5
19417,5
19418,5
19419,1
19420,5
19421,5
19422,4
19423,5
19424,5
19425,5
19426,1
19427,5
19428,2
19429,5
19430,5
19431,7
19432,5
19433,1
19434,5
19435,5
19436,5
19437,5
19438,7
19439,5
19440,3
19441,5
19442,5
19443,5
19444,7
19445,5
19446,2
19447,7
19448,5
19449,7
19450,5
19451,1
19452,5
19453,5
19454,5
19455,5
19456,5
19457,5
19458,7
19459,5
19460,5
19461,7
19462,5
19463,5
19464,5
19465,7
19466,7
19467,1
19468,5
19469,5
19470,2
19471,5
19472,5
19473,7
19474,7
19475,5
19476,5
19477,5
19478,5
19479,7
19480,5
19481,7
19482,1
19483,5
19484,5
19485,5
19486,7
19487,7
19488,7
19489,5
19490,1
19491,5
19492,5
19493,5
19494,2
19495,1
19496,2
19497,5
19498,5
19499,5
19500,5
19501,5
19502,5
19503,1
19504,7
19505,5
19506,5
19507,5
19508,5
19509,5
19510,7
19511,5
19512,5
19513,5
19514,5
19515,5
19516,7
19517,5
19518,5
19519,5
19520,5
19521,5
19522,5
19523,1
19524,5
19525,5
19526,7
19527,7
19528,5
19529,5
19530,0
19531,5
19532,7
19533,5
19534,4
19535,5
19536,5
19537,5
19538,7
19539,5
19540,7
19541,5
19542,1
19543,5
19544,5
19545,5
19546,7
19547,5
19548,7
19549,5
19550,5
19551,1
19552,5
19553,5
19554,7
19555,7
19556,7
19557,5
19558,5
19559,5
19560,7
19561,5
19562,5
19563,5
19564,5
19565,1
19566,5
19567,5
19568,5
19569,5
19570,5
19571,5
19572,5
19573,5
19574,7
19575,5
19576,5
19577,7
19578,5
19579,5
19580,5
19581,5
19582,7
19583,5
19584,5
19585,5
19586,5
19587,5
19588,5
19589,7
19590,7
19591,5
19592,5
19593,5
19594,5
19595,5
19596,5
19597,5
19598,1
19599,3
19600,5
19601,5
19602,5
19603,7
19604,1
19605,5
19606,5
19607,2
19608,7
19609,5
19610,5
19611,5
19612,5
19613,5
19614,5
19615,5
19616,3
19617,7
19618,5
19619,2
19620,7
19621,7
19622,5
19623,5
19624,5
19625,7
19626,5
19627,5
19628,5
19629,5
19630,5
19631,2
19632,5
19633,7
19634,7
19635,7
19636,1
19637,2
19638,5
19639,5
19640,5
19641,5
19642,7
19643,5
19644,5
19645,5
19646,5
19647,7
19648,1
19649,1
19650,5
19651,5
19652,5
19653,5
19654,2
19655,5
19656,5
19657,5
19658,5
19659,5
19660,7
19661,7
19662,7
19663,2
19664,5
19665,5
19666,5
19667,5
19668,5
19669,7
19670,5
19671,5
19672,7
19673,7
19674,5
19675,5
19676,5
19677,2
19678,5
19679,1
19680,2
19681,2
19682,3
19683,5
19684,5
19685,5
19686,7
19687,5
19688,5
19689,7
19690,5
19691,3
19692,7
19693,5
19694,2
19695,5
19696,5
19697,7
19698,5
19699,5
19700,5
19701,5
19702,4
19703,5
19704,2
19705,7
19706,5
19707,5
19708,5
19709,7
19710,5
19711,1
19712,5
19713,5
19714,5
19715,7
19716,1
19717,7
19718,5
19719,4
19720,7
19721,5
19722,5
19723,7
19724,5
19725,5
19726,5
19727,5
19728,5
19729,5
19730,5
19731,4
19732,1
19733,5
19734,5
19735,7
19736,7
19737,7
19738,5
19739,5
19740,5
19741,5
19742,5
19743,4
19744,7
19745,2
19746,5
19747,5
19748,5
19749,5
19750,5
19751,2
19752,5
19753,5
19754,2
19755,7
19756,7
19757,6
19758,7
19759,5
19760,5
19761,4
19762,5
19763,5
19764,5
19765,5
19766,5
19767,1
19768,5
19769,5
19770,7
19771,7
19772,7
19773,5
19774,7
19775,5
19776,5
19777,2
19778,1
19779,5
19780,5
19781,7
19782,7
19783,5
19784,5
19785,5
19786,5
19787,5
19788,5
19789,5
19790,1
19791,5
19792,7
19793,5
19794,1
19795,7
19796,5
19797,5
19798,7
19799,5
19800,7
19801,5
19802,5
19803,5
19804,7
19805,5
19806,7
19807,7
19808,5
19809,3
19810,7
19811,4
19812,5
19813,0
19814,7
19815,7
19816,7
19817,1
19818,5
19819,1
19820,2
19821,7
19822,2
19823,5
19824,5
19825,5
19826,5
19827,5
19828,5
19829,0
19830,4
19831,7
19832,4
19833,1
19834,5
19835,5
19836,5
19837,1
19838,5
19839,5
19840,7
19841,5
19842,5
19843,5
19844,5
19845,5
19846,5
19847,5
19848,5
19849,2
19850,7
19851,5
19852,5
19853,5
19854,7
19855,5
19856,5
19857,5
19858,5
19859,5
19860,7
19861,5
19862,5
19863,5
19864,7
19865,7
19866,7
19867,2
19868,5
19869,7
19870,5
19871,1
19872,5
19873,5
19874,5
19875,5
19876,7
19877,5
19878,5
19879,7
19880,5
19881,1
19882,5
19883,2
19884,5
19885,5
19886,1
19887,5
19888,5
19889,5
19890,5
19891,5
19892,5
19893,5
19894,5
19895,1
19896,5
19897,5
19898,5
19899,5
19900,5
19901,5
19902,6
19903,5
19904,5
19905,5
19906,4
19907,5
19908,2
19909,5
19910,2
19911,1
19912,7
19913,7
19914,5
19915,7
19916,7
19917,1
19918,2
19919,5
19920,4
19921,5
19922,5
19923,7
19924,5
19925,5
19926,5
19927,5
19928,2
19929,5
19930,4
19931,5
19932,5
19933,5
19934,4
19935,2
19936,5
19937,5
19938,5
19939,4
19940,1
19941,7
19942,2
19943,5
19944,2
19945,5
19946,5
19947,1
19948,7
19949,5
19950,2
19951,5
19952,1
19953,7
19954,7
19955,5
19956,5
19957,5
19958,7
19959,1
19960,5
19961,7
19962,5
19963,5
19964,5
19965,5
19966,7
19967,7
19968,7
19969,7
19970,5
19971,5
19972,7
19973,5
19974,2
19975,3
19976,5
19977,5
19978,1
19979,5
19980,5
19981,5
19982,7
19983,5
19984,5
19985,1
19986,7
19987,7
19988,5
19989,2
19990,5
19991,5
19992,4
19993,5
19994,3
19995,1
19996,7
19997,5
19998,5
19999,4
20000,5
20001,5
20002,7
20003,5
20004,5
20005,5
20006,7
20007,5
20008,1
20009,7
20010,5
20011,5
20012,5
20013,5
20014,5
20015,2
20016,5
20017,1
20018,5
20019,5
20020,1
20021,7
20022,5
20023,7
20024,5
20025,5
20026,5
20027,5
20028,2
20029,5
20030,5
20031,5
20032,5
20033,5
20034,5
20035,5
20036,7
20037,1
20038,5
20039,5
20040,5
20041,5
20042,5
20043,5
20044,5
20045,5
20046,7
20047,4
20048,4
20049,5
20050,5
20051,7
20052,5
20053,1
20054,5
20055,5
20056,5
20057,5
20058,5
20059,2
20060,7
20061,5
20062,7
20063,5
20064,5
20065,5
20066,5
20067,7
20068,5
20069,7
20070,5
20071,3
20072,5
20073,5
20074,5
20075,5
20076,5
20077,7
20078,5
20079,5
20080,5
20081,5
20082,5
20083,5
20084,5
20085,5
20086,5
20087,2
20088,7
20089,7
20090,5
20091,7
20092,5
20093,5
20094,5
20095,4
20096,7
20097,5
20098,7
20099,5
20100,5
20101,1
20102,5
20103,7
20104,5
20105,5
20106,2
20107,5
20108,3
20109,7
20110,5
20111,5
20112,3
20113,5
20114,5
20115,5
20116,5
20117,5
20118,5
20119,2
20120,7
20121,5
20122,5
20123,6
20124,5
20125,4
20126,5
20127,5
20128,7
20129,5
20130,5
20131,1
20132,5
20133,5
20134,5
20135,7
20136,5
20137,1
20138,5
20139,5
20140,4
20141,7
20142,7
20143,5
20144,5
20145,5
20146,1
20147,5
20148,1
20149,5
20150,5
20151,7
20152,5
20153,5
20154,5
20155,7
20156,5
20157,7
20158,5
20159,5
20160,6
20161,7
20162,5
20163,7
20164,7
20165,2
20166,5
20167,5
20168,7
20169,7
20170,5
20171,5
20172,7
20173,5
20174,1
20175,5
20176,5
20177,5
20178,5
20179,5
20180,5
20181,7
20182,7
20183,5
20184,5
20185,7
20186,5
20187,5
20188,7
20189,5
20190,5
20191,7
20192,7
20193,5
20194,5
20195,1
20196,7
20197,7
20198,7
20199,5
20200,1
20201,5
20202,5
20203,2
20204,7
20205,5
20206,7
20207,4
20208,5
20209,5
20210,5
20211,5
20212,7
20213,5
20214,5
20215,5
20216,5
20217,5
20218,5
20219,4
20220,5
20221,5
20222,5
20223,5
20224,5
20225,5
20226,5
20227,5
20228,5
20229,7
20230,5
20231,4
20232,5
20233,5
20234,5
20235,5
20236,7
20237,5
20238,7
20239,5
20240,5
20241,5
20242,5
20243,1
20244,5
20245,5
20246,5
20247,5
20248,5
20249,5
20250,5
20251,5
20252,5
20253,5
20254,5
20255,7
20256,5
20257,5
20258,1
20259,5
20260,5
20261,5
20262,5
20263,2
20264,5
20265,5
20266,5
20267,2
20268,5
20269,1
20270,5
20271,5
20272,5
20273,5
20274,1
20275,5
20276,5
20277,1
20278,5
20279,5
20280,5
20281,5
20282,5
20283,5
20284,7
20285,5
20286,5
20287,2
20288,5
20289,5
20290,7
20291,7
20292,5
20293,5
20294,1
20295,5
20296,5
20297,7
20298,4
20299,5
20300,7
20301,5
20302,5
20303,1
20304,5
20305,2
20306,5
20307,2
20308,5
20309,5
20310,5
20311,5
20312,0
20313,5
20314,3
20315,5
20316,5
20317,7
20318,5
20319,5
20320,5
20321,7
20322,7
20323,5
20324,4
20325,5
20326,7
20327,1
20328,5
20329,7
20330,5
20331,5
20332,1
20333,5
20334,5
20335,7
20336,7
20337,5
20338,5
20339,5
20340,5
20341,5
20342,5
20343,5
20344,5
20345,1
20346,7
20347,5
20348,5
20349,7
20350,7
20351,1
20352,5
20353,5
20354,5
20355,7
20356,5
20357,1
20358,7
20359,5
20360,7
20361,7
20362,2
20363,5
20364,5
20365,5
20366,5
20367,7
20368,5
20369,5
20370,5
20371,1
20372,5
20373,5
20374,5
20375,7
20376,5
20377,5
20378,5
20379,8
20380,5
20381,7
20382,5
20383,1
20384,7
20385,5
20386,7
20387,7
20388,5
20389,7
20390,7
20391,7
20392,2
20393,5
20394,5
20395,1
20396,5
20397,5
20398,5
20399,2
20400,5
20401,7
20402,3
20403,7
20404,5
20405,5
20406,7
20407,5
20408,5
20409,5
20410,5
20411,5
20412,5
20413,7
20414,7
20415,5
20416,5
20417,5
20418,7
20419,7
20420,5
20421,5
20422,5
20423,5
20424,1
20425,5
20426,7
20427,5
20428,5
20429,5
20430,1
20431,1
20432,2
20433,1
20434,5
20435,3
20436,5
20437,7
20438,5
20439,5
20440,5
20441,5
20442,7
20443,5
20444,2
20445,0
20446,5
20447,4
20448,5
20449,5
20450,2
20451,5
20452,7
20453,7
20454,5
20455,5
20456,5
20457,5
20458,7
20459,5
20460,5
20461,7
20462,5
20463,5
20464,5
20465,7
20466,5
20467,5
20468,5
20469,1
20470,5
20471,5
20472,7
20473,5
20474,5
20475,5
20476,4
20477,5
20478,5
20479,5
20480,1
20481,5
20482,5
20483,0
20484,5
20485,5
20486,5
20487,5
20488,4
20489,7
20490,4
20491,7
20492,5
20493,5
20494,2
20495,5
20496,5
20497,5
20498,5
20499,5
20500,5
20501,5
20502,5
20503,5
20504,7
20505,5
20506,5
20507,5
20508,3
20509,5
20510,5
20511,5
20512,5
20513,5
20514,5
20515,4
20516,5
20517,5
20518,5
20519,5
20520,5
20521,7
20522,1
20523,5
20524,5
20525,5
20526,5
20527,0
20528,7
20529,5
20530,5
20531,5
20532,5
20533,5
20534,5
20535,7
20536,7
20537,5
20538,4
20539,5
20540,1
20541,5
20542,7
20543,3
20544,5
20545,5
20546,5
20547,5
20548,5
20549,5
20550,5
20551,5
20552,5
20553,5
20554,1
20555,5
20556,5
20557,7
20558,2
20559,0
20560,5
20561,1
20562,5
20563,2
20564,5
20565,5
20566,5
20567,1
20568,5
20569,5
20570,1
20571,5
20572,5
20573,5
20574,3
20575,5
20576,5
20577,7
20578,5
20579,7
20580,5
20581,5
20582,5
20583,5
20584,2
20585,5
20586,1
20587,5
20588,5
20589,7
20590,5
20591,5
20592,1
20593,7
20594,5
20595,5
20596,5
20597,2
20598,5
20599,5
20600,5
20601,4
20602,7
20603,5
20604,7
20605,3
20606,1
20607,2
20608,7
20609,5
20610,5
20611,5
20612,1
20613,5
20614,7
20615,5
20616,5
20617,5
20618,5
20619,5
20620,5
20621,5
20622,3
20623,5
20624,5
20625,5
20626,5
20627,7
20628,7
20629,5
20630,5
20631,5
20632,5
20633,7
20634,7
20635,7
20636,5
20637,5
20638,5
20639,5
20640,5
20641,5
20642,5
20643,1
20644,7
20645,5
20646,5
20647,5
20648,7
20649,5
20650,5
20651,5
20652,5
20653,5
20654,5
20655,7
20656,7
20657,1
20658,5
20659,5
20660,5
20661,5
20662,7
20663,5
20664,5
20665,7
20666,5
20667,5
20668,5
20669,5
20670,3
20671,5
20672,2
20673,5
20674,5
20675,5
20676,7
20677,5
20678,5
20679,5
20680,5
20681,5
20682,5
20683,5
20684,5
20685,7
20686,7
20687,5
20688,5
20689,7
20690,5
20691,7
20692,5
20693,7
20694,5
20695,5
20696,5
20697,7
20698,5
20699,5
20700,5
20701,4
20702,7
20703,5
20704,5
20705,5
20706,3
20707,2
20708,5
20709,2
20710,5
20711,5
20712,2
20713,5
20714,2
20715,7
20716,5
20717,7
20718,5
20719,7
20720,5
20721,5
20722,2
20723,5
20724,5
20725,7
20726,4
20727,5
20728,1
20729,5
20730,5
20731,5
20732,7
20733,5
20734,5
20735,5
20736,5
20737,7
20738,1
20739,7
20740,7
20741,1
20742,7
20743,5
20744,5
20745,5
20746,7
20747,4
20748,2
20749,5
20750,5
20751,4
20752,5
20753,7
20754,5
20755,5
20756,2
20757,5
20758,7
20759,7
20760,5
20761,2
20762,5
20763,5
20764,7
20765,7
20766,1
20767,5
20768,5
20769,1
20770,1
20771,2
20772,5
20773,5
20774,7
20775,7
20776,5
20777,5
20778,7
20779,1
20780,5
20781,7
20782,5
20783,5
20784,5
20785,2
20786,5
20787,7
20788,5
20789,5
20790,5
20791,5
20792,5
20793,5
20794,5
20795,5
20796,5
20797,7
20798,5
20799,5
20800,7
20801,5
20802,5
20803,5
20804,5
20805,7
20806,7
20807,5
20808,3
20809,5
20810,5
20811,7
20812,5
20813,5
20814,5
20815,7
20816,5
20817,7
20818,5
20819,5
20820,7
20821,4
20822,5
20823,7
20824,5
20825,5
20826,5
20827,5
20828,5
20829,5
20830,7
20831,5
20832,7
20833,2
20834,2
20835,7
20836,7
20837,5
20838,7
20839,3
20840,7
20841,7
20842,3
20843,5
20844,5
20845,5
20846,7
20847,3
20848,5
20849,1
20850,5
20851,5
20852,1
20853,1
20854,5
20855,1
20856,5
20857,3
20858,7
20859,5
20860,7
20861,7
20862,5
20863,7
20864,5
20865,5
20866,5
20867,5
20868,5
20869,5
20870,5
20871,7
20872,7
20873,5
20874,5
20875,5
20876,3
20877,1
20878,5
20879,5
20880,7
20881,1
20882,4
20883,5
20884,5
20885,5
20886,5
20887,7
20888,1
20889,5
20890,5
20891,2
20892,7
20893,5
20894,5
20895,3
20896,5
20897,1
20898,5
20899,5
20900,5
20901,3
20902,7
20903,7
20904,7
20905,5
20906,5
20907,7
20908,7
20909,5
20910,5
20911,1
20912,5
20913,5
20914,5
20915,7
20916,5
20917,5
20918,5
20919,5
20920,5
20921,5
20922,3
20923,5
20924,7
20925,7
20926,5
20927,5
20928,5
20929,5
20930,7
20931,5
20932,5
20933,4
20934,5
20935,5
20936,7
20937,5
20938,5
20939,7
20940,2
20941,5
20942,7
20943,7
20944,4
20945,5
20946,7
20947,5
20948,5
20949,5
20950,5
20951,5
20952,7
20953,5
20954,5
20955,7
20956,5
20957,7
20958,1
20959,5
20960,5
20961,5
20962,5
20963,7
20964,5
20965,1
20966,5
20967,5
20968,5
20969,5
20970,7
20971,5
20972,5
20973,7
20974,5
20975,5
20976,5
20977,1
20978,4
20979,7
20980,5
20981,5
20982,7
20983,1
20984,5
20985,5
20986,5
20987,5
20988,5
20989,5
20990,5
20991,5
20992,5
20993,1
20994,5
20995,5
20996,5
20997,5
20998,5
20999,7
21000,2
21001,7
21002,5
21003,5
21004,5
21005,7
21006,5
21007,5
21008,5
21009,2
21010,5
21011,5
21012,5
21013,7
21014,5
21015,5
21016,1
21017,5
21018,5
21019,5
21020,5
21021,5
21022,7
21023,5
21024,7
21025,5
21026,5
21027,5
21028,5
21029,5
21030,5
21031,7
21032,5
21033,5
21034,5
21035,5
21036,5
21037,7
21038,5
21039,1
21040,5
21041,5
21042,2
21043,1
21044,5
21045,5
21046,7
21047,5
21048,7
21049,5
21050,5
21051,5
21052,7
21053,7
21054,7
21055,1
21056,5
21057,5
21058,2
21059,5
21060,5
21061,5
21062,7
21063,7
21064,5
21065,5
21066,5
21067,5
21068,5
21069,5
21070,7
21071,2
21072,5
21073,5
21074,5
21075,5
21076,5
21077,7
21078,5
21079,5
21080,5
21081,5
21082,5
21083,5
21084,5
21085,5
21086,5
21087,5
21088,5
21089,5
21090,5
21091,5
21092,7
21093,5
21094,7
21095,5
21096,5
21097,1
21098,7
21099,7
21100,7
21101,5
21102,5
21103,5
21104,2
21105,5
21106,7
21107,5
21108,7
21109,5
21110,5
21111,7
21112,5
21113,5
21114,7
21115,5
21116,5
21117,5
21118,5
21119,5
21120,7
21121,4
21122,7
21123,5
21124,7
21125,5
21126,5
21127,5
21128,5
21129,2
21130,7
21131,1
21132,5
21133,5
21134,7
21135,5
21136,2
21137,7
21138,5
21139,5
21140,5
21141,7
21142,5
21143,5
21144,5
21145,5
21146,5
21147,7
21148,5
21149,7
21150,7
21151,5
21152,5
21153,5
21154,5
21155,5
21156,5
21157,1
21158,1
21159,5
21160,5
21161,5
21162,5
21163,5
21164,5
21165,5
21166,5
21167,5
21168,5
21169,5
21170,5
21171,5
21172,0
21173,5
21174,5
21175,5
21176,5
21177,7
21178,5
21179,1
21180,5
21181,2
21182,5
21183,1
21184,2
21185,7
21186,5
21187,5
21188,7
21189,5
21190,7
21191,4
21192,5
21193,7
21194,7
21195,5
21196,7
21197,5
21198,0
21199,5
21200,5
21201,5
21202,5
21203,5
21204,5
21205,5
21206,7
21207,7
21208,5
21209,5
21210,5
21211,5
21212,5
21213,5
21214,5
21215,5
21216,7
21217,7
21218,7
21219,2
21220,5
21221,2
21222,7
21223,5
21224,5
21225,5
21226,3
21227,5
21228,5
21229,5
21230,7
21231,5
21232,7
21233,5
21234,5
21235,7
21236,5
21237,5
21238,5
21239,2
21240,5
21241,5
21242,5
21243,7
21244,7
21245,4
21246,5
21247,5
21248,5
21249,5
21250,7
21251,7
21252,7
21253,5
21254,5
21255,5
21256,5
21257,5
21258,2
21259,5
21260,5
21261,7
21262,7
21263,5
21264,5
21265,5
21266,5
21267,5
21268,7
21269,5
21270,6
21271,4
21272,5
21273,5
21274,4
21275,5
21276,5
21277,5
21278,5
21279,1
21280,5
21281,5
21282,5
21283,5
21284,5
21285,5
21286,1
21287,5
21288,5
21289,7
21290,7
21291,7
21292,5
21293,2
21294,5
21295,1
21296,5
21297,5
21298,7
21299,5
21300,5
21301,7
21302,5
21303,5
21304,5
21305,1
21306,5
21307,5
21308,7
21309,5
21310,5
21311,5
21312,1
21313,5
21314,5
21315,5
21316,5
21317,7
21318,5
21319,5
21320,5
21321,7
21322,5
21323,5
21324,5
21325,5
21326,7
21327,5
21328,7
21329,5
21330,5
21331,7
21332,5
21333,1
21334,5
21335,5
21336,5
21337,5
21338,7
21339,5
21340,5
21341,5
21342,7
21343,1
21344,3
21345,1
21346,8
21347,5
21348,5
21349,7
21350,5
21351,7
21352,2
21353,5
21354,5
21355,7
21356,5
21357,5
21358,5
21359,5
21360,2
21361,5
21362,7
21363,5
21364,3
21365,1
21366,7
21367,7
21368,1
21369,5
21370,1
21371,1
21372,5
21373,5
21374,1
21375,5
21376,1
21377,1
21378,2
21379,5
21380,5
21381,7
21382,7
21383,7
21384,5
21385,5
21386,5
21387,5
21388,5
21389,5
21390,1
21391,2
21392,5
21393,7
21394,5
21395,7
21396,7
21397,7
21398,5
21399,1
21400,7
21401,5
21402,2
21403,7
21404,5
21405,7
21406,1
21407,2
21408,7
21409,1
21410,5
21411,7
21412,5
21413,5
21414,7
21415,5
21416,5
21417,5
21418,5
21419,5
21420,5
21421,5
21422,5
21423,5
21424,5
21425,5
21426,7
21427,5
21428,5
21429,5
21430,5
21431,7
21432,5
21433,5
21434,1
21435,1
21436,5
21437,5
21438,5
21439,7
21440,7
21441,4
21442,2
21443,7
21444,7
21445,7
21446,5
21447,5
21448,5
21449,5
21450,5
21451,7
21452,5
21453,2
21454,5
21455,5
21456,5
21457,5
21458,2
21459,7
21460,8
21461,5
21462,4
21463,5
21464,5
21465,5
21466,5
21467,5
21468,5
21469,7
21470,3
21471,5
21472,5
21473,5
21474,5
21475,5
21476,5
21477,7
21478,7
21479,5
21480,1
21481,5
21482,5
21483,5
21484,5
21485,5
21486,5
21487,5
21488,5
21489,0
21490,0
21491,7
21492,5
21493,5
21494,3
21495,2
21496,5
21497,2
21498,5
21499,2
21500,5
21501,5
21502,5
21503,5
21504,7
21505,1
21506,7
21507,3
21508,3
21509,5
21510,7
21511,7
21512,5
21513,7
21514,4
21515,7
21516,2
21517,5
21518,5
21519,5
21520,2
21521,5
21522,7
21523,5
21524,5
21525,7
21526,0
21527,2
21528,5
21529,5
21530,5
21531,2
21532,5
21533,7
21534,5
21535,1
21536,5
21537,5
21538,0
21539,5
21540,5
21541,5
21542,5
21543,7
21544,5
21545,5
21546,5
21547,7
21548,5
21549,5
21550,7
21551,5
21552,7
21553,5
21554,5
21555,5
21556,5
21557,5
21558,5
21559,5
21560,7
21561,5
21562,4
21563,7
21564,5
21565,1
21566,5
21567,2
21568,7
21569,7
21570,2
21571,5
21572,1
21573,5
21574,2
21575,5
21576,5
21577,5
21578,5
21579,5
21580,7
21581,5
21582,4
21583,5
21584,5
21585,5
21586,5
21587,5
21588,5
21589,7
21590,7
21591,5
21592,5
21593,5
21594,5
21595,5
21596,7
21597,7
21598,5
21599,5
21600,5
21601,2
21602,7
21603,2
21604,7
21605,7
21606,1
21607,7
21608,4
21609,1
21610,5
21611,2
21612,7
21613,5
21614,5
21615,7
21616,5
21617,5
21618,5
21619,7
21620,5
21621,5
21622,2
21623,5
21624,5
21625,5
21626,5
21627,5
21628,4
21629,4
21630,5
21631,2
21632,5
21633,5
21634,5
21635,7
21636,7
21637,5
21638,5
21639,7
21640,5
21641,5
21642,5
21643,5
21644,5
21645,5
21646,5
21647,7
21648,5
21649,5
21650,5
21651,5
21652,5
21653,7
21654,5
21655,5
21656,5
21657,5
21658,5
21659,5
21660,5
21661,5
21662,5
21663,7
21664,7
21665,3
21666,6
21667,5
21668,5
21669,1
21670,7
21671,5
21672,5
21673,5
21674,5
21675,5
21676,5
21677,5
21678,7
21679,5
21680,5
21681,5
21682,4
21683,5
21684,5
21685,5
21686,5
21687,5
21688,5
21689,7
21690,7
21691,7
21692,2
21693,7
21694,5
21695,7
21696,5
21697,7
21698,5
21699,5
21700,7
21701,7
21702,5
21703,4
21704,7
21705,5
21706,5
21707,5
21708,7
21709,5
21710,5
21711,7
21712,2
21713,5
21714,5
21715,7
21716,5
21717,3
21718,7
21719,5
21720,5
21721,7
21722,1
21723,5
21724,7
21725,7
21726,5
21727,5
21728,5
21729,5
21730,2
21731,7
21732,7
21733,5
21734,5
21735,1
21736,1
21737,7
21738,5
21739,5
21740,1
21741,5
21742,7
21743,2
21744,2
21745,5
21746,1
21747,1
21748,5
21749,5
21750,5
21751,4
21752,5
21753,5
21754,7
21755,5
21756,5
21757,2
21758,5
21759,5
21760,7
21761,1
21762,5
21763,5
21764,7
21765,7
21766,5
21767,5
21768,5
21769,5
21770,5
21771,5
21772,4
21773,5
21774,3
21775,5
21776,6
21777,5
21778,5
21779,2
21780,5
21781,5
21782,5
21783,7
21784,5
21785,5
21786,1
21787,1
21788,1
21789,5
21790,5
21791,1
21792,5
21793,5
21794,5
21795,1
21796,5
21797,1
21798,5
21799,5
21800,5
21801,0
21802,8
21803,5
21804,5
21805,5
21806,5
21807,7
21808,5
21809,2
21810,2
21811,2
21812,7
21813,5
21814,5
21815,5
21816,1
21817,5
21818,4
21819,5
21820,5
21821,7
21822,5
21823,5
21824,5
21825,7
21826,7
21827,1
21828,2
21829,5
21830,5
21831,7
21832,5
21833,7
21834,5
21835,5
21836,5
21837,1
21838,5
21839,7
21840,5
21841,5
21842,4
21843,2
21844,5
21845,5
21846,5
21847,2
21848,7
21849,7
21850,5
21851,5
21852,5
21853,1
21854,5
21855,5
21856,5
21857,5
21858,5
21859,2
21860,1
21861,5
21862,7
21863,7
21864,7
21865,5
21866,5
21867,5
21868,5
21869,7
21870,5
21871,5
21872,3
21873,5
21874,5
21875,7
21876,1
21877,4
21878,5
21879,5
21880,0
21881,5
21882,5
21883,5
21884,4
21885,7
21886,1
21887,7
21888,7
21889,5
21890,7
21891,5
21892,5
21893,5
21894,5
21895,5
21896,2
21897,5
21898,0
21899,1
21900,7
21901,5
21902,5
21903,7
21904,5
21905,5
21906,7
21907,5
21908,1
21909,5
21910,7
21911,7
21912,4
21913,1
21914,3
21915,5
21916,5
21917,5
21918,7
21919,2
21920,5
21921,7
21922,5
21923,5
21924,1
21925,5
21926,5
21927,5
21928,5
21929,5
21930,5
21931,5
21932,1
21933,5
21934,5
21935,5
21936,1
21937,1
21938,5
21939,2
21940,5
21941,2
21942,1
21943,1
21944,5
21945,5
21946,1
21947,5
21948,5
21949,7
21950,1
21951,7
21952,7
21953,5
21954,1
21955,5
21956,5
21957,5
21958,5
21959,5
21960,7
21961,1
21962,7
21963,4
21964,5
21965,2
21966,5
21967,5
21968,1
21969,5
21970,5
21971,5
21972,5
21973,7
21974,5
21975,5
21976,5
21977,5
21978,3
21979,4
21980,5
21981,5
21982,7
21983,6
21984,5
21985,7
21986,5
21987,5
21988,5
21989,7
21990,1
21991,5
21992,5
21993,2
21994,5
21995,5
21996,5
21997,5
21998,5
21999,1
22000,5
22001,5
22002,5
22003,5
22004,5
22005,5
22006,7
22007,5
22008,5
22009,5
22010,5
22011,5
22012,5
22013,5
22014,5
22015,5
22016,5
22017,5
22018,5
22019,5
22020,7
22021,5
22022,5
22023,5
22024,2
22025,7
22026,5
22027,5
22028,5
22029,2
22030,7
22031,2
22032,5
22033,7
22034,7
22035,5
22036,7
22037,7
22038,4
22039,5
22040,7
22041,7
22042,5
22043,5
22044,5
22045,5
22046,7
22047,7
22048,7
22049,2
22050,5
22051,5
22052,2
22053,5
22054,5
22055,5
22056,5
22057,5
22058,5
22059,7
22060,7
22061,5
22062,1
22063,5
22064,5
22065,7
22066,7
22067,5
22068,5
22069,2
22070,7
22071,1
22072,5
22073,4
22074,5
22075,5
22076,5
22077,7
22078,2
22079,1
22080,7
22081,2
22082,3
22083,5
22084,5
22085,2
22086,5
22087,5
22088,7
22089,5
22090,5
22091,5
22092,5
22093,2
22094,5
22095,1
22096,5
22097,2
22098,7
22099,5
22100,1
22101,5
22102,7
22103,5
22104,7
22105,7
22106,7
22107,1
22108,5
22109,7
22110,2
22111,7
22112,5
22113,5
22114,2
22115,5
22116,7
22117,5
22118,7
22119,1
22120,1
22121,7
22122,5
22123,5
22124,5
22125,7
22126,7
22127,5
22128,7
22129,1
22130,7
22131,5
22132,7
22133,5
22134,1
22135,7
22136,5
22137,7
22138,5
22139,7
22140,7
22141,5
22142,1
22143,1
22144,4
22145,7
22146,1
22147,5
22148,5
22149,5
22150,5
22151,1
22152,7
22153,5
22154,7
22155,7
22156,2
22157,5
22158,1
22159,5
22160,7
22161,7
22162,7
22163,7
22164,1
22165,5
22166,7
22167,5
22168,5
22169,5
22170,5
22171,5
22172,5
22173,5
22174,7
22175,5
22176,7
22177,5
22178,5
22179,5
22180,5
22181,7
22182,5
22183,7
22184,3
22185,5
22186,5
22187,2
22188,5
22189,5
22190,5
22191,2
22192,5
22193,5
22194,5
22195,5
22196,4
22197,1
22198,7
22199,5
22200,6
22201,4
22202,5
22203,7
22204,5
22205,5
22206,1
22207,7
22208,5
22209,5
22210,5
22211,7
22212,5
22213,5
22214,5
22215,5
22216,7
22217,5
22218,5
22219,7
22220,7
22221,2
22222,5
22223,5
22224,5
22225,5
22226,1
22227,5
22228,5
22229,5
22230,7
22231,5
22232,5
22233,5
22234,5
22235,5
22236,7
22237,7
22238,7
22239,7
22240,5
22241,5
22242,7
22243,3
22244,5
22245,5
22246,7
22247,7
22248,5
22249,5
22250,7
22251,7
22252,1
22253,1
22254,8
22255,2
22256,7
22257,7
22258,7
22259,1
22260,5
22261,7
22262,5
22263,5
22264,5
22265,5
22266,5
22267,5
22268,5
22269,1
22270,5
22271,5
22272,1
22273,5
22274,5
22275,5
22276,5
22277,5
22278,1
22279,5
22280,5
22281,5
22282,1
22283,5
22284,6
22285,7
22286,3
22287,5
22288,5
22289,5
22290,5
22291,7
22292,5
22293,0
22294,5
22295,5
22296,5
22297,5
22298,5
22299,1
22300,1
22301,5
22302,5
22303,5
22304,7
22305,5
22306,7
22307,7
22308,5
22309,5
22310,5
22311,5
22312,1
22313,7
22314,7
22315,2
22316,5
22317,2
22318,1
22319,5
22320,5
22321,5
22322,5
22323,5
22324,5
22325,2
22326,1
22327,5
22328,5
22329,1
22330,5
22331,4
22332,5
22333,5
22334,5
22335,5
22336,5
22337,5
22338,5
22339,5
22340,2
22341,5
22342,5
22343,7
22344,7
22345,7
22346,5
22347,5
22348,5
22349,5
22350,5
22351,5
22352,5
22353,2
22354,4
22355,1
22356,5
22357,4
22358,5
22359,7
22360,5
22361,2
22362,5
22363,7
22364,5
22365,5
22366,7
22367,5
22368,5
22369,5
22370,7
22371,5
22372,7
22373,2
22374,1
22375,7
22376,5
22377,5
22378,5
22379,5
22380,5
22381,2
22382,5
22383,5
22384,5
22385,5
22386,2
22387,1
22388,6
22389,5
22390,5
22391,7
22392,5
22393,5
22394,5
22395,5
22396,3
22397,5
22398,5
22399,5
22400,1
22401,7
22402,1
22403,7
22404,1
22405,5
22406,5
22407,5
22408,5
22409,7
22410,5
22411,7
22412,5
22413,5
22414,3
22415,5
22416,7
22417,5
22418,5
22419,5
22420,7
22421,5
22422,5
22423,7
22424,5
22425,5
22426,7
22427,2
22428,5
22429,4
22430,3
22431,5
22432,5
22433,5
22434,7
22435,4
22436,7
22437,5
22438,5
22439,5
22440,2
22441,5
22442,7
22443,5
22444,5
22445,7
22446,7
22447,7
22448,5
22449,5
22450,1
22451,7
22452,5
22453,5
22454,5
22455,5
22456,5
22457,5
22458,5
22459,7
22460,5
22461,7
22462,1
22463,5
22464,7
22465,7
22466,5
22467,4
22468,5
22469,5
22470,1
22471,5
22472,5
22473,2
22474,5
22475,5
22476,5
22477,1
22478,5
22479,5
22480,5
22481,7
22482,5
22483,5
22484,5
22485,7
22486,5
22487,5
22488,7
22489,4
22490,7
22491,2
22492,5
22493,5
22494,5
22495,5
22496,7
22497,7
22498,7
22499,5
22500,5
22501,2
22502,5
22503,5
22504,5
22505,5
22506,2
22507,5
22508,5
22509,7
22510,4
22511,5
22512,7
22513,5
22514,5
22515,5
22516,5
22517,6
22518,5
22519,5
22520,5
22521,2
22522,2
22523,7
22524,5
22525,5
22526,5
22527,7
22528,5
22529,5
22530,5
22531,5
22532,5
22533,7
22534,5
22535,5
22536,5
22537,6
22538,1
22539,5
22540,5
22541,5
22542,7
22543,5
22544,1
22545,5
22546,7
22547,5
22548,5
22549,5
22550,5
22551,5
22552,7
22553,5
22554,1
22555,5
22556,5
22557,5
22558,5
22559,7
22560,5
22561,6
22562,5
22563,1
22564,5
22565,5
22566,5
22567,5
22568,7
22569,1
22570,5
22571,5
22572,5
22573,7
22574,3
22575,5
22576,7
22577,5
22578,4
22579,5
22580,5
22581,5
22582,7
22583,5
22584,5
22585,2
22586,7
22587,2
22588,5
22589,5
22590,5
22591,5
22592,5
22593,7
22594,5
22595,5
22596,7
22597,5
22598,5
22599,5
22600,5
22601,5
22602,1
22603,5
22604,7
22605,5
22606,7
22607,5
22608,5
22609,5
22610,5
22611,5
22612,5
22613,5
22614,7
22615,5
22616,5
22617,7
22618,5
22619,5
22620,5
22621,7
22622,5
22623,5
22624,5
22625,5
22626,2
22627,7
22628,5
22629,5
22630,5
22631,1
22632,1
22633,7
22634,2
22635,1
22636,5
22637,5
22638,1
22639,5
22640,5
22641,1
22642,5
22643,7
22644,5
22645,0
22646,5
22647,5
22648,7
22649,4
22650,2
22651,7
22652,1
22653,5
22654,5
22655,5
22656,3
22657,5
22658,5
22659,1
22660,5
22661,5
22662,7
22663,5
22664,7
22665,5
22666,5
22667,7
22668,5
22669,5
22670,5
22671,1
22672,7
22673,5
22674,2
22675,7
22676,2
22677,5
22678,5
22679,1
22680,1
22681,5
22682,7
22683,1
22684,7
22685,5
22686,7
22687,5
22688,5
22689,2
22690,5
22691,2
22692,5
22693,5
22694,2
22695,5
22696,5
22697,5
22698,7
22699,7
22700,2
22701,5
22702,5
22703,5
22704,5
22705,3
22706,5
22707,5
22708,5
22709,7
22710,5
22711,5
22712,7
22713,7
22714,5
22715,7
22716,5
22717,7
22718,5
22719,5
22720,1
22721,1
22722,5
22723,7
22724,5
22725,5
22726,5
22727,3
22728,5
22729,5
22730,7
22731,5
22732,7
22733,5
22734,5
22735,5
22736,5
22737,7
22738,5
22739,7
22740,5
22741,2
22742,4
22743,5
22744,5
22745,7
22746,5
22747,5
22748,5
22749,5
22750,5
22751,5
22752,5
22753,7
22754,5
22755,5
22756,7
22757,1
22758,5
22759,2
22760,5
22761,5
22762,5
22763,7
22764,5
22765,7
22766,5
22767,5
22768,5
22769,7
22770,1
22771,7
22772,7
22773,5
22774,5
22775,5
22776,5
22777,7
22778,5
22779,5
22780,5
22781,5
22782,7
22783,7
22784,5
22785,5
22786,5
22787,7
22788,1
22789,5
22790,5
22791,5
22792,5
22793,7
22794,5
22795,5
22796,5
22797,2
22798,5
22799,7
22800,5
22801,5
22802,5
22803,5
22804,5
22805,5
22806,5
22807,5
22808,5
22809,5
22810,5
22811,5
22812,5
22813,5
22814,5
22815,5
22816,5
22817,1
22818,5
22819,4
22820,5
22821,5
22822,5
22823,5
22824,4
22825,5
22826,5
22827,7
22828,5
22829,5
22830,7
22831,5
22832,5
22833,5
22834,5
22835,7
22836,5
22837,5
22838,5
22839,1
22840,7
22841,2
22842,2
22843,1
22844,5
22845,5
22846,7
22847,5
22848,5
22849,7
22850,7
22851,2
22852,5
22853,5
22854,5
22855,5
22856,5
22857,5
22858,1
22859,5
22860,4
22861,1
22862,5
22863,0
22864,5
22865,7
22866,5
22867,1
22868,1
22869,7
22870,5
22871,5
22872,5
22873,5
22874,5
22875,5
22876,7
22877,7
22878,5
22879,1
22880,5
22881,5
22882,5
22883,7
22884,5
22885,5
22886,5
22887,7
22888,7
22889,5
22890,5
22891,7
22892,5
22893,5
22894,1
22895,7
22896,5
22897,5
22898,5
22899,7
22900,5
22901,2
22902,5
22903,4
22904,5
22905,7
22906,5
22907,5
22908,5
22909,5
22910,1
22911,7
22912,5
22913,5
22914,5
22915,7
22916,5
22917,7
22918,5
22919,5
22920,5
22921,2
22922,5
22923,5
22924,5
22925,7
22926,7
22927,5
22928,1
22929,4
22930,1
22931,5
22932,2
22933,5
22934,5
22935,5
22936,5
22937,5
22938,5
22939,5
22940,5
22941,5
22942,5
22943,5
22944,7
22945,5
22946,5
22947,5
22948,5
22949,5
22950,5
22951,5
22952,5
22953,2
22954,5
22955,7
22956,7
22957,5
22958,5
22959,5
22960,1
22961,5
22962,1
22963,5
22964,5
22965,7
22966,4
22967,7
22968,5
22969,1
22970,5
22971,5
22972,7
22973,5
22974,5
22975,5
22976,2
22977,5
22978,5
22979,5
22980,5
22981,6
22982,5
22983,5
22984,5
22985,3
22986,7
22987,5
22988,1
22989,5
22990,5
22991,5
22992,2
22993,5
22994,7
22995,5
22996,5
22997,7
22998,5
22999,5
23000,5
23001,5
23002,5
23003,7
23004,4
23005,2
23006,5
23007,5
23008,5
23009,7
23010,5
23011,5
23012,7
23013,5
23014,7
23015,5
23016,5
23017,5
23018,6
23019,5
23020,5
23021,5
23022,5
23023,1
23024,5
23025,7
23026,7
23027,5
23028,7
23029,7
23030,3
23031,5
23032,3
23033,5
23034,5
23035,5
23036,7
23037,5
23038,7
23039,7
23040,5
23041,5
23042,5
23043,5
23044,7
23045,2
23046,6
23047,4
23048,5
23049,4
23050,7
23051,1
23052,1
23053,2
23054,5
23055,5
23056,1
23057,5
23058,7
23059,7
23060,5
23061,1
23062,3
23063,5
23064,2
23065,5
23066,5
23067,5
23068,5
23069,5
23070,5
23071,5
23072,5
23073,1
23074,5
23075,5
23076,5
23077,3
23078,7
23079,2
23080,5
23081,5
23082,1
23083,1
23084,5
23085,5
23086,5
23087,7
23088,2
23089,5
23090,7
23091,5
23092,5
23093,6
23094,5
23095,2
23096,5
23097,5
23098,7
23099,5
23100,5
23101,5
23102,7
23103,7
23104,3
23105,5
23106,5
23107,1
23108,5
23109,5
23110,5
23111,1
23112,3
23113,2
23114,5
23115,5
23116,7
23117,5
23118,5
23119,7
23120,5
23121,5
23122,5
23123,7
23124,5
23125,5
23126,1
23127,5
23128,7
23129,5
23130,1
23131,5
23132,5
23133,7
23134,5
23135,5
23136,5
23137,5
23138,1
23139,7
23140,1
23141,1
23142,5
23143,5
23144,7
23145,7
23146,5
23147,3
23148,5
23149,7
23150,5
23151,7
23152,2
23153,5
23154,5
23155,1
23156,5
23157,7
23158,5
23159,7
23160,2
23161,5
23162,5
23163,7
23164,1
23165,5
23166,5
23167,3
23168,7
23169,5
23170,5
23171,5
23172,5
23173,2
23174,1
23175,5
23176,2
23177,5
23178,5
23179,5
23180,7
23181,5
23182,2
23183,5
23184,7
23185,6
23186,5
23187,5
23188,5
23189,5
23190,5
23191,5
23192,1
23193,7
23194,2
23195,7
23196,5
23197,4
23198,7
23199,5
23200,5
23201,5
23202,7
23203,2
23204,5
23205,5
23206,7
23207,7
23208,5
23209,7
23210,0
23211,7
23212,5
23213,5
23214,4
23215,5
23216,3
23217,5
23218,5
23219,5
23220,5
23221,1
23222,5
23223,7
23224,5
23225,5
23226,5
23227,5
23228,5
23229,5
23230,5
23231,3
23232,5
23233,7
23234,2
23235,7
23236,5
23237,5
23238,5
23239,4
23240,7
23241,4
23242,1
23243,7
23244,5
23245,7
23246,1
23247,5
23248,7
23249,7
23250,5
23251,4
23252,5
23253,5
23254,5
23255,5
23256,1
23257,5
23258,5
23259,5
23260,7
23261,5
23262,7
23263,5
23264,5
23265,5
23266,5
23267,7
23268,2
23269,7
23270,5
23271,5
23272,7
23273,5
23274,7
23275,7
23276,2
23277,5
23278,5
23279,5
23280,5
23281,5
23282,4
23283,5
23284,2
23285,7
23286,7
23287,1
23288,7
23289,5
23290,5
23291,7
23292,5
23293,5
23294,7
23295,7
23296,5
23297,5
23298,7
23299,5
23300,5
23301,7
23302,5
23303,5
23304,5
23305,1
23306,5
23307,5
23308,5
23309,5
23310,7
23311,7
23312,7
23313,5
23314,5
23315,5
23316,5
23317,5
23318,7
23319,7
23320,5
23321,5
23322,5
23323,5
23324,5
23325,5
23326,5
23327,5
23328,5
23329,2
23330,5
23331,5
23332,1
23333,7
23334,7
23335,5
23336,5
23337,7
23338,5
23339,5
23340,5
23341,7
23342,5
23343,7
23344,5
23345,5
23346,5
23347,5
23348,5
23349,7
23350,5
23351,5
23352,5
23353,1
23354,5
23355,5
23356,5
23357,5
23358,1
23359,5
23360,1
23361,7
23362,5
23363,5
23364,5
23365,1
23366,5
23367,1
23368,2
23369,7
23370,5
23371,5
23372,7
23373,5
23374,5
23375,5
23376,5
23377,5
23378,5
23379,5
23380,5
23381,2
23382,3
23383,5
23384,5
23385,5
23386,3
23387,5
23388,5
23389,5
23390,5
23391,1
23392,5
23393,5
23394,5
23395,5
23396,5
23397,5
23398,2
23399,7
23400,5
23401,7
23402,5
23403,5
23404,5
23405,7
23406,5
23407,5
23408,5
23409,3
23410,7
23411,1
23412,5
23413,2
23414,7
23415,5
23416,5
23417,1
23418,5
23419,5
23420,5
23421,7
23422,5
23423,7
23424,5
23425,7
23426,4
23427,5
23428,1
23429,5
23430,2
23431,3
23432,5
23433,5
23434,5
23435,5
23436,5
23437,7
23438,1
23439,5
23440,1
23441,2
23442,5
23443,4
23444,5
23445,5
23446,1
23447,5
23448,5
23449,7
23450,1
23451,5
23452,5
23453,5
23454,5
23455,5
23456,2
23457,0
23458,5
23459,5
23460,5
23461,5
23462,7
23463,1
23464,7
23465,2
23466,5
23467,5
23468,7
23469,5
23470,5
23471,7
23472,5
23473,5
23474,5
23475,1
23476,5
23477,5
23478,5
23479,5
23480,5
23481,5
23482,5
23483,5
23484,5
23485,5
23486,7
23487,5
23488,1
23489,5
23490,5
23491,5
23492,5
23493,5
23494,7
23495,5
23496,5
23497,0
23498,5
23499,2
23500,5
23501,5
23502,5
23503,5
23504,5
23505,5
23506,5
23507,5
23508,5
23509,5
23510,5
23511,5
23512,5
23513,7
23514,5
23515,5
23516,7
23517,7
23518,5
23519,4
23520,5
23521,5
23522,5
23523,5
23524,7
23525,5
23526,5
23527,5
23528,1
23529,7
23530,5
23531,1
23532,5
23533,7
23534,7
23535,7
23536,1
23537,5
23538,7
23539,5
23540,5
23541,5
23542,1
23543,7
23544,5
23545,5
23546,5
23547,5
23548,2
23549,5
23550,5
23551,5
23552,4
23553,5
23554,5
23555,7
23556,5
23557,7
23558,5
23559,7
23560,1
23561,2
23562,5
23563,5
23564,3
23565,5
23566,5
23567,7
23568,2
23569,5
23570,5
23571,5
23572,2
23573,5
23574,4
23575,5
23576,7
23577,2
23578,5
23579,7
23580,2
23581,5
23582,1
23583,5
23584,5
23585,5
23586,5
23587,1
23588,5
23589,5
23590,5
23591,5
23592,5
23593,7
23594,7
23595,4
23596,5
23597,5
23598,5
23599,1
23600,1
23601,5
23602,6
23603,5
23604,5
23605,5
23606,5
23607,5
23608,2
23609,5
23610,5
23611,5
23612,7
23613,5
23614,3
23615,5
23616,5
23617,5
23618,5
23619,5
23620,5
23621,1
23622,5
23623,5
23624,5
23625,2
23626,5
23627,5
23628,7
23629,2
23630,5
23631,5
23632,5
23633,5
23634,7
23635,5
23636,5
23637,5
23638,5
23639,5
23640,5
23641,5
23642,4
23643,5
23644,5
23645,5
23646,5
23647,1
23648,5
23649,5
23650,5
23651,7
23652,5
23653,5
23654,5
23655,4
23656,5
23657,2
23658,7
23659,5
23660,5
23661,5
23662,5
23663,5
23664,5
23665,5
23666,5
23667,5
23668,5
23669,5
23670,5
23671,5
23672,5
23673,5
23674,5
23675,5
23676,5
23677,5
23678,5
23679,1
23680,2
23681,7
23682,5
23683,5
23684,5
23685,5
23686,5
23687,7
23688,5
23689,5
23690,7
23691,2
23692,5
23693,7
23694,5
23695,4
23696,5
23697,5
23698,5
23699,1
23700,5
23701,5
23702,5
23703,1
23704,5
23705,1
23706,7
23707,5
23708,5
23709,1
23710,1
23711,4
23712,5
23713,6
23714,7
23715,5
23716,5
23717,7
23718,7
23719,1
23720,7
23721,1
23722,5
23723,5
23724,5
23725,7
23726,7
23727,7
23728,5
23729,5
23730,7
23731,7
23732,5
23733,3
23734,5
23735,5
23736,7
23737,5
23738,5
23739,7
23740,5
23741,1
23742,4
23743,7
23744,5
23745,5
23746,5
23747,5
23748,7
23749,1
23750,5
23751,7
23752,5
23753,5
23754,5
23755,5
23756,5
23757,2
23758,7
23759,5
23760,5
23761,5
23762,5
23763,7
23764,7
23765,7
23766,7
23767,7
23768,7
23769,5
23770,5
23771,5
23772,5
23773,1
23774,2
23775,5
23776,7
23777,5
23778,5
23779,5
23780,5
23781,5
23782,7
23783,7
23784,5
23785,2
23786,1
23787,5
23788,5
23789,5
23790,1
23791,7
23792,5
23793,5
23794,1
23795,5
23796,5
23797,7
23798,5
23799,5
23800,2
23801,0
23802,2
23803,5
23804,5
23805,5
23806,5
23807,5
23808,2
23809,5
23810,5
23811,7
23812,5
23813,7
23814,5
23815,5
23816,7
23817,5
23818,5
23819,2
23820,5
23821,5
23822,2
23823,5
23824,5
23825,7
23826,2
23827,1
23828,5
23829,2
23830,5
23831,5
23832,5
23833,5
23834,5
23835,1
23836,5
23837,5
23838,5
23839,5
23840,5
23841,5
23842,5
23843,5
23844,7
23845,5
23846,5
23847,5
23848,4
23849,5
23850,5
23851,7
23852,3
23853,5
23854,5
23855,5
23856,5
23857,5
23858,7
23859,3
23860,1
23861,5
23862,5
23863,7
23864,5
23865,5
23866,5
23867,4
23868,5
23869,5
23870,5
23871,7
23872,7
23873,5
23874,5
23875,5
23876,5
23877,5
23878,5
23879,5
23880,5
23881,2
23882,5
23883,2
23884,7
23885,5
23886,5
23887,5
23888,5
23889,5
23890,4
23891,5
23892,5
23893,5
23894,1
23895,5
23896,7
23897,7
23898,4
23899,7
23900,5
23901,5
23902,5
23903,5
23904,2
23905,5
23906,7
23907,5
23908,1
23909,5
23910,5
23911,5
23912,5
23913,5
23914,5
23915,5
23916,5
23917,5
23918,5
23919,2
23920,5
23921,5
23922,7
23923,5
23924,7
23925,5
23926,5
23927,1
23928,3
23929,5
23930,7
23931,5
23932,5
23933,5
23934,5
23935,7
23936,5
23937,5
23938,5
23939,5
23940,5
23941,5
23942,5
23943,2
23944,7
23945,5
23946,7
23947,7
23948,5
23949,2
23950,7
23951,5
23952,5
23953,5
23954,5
23955,5
23956,5
23957,5
23958,5
23959,5
23960,5
23961,5
23962,1
23963,5
23964,5
23965,5
23966,7
23967,5
23968,5
23969,5
23970,7
23971,5
23972,5
23973,5
23974,7
23975,7
23976,5
23977,5
23978,5
23979,5
23980,5
23981,5
23982,5
23983,5
23984,7
23985,5
23986,5
23987,5
23988,5
23989,5
23990,7
23991,5
23992,5
23993,3
23994,2
23995,5
23996,7
23997,5
23998,5
23999,5
24000,1
24001,7
24002,5
24003,7
24004,7
24005,7
24006,7
24007,5
24008,2
24009,5
24010,5
24011,1
24012,1
24013,5
24014,1
24015,5
24016,5
24017,1
24018,2
24019,5
24020,5
24021,7
24022,5
24023,5
24024,5
24025,5
24026,7
24027,5
24028,5
24029,7
24030,7
24031,6
24032,2
24033,5
24034,5
24035,5
24036,3
24037,5
24038,5
24039,1
24040,5
24041,7
24042,7
24043,5
24044,5
24045,5
24046,7
24047,1
24048,1
24049,3
24050,1
24051,5
24052,5
24053,2
24054,7
24055,5
24056,5
24057,5
24058,5
24059,7
24060,5
24061,2
24062,5
24063,7
24064,2
24065,5
24066,7
24067,5
24068,5
24069,5
24070,5
24071,5
24072,1
24073,5
24074,5
24075,5
24076,7
24077,1
24078,5
24079,7
24080,5
24081,2
24082,5
24083,2
24084,1
24085,7
24086,5
24087,1
24088,5
24089,1
24090,2
24091,2
24092,5
24093,1
24094,5
24095,5
24096,1
24097,5
24098,5
24099,5
24100,5
24101,5
24102,5
24103,5
24104,5
24105,5
24106,5
24107,5
24108,7
24109,4
24110,5
24111,7
24112,1
24113,5
24114,5
24115,5
24116,5
24117,5
24118,5
24119,5
24120,5
24121,7
24122,5
24123,5
24124,5
24125,7
24126,7
24127,5
24128,5
24129,2
24130,3
24131,7
24132,5
24133,5
24134,7
24135,5
24136,5
24137,5
24138,2
24139,5
24140,5
24141,7
24142,7
24143,5
24144,5
24145,7
24146,5
24147,7
24148,5
24149,5
24150,5
24151,5
24152,7
24153,5
24154,5
24155,5
24156,5
24157,7
24158,7
24159,5
24160,5
24161,2
24162,1
24163,5
24164,2
24165,5
24166,5
24167,5
24168,7
24169,5
24170,7
24171,5
24172,7
24173,1
24174,5
24175,7
24176,7
24177,5
24178,1
24179,5
24180,5
24181,5
24182,7
24183,5
24184,5
24185,7
24186,7
24187,5
24188,7
24189,5
24190,5
24191,5
24192,5
24193,5
24194,5
24195,5
24196,7
24197,2
24198,7
24199,5
24200,5
24201,5
24202,7
24203,1
24204,5
24205,7
24206,5
24207,4
24208,5
24209,5
24210,5
24211,5
24212,7
24213,5
24214,7
24215,5
24216,5
24217,5
24218,5
24219,5
24220,1
24221,5
24222,4
24223,1
24224,5
24225,5
24226,7
24227,5
24228,5
24229,5
24230,5
24231,5
24232,5
24233,5
24234,5
24235,3
24236,7
24237,5
24238,5
24239,7
24240,5
24241,5
24242,5
24243,5
24244,5
24245,5
24246,5
24247,5
24248,5
24249,5
24250,5
24251,5
24252,5
24253,5
24254,5
24255,5
24256,5
24257,7
24258,5
24259,5
24260,7
24261,5
24262,2
24263,5
24264,5
24265,5
24266,7
24267,2
24268,5
24269,5
24270,7
24271,7
24272,5
24273,5
24274,5
24275,5
24276,7
24277,5
24278,5
24279,5
24280,3
24281,5
24282,5
24283,5
24284,5
24285,7
24286,5
24287,4
24288,2
24289,5
24290,7
24291,5
24292,5
24293,5
24294,5
24295,5
24296,5
24297,5
24298,5
24299,1
24300,5
24301,5
24302,5
24303,7
24304,5
24305,7
24306,5
24307,2
24308,7
24309,1
24310,1
24311,5
24312,5
24313,5
24314,5
24315,5
24316,6
24317,5
24318,5
24319,1
24320,7
24321,3
24322,1
24323,7
24324,5
24325,7
24326,5
24327,5
24328,5
24329,7
24330,5
24331,5
24332,7
24333,7
24334,1
24335,5
24336,5
24337,7
24338,7
24339,4
24340,5
24341,5
24342,3
24343,7
24344,5
24345,5
24346,0
24347,5
24348,4
24349,5
24350,5
24351,5
24352,5
24353,5
24354,7
24355,7
24356,5
24357,5
24358,5
24359,5
24360,7
24361,1
24362,2
24363,7
24364,1
24365,4
24366,7
24367,5
24368,5
24369,5
24370,5
24371,7
24372,7
24373,5
24374,5
24375,7
24376,7
24377,5
24378,7
24379,5
24380,4
24381,5
24382,5
24383,5
24384,5
24385,1
24386,5
24387,5
24388,2
24389,2
24390,5
24391,5
24392,5
24393,5
24394,5
24395,7
24396,7
24397,5
24398,5
24399,5
24400,3
24401,5
24402,5
24403,7
24404,7
24405,5
24406,5
24407,5
24408,5
24409,5
24410,5
24411,5
24412,7
24413,5
24414,3
24415,3
24416,5
24417,2
24418,1
24419,5
24420,5
24421,2
24422,5
24423,5
24424,1
24425,5
24426,7
24427,7
24428,5
24429,6
24430,5
24431,5
24432,1
24433,5
24434,2
24435,5
24436,7
24437,2
24438,1
24439,1
24440,2
24441,5
24442,5
24443,2
24444,5
24445,5
24446,6
24447,7
24448,1
24449,7
24450,1
24451,5
24452,5
24453,0
24454,5
24455,7
24456,5
24457,5
24458,1
24459,1
24460,4
24461,5
24462,7
24463,7
24464,5
24465,5
24466,5
24467,2
24468,2
24469,6
24470,5
24471,7
24472,5
24473,5
24474,5
24475,7
24476,5
24477,5
24478,5
24479,5
24480,5
24481,7
24482,7
24483,5
24484,7
24485,5
24486,5
24487,7
24488,1
24489,5
24490,7
24491,2
24492,5
24493,7
24494,5
24495,7
24496,5
24497,5
24498,5
24499,5
24500,5
24501,5
24502,1
24503,5
24504,5
24505,1
24506,5
24507,7
24508,2
24509,7
24510,7
24511,5
24512,5
24513,7
24514,5
24515,7
24516,5
24517,5
24518,5
24519,7
24520,5
24521,7
24522,5
24523,5
24524,1
24525,5
24526,5
24527,5
24528,5
24529,5
24530,2
24531,5
24532,1
24533,4
24534,5
24535,1
24536,5
24537,4
24538,7
24539,5
24540,7
24541,5
24542,5
24543,5
24544,6
24545,5
24546,5
24547,5
24548,5
24549,5
24550,5
24551,5
24552,7
24553,5
24554,5
24555,5
24556,7
24557,5
24558,5
24559,2
24560,5
24561,5
24562,5
24563,7
24564,5
24565,7
24566,3
24567,2
24568,7
24569,5
24570,5
24571,7
24572,5
24573,1
24574,7
24575,7
24576,5
24577,5
24578,5
24579,1
24580,5
24581,5
24582,7
24583,5
24584,2
24585,5
24586,7
24587,5
24588,0
24589,5
24590,5
24591,7
24592,7
24593,5
24594,5
24595,7
24596,5
24597,7
24598,7
24599,5
24600,3
24601,2
24602,5
24603,5
24604,5
24605,6
24606,5
24607,7
24608,1
24609,7
24610,5
24611,5
24612,6
24613,5
24614,1
24615,5
24616,5
24617,5
24618,5
24619,5
24620,5
24621,5
24622,5
24623,5
24624,5
24625,7
24626,7
24627,1
24628,7
24629,2
24630,5
24631,5
24632,3
24633,1
24634,1
24635,2
24636,5
24637,5
24638,5
24639,5
24640,5
24641,5
24642,5
24643,1
24644,5
24645,1
24646,5
24647,7
24648,5
24649,7
24650,1
24651,5
24652,5
24653,5
24654,7
24655,5
24656,5
24657,5
24658,7
24659,5
24660,5
24661,5
24662,7
24663,5
24664,5
24665,5
24666,5
24667,5
24668,4
24669,5
24670,5
24671,1
24672,5
24673,7
24674,7
24675,5
24676,5
24677,1
24678,5
24679,5
24680,5
24681,5
24682,7
24683,5
24684,5
24685,5
24686,5
24687,5
24688,7
24689,5
24690,5
24691,7
24692,5
24693,7
24694,5
24695,1
24696,1
24697,5
24698,5
24699,7
24700,1
24701,5
24702,7
24703,5
24704,1
24705,5
24706,7
24707,7
24708,7
24709,5
24710,7
24711,3
24712,5
24713,7
24714,7
24715,5
24716,2
24717,5
24718,7
24719,5
24720,2
24721,6
24722,5
24723,5
24724,7
24725,5
24726,5
24727,7
24728,5
24729,7
24730,7
24731,5
24732,5
24733,4
24734,5
24735,7
24736,4
24737,7
24738,5
24739,5
24740,6
24741,7
24742,5
24743,7
24744,5
24745,7
24746,5
24747,5
24748,5
24749,7
24750,5
24751,5
24752,2
24753,7
24754,5
24755,2
24756,2
24757,5
24758,5
24759,7
24760,7
24761,5
24762,7
24763,5
24764,5
24765,7
24766,1
24767,5
24768,5
24769,5
24770,5
24771,5
24772,5
24773,2
24774,5
24775,5
24776,7
24777,5
24778,5
24779,7
24780,5
24781,5
24782,2
24783,2
24784,5
24785,5
24786,5
24787,5
24788,5
24789,5
24790,4
24791,1
24792,5
24793,5
24794,5
24795,5
24796,5
24797,4
24798,5
24799,5
24800,5
24801,7
24802,5
24803,5
24804,5
24805,5
24806,5
24807,5
24808,5
24809,5
24810,7
24811,7
24812,2
24813,7
24814,5
24815,5
24816,5
24817,5
24818,7
24819,5
24820,5
24821,7
24822,5
24823,5
24824,5
24825,7
24826,5
24827,5
24828,5
24829,4
24830,5
24831,7
24832,7
24833,5
24834,5
24835,3
24836,7
24837,1
24838,1
24839,7
24840,7
24841,5
24842,5
24843,7
24844,5
24845,5
24846,5
24847,5
24848,1
24849,5
24850,5
24851,5
24852,5
24853,5
24854,5
24855,5
24856,3
24857,5
24858,5
24859,7
24860,7
24861,5
24862,5
24863,5
24864,5
24865,5
24866,5
24867,5
24868,5
24869,5
24870,5
24871,5
24872,5
24873,5
24874,1
24875,5
24876,7
24877,7
24878,7
24879,1
24880,5
24881,5
24882,5
24883,1
24884,7
24885,5
24886,7
24887,5
24888,5
24889,4
24890,7
24891,5
24892,5
24893,7
24894,1
24895,5
24896,7
24897,5
24898,5
24899,5
24900,5
24901,5
24902,5
24903,5
24904,7
24905,7
24906,2
24907,5
24908,5
24909,5
24910,5
24911,5
24912,4
24913,7
24914,5
24915,7
24916,5
24917,7
24918,7
24919,2
24920,5
24921,5
24922,5
24923,5
24924,5
24925,2
24926,5
24927,5
24928,5
24929,5
24930,5
24931,7
24932,5
24933,5
24934,7
24935,2
24936,5
24937,5
24938,7
24939,7
24940,5
24941,5
24942,5
24943,7
24944,1
24945,5
24946,2
24947,2
24948,2
24949,1
24950,5
24951,7
24952,3
24953,5
24954,2
24955,1
24956,7
24957,5
24958,5
24959,7
24960,4
24961,7
24962,7
24963,5
24964,5
24965,5
24966,5
24967,2
24968,5
24969,5
24970,5
24971,7
24972,5
24973,7
24974,2
24975,5
24976,5
24977,7
24978,7
24979,7
24980,1
24981,5
24982,5
24983,5
24984,5
24985,5
24986,5
24987,5
24988,5
24989,5
24990,5
24991,5
24992,5
24993,5
24994,5
24995,5
24996,5
24997,5
24998,5
24999,7
25000,5
25001,7
25002,7
25003,1
25004,5
25005,5
25006,7
25007,5
25008,5
25009,5
25010,3
25011,5
25012,7
25013,7
25014,5
25015,5
25016,1
25017,4
25018,5
25019,5
25020,5
25021,5
25022,5
25023,7
25024,5
25025,7
25026,5
25027,4
25028,4
25029,5
25030,5
25031,3
25032,5
25033,2
25034,5
25035,5
25036,3
25037,7
25038,5
25039,5
25040,3
25041,5
25042,5
25043,5
25044,5
25045,5
25046,5
25047,5
25048,5
25049,5
25050,5
25051,5
25052,7
25053,1
25054,7
25055,7
25056,5
25057,2
25058,5
25059,4
25060,5
25061,1
25062,7
25063,5
25064,5
25065,5
25066,5
25067,5
25068,5
25069,4
25070,5
25071,7
25072,5
25073,5
25074,7
25075,5
25076,3
25077,5
25078,7
25079,5
25080,5
25081,5
25082,5
25083,5
25084,5
25085,5
25086,5
25087,5
25088,7
25089,7
25090,7
25091,7
25092,5
25093,5
25094,7
25095,2
25096,7
25097,5
25098,5
25099,4
25100,5
25101,7
25102,7
25103,5
25104,5
25105,5
25106,7
25107,7
25108,5
25109,5
25110,5
25111,5
25112,5
25113,5
25114,5
25115,5
25116,7
25117,5
25118,5
25119,2
25120,5
25121,5
25122,2
25123,5
25124,5
25125,7
25126,5
25127,5
25128,5
25129,4
25130,5
25131,7
25132,5
25133,5
25134,5
25135,2
25136,5
25137,7
25138,7
25139,2
25140,7
25141,5
25142,5
25143,7
25144,5
25145,2
25146,5
25147,7
25148,4
25149,4
25150,2
25151,5
25152,5
25153,7
25154,7
25155,5
25156,5
25157,7
25158,5
25159,7
25160,5
25161,7
25162,5
25163,5
25164,5
25165,5
25166,5
25167,5
25168,5
25169,7
25170,5
25171,2
25172,5
25173,3
25174,5
25175,4
25176,7
25177,5
25178,1
25179,5
25180,1
25181,5
25182,2
25183,5
25184,5
25185,5
25186,5
25187,7
25188,0
25189,7
25190,5
25191,5
25192,7
25193,1
25194,5
25195,2
25196,5
25197,4
25198,5
25199,5
25200,5
25201,5
25202,5
25203,2
25204,5
25205,2
25206,5
25207,5
25208,7
25209,7
25210,7
25211,5
25212,5
25213,5
25214,7
25215,7
25216,5
25217,5
25218,7
25219,5
25220,5
25221,5
25222,5
25223,5
25224,5
25225,5
25226,5
25227,5
25228,5
25229,5
25230,5
25231,5
25232,5
25233,5
25234,4
25235,7
25236,7
25237,5
25238,5
25239,7
25240,5
25241,5
25242,1
25243,5
25244,2
25245,5
25246,5
25247,5
25248,7
25249,7
25250,5
25251,5
25252,5
25253,2
25254,7
25255,7
25256,5
25257,5
25258,6
25259,7
25260,7
25261,5
25262,7
25263,5
25264,5
25265,7
25266,5
25267,5
25268,5
25269,3
25270,5
25271,7
25272,1
25273,5
25274,5
25275,5
25276,5
25277,2
25278,5
25279,4
25280,7
25281,5
25282,5
25283,5
25284,5
25285,5
25286,5
25287,7
25288,5
25289,7
25290,1
25291,3
25292,7
25293,1
25294,2
25295,5
25296,5
25297,7
25298,7
25299,5
25300,5
25301,5
25302,7
25303,7
25304,4
25305,5
25306,5
25307,7
25308,7
25309,1
25310,5
25311,1
25312,6
25313,5
25314,1
25315,7
25316,2
25317,5
25318,7
25319,5
25320,1
25321,5
25322,3
25323,5
25324,5
25325,7
25326,7
25327,5
25328,1
25329,5
25330,5
25331,5
25332,5
25333,5
25334,7
25335,5
25336,5
25337,5
25338,7
25339,5
25340,2
25341,7
25342,5
25343,5
25344,5
25345,5
25346,7
25347,5
25348,1
25349,7
25350,2
25351,7
25352,1
25353,7
25354,5
25355,5
25356,5
25357,0
25358,5
25359,1
25360,5
25361,7
25362,5
25363,7
25364,5
25365,5
25366,7
25367,5
25368,5
25369,5
25370,5
25371,5
25372,7
25373,5
25374,1
25375,5
25376,2
25377,7
25378,5
25379,2
25380,7
25381,5
25382,7
25383,5
25384,5
25385,1
25386,5
25387,5
25388,7
25389,5
25390,1
25391,5
25392,5
25393,7
25394,5
25395,5
25396,5
25397,5
25398,4
25399,5
25400,7
25401,5
25402,5
25403,5
25404,5
25405,1
25406,5
25407,5
25408,5
25409,5
25410,5
25411,5
25412,7
25413,5
25414,5
25415,5
25416,7
25417,5
25418,1
25419,5
25420,5
25421,7
25422,5
25423,7
25424,5
25425,5
25426,5
25427,2
25428,2
25429,5
25430,5
25431,7
25432,2
25433,5
25434,5
25435,5
25436,5
25437,5
25438,4
25439,1
25440,5
25441,5
25442,4
25443,3
25444,1
25445,2
25446,2
25447,2
25448,7
25449,1
25450,5
25451,7
25452,5
25453,5
25454,1
25455,5
25456,7
25457,5
25458,7
25459,5
25460,7
25461,5
25462,4
25463,5
25464,7
25465,7
25466,5
25467,5
25468,7
25469,2
25470,5
25471,2
25472,5
25473,5
25474,3
25475,2
25476,5
25477,1
25478,7
25479,7
25480,5
25481,7
25482,5
25483,5
25484,5
25485,1
25486,1
25487,4
25488,7
25489,3
25490,5
25491,5
25492,7
25493,5
25494,1
25495,5
25496,5
25497,1
25498,5
25499,7
25500,2
25501,2
25502,7
25503,1
25504,5
25505,5
25506,7
25507,7
25508,5
25509,5
25510,5
25511,7
25512,2
25513,5
25514,7
25515,2
25516,5
25517,7
25518,5
25519,5
25520,7
25521,5
25522,2
25523,5
25524,5
25525,1
25526,5
25527,3
25528,5
25529,5
25530,5
25531,5
25532,7
25533,5
25534,5
25535,5
25536,7
25537,5
25538,5
25539,5
25540,5
25541,5
25542,1
25543,7
25544,5
25545,5
25546,7
25547,5
25548,7
25549,5
25550,7
25551,5
25552,7
25553,2
25554,5
25555,7
25556,3
25557,5
25558,5
25559,1
25560,5
25561,5
25562,5
25563,7
25564,7
25565,5
25566,1
25567,5
25568,5
25569,7
25570,5
25571,5
25572,5
25573,5
25574,7
25575,2
25576,7
25577,5
25578,5
25579,5
25580,7
25581,7
25582,7
25583,5
25584,5
25585,5
25586,1
25587,5
25588,5
25589,5
25590,5
25591,5
25592,1
25593,5
25594,2
25595,5
25596,7
25597,2
25598,5
25599,4
25600,5
25601,5
25602,2
25603,5
25604,7
25605,2
25606,4
25607,7
25608,5
25609,3
25610,5
25611,5
25612,2
25613,5
25614,7
25615,5
25616,4
25617,5
25618,1
25619,5
25620,1
25621,7
25622,7
25623,4
25624,5
25625,1
25626,1
25627,5
25628,5
25629,5
25630,5
25631,5
25632,2
25633,5
25634,5
25635,5
25636,4
25637,5
25638,5
25639,7
25640,5
25641,7
25642,2
25643,5
25644,5
25645,7
25646,5
25647,5
25648,5
25649,7
25650,5
25651,5
25652,5
25653,1
25654,5
25655,5
25656,7
25657,7
25658,5
25659,5
25660,5
25661,7
25662,5
25663,5
25664,5
25665,5
25666,5
25667,3
25668,3
25669,5
25670,5
25671,5
25672,5
25673,5
25674,7
25675,7
25676,5
25677,5
25678,2
25679,7
25680,1
25681,5
25682,2
25683,5
25684,1
25685,5
25686,5
25687,7
25688,5
25689,5
25690,3
25691,5
25692,5
25693,5
25694,7
25695,5
25696,5
25697,5
25698,5
25699,5
25700,5
25701,5
25702,5
25703,7
25704,5
25705,5
25706,2
25707,5
25708,5
25709,5
25710,7
25711,1
25712,5
25713,5
25714,5
25715,5
25716,5
25717,7
25718,1
25719,1
25720,2
25721,7
25722,2
25723,7
25724,5
25725,5
25726,5
25727,5
25728,5
25729,5
25730,7
25731,5
25732,5
25733,7
25734,5
25735,5
25736,5
25737,5
25738,4
25739,5
25740,5
25741,5
25742,7
25743,5
25744,5
25745,5
25746,7
25747,7
25748,5
25749,5
25750,5
25751,5
25752,5
25753,5
25754,5
25755,5
25756,7
25757,5
25758,7
25759,5
25760,5
25761,5
25762,2
25763,1
25764,5
25765,2
25766,5
25767,5
25768,5
25769,5
25770,5
25771,5
25772,7
25773,1
25774,7
25775,5
25776,5
25777,5
25778,5
25779,1
25780,5
25781,7
25782,7
25783,5
25784,5
25785,7
25786,5
25787,1
25788,5
25789,5
25790,7
25791,5
25792,5
25793,5
25794,5
25795,5
25796,5
25797,5
25798,1
25799,2
25800,1
25801,7
25802,5
25803,5
25804,5
25805,5
25806,7
25807,5
25808,7
25809,7
25810,5
25811,5
25812,1
25813,1
25814,5
25815,5
25816,5
25817,5
25818,5
25819,0
25820,5
25821,5
25822,5
25823,5
25824,5
25825,5
25826,7
25827,5
25828,5
25829,5
25830,5
25831,7
25832,7
25833,1
25834,5
25835,5
25836,5
25837,5
25838,5
25839,7
25840,4
25841,5
25842,2
25843,2
25844,2
25845,5
25846,7
25847,5
25848,5
25849,5
25850,5
25851,5
25852,1
25853,7
25854,5
25855,7
25856,5
25857,7
25858,5
25859,7
25860,4
25861,7
25862,4
25863,0
25864,5
25865,5
25866,2
25867,5
25868,5
25869,5
25870,5
25871,5
25872,7
25873,5
25874,5
25875,5
25876,5
25877,5
25878,5
25879,5
25880,5
25881,7
25882,4
25883,7
25884,1
25885,5
25886,5
25887,5
25888,1
25889,1
25890,7
25891,5
25892,5
25893,5
25894,5
25895,5
25896,5
25897,5
25898,3
25899,5
25900,5
25901,5
25902,5
25903,1
25904,2
25905,6
25906,5
25907,5
25908,5
25909,5
25910,7
25911,2
25912,5
25913,5
25914,2
25915,5
25916,5
25917,5
25918,1
25919,5
25920,5
25921,5
25922,5
25923,2
25924,4
25925,5
25926,5
25927,5
25928,7
25929,5
25930,5
25931,5
25932,5
25933,7
25934,5
25935,5
25936,7
25937,7
25938,5
25939,7
25940,7
25941,5
25942,5
25943,5
25944,5
25945,7
25946,7
25947,5
25948,5
25949,7
25950,2
25951,5
25952,5
25953,2
25954,1
25955,3
25956,5
25957,7
25958,5
25959,5
25960,2
25961,5
25962,0
25963,5
25964,5
25965,7
25966,0
25967,2
25968,7
25969,7
25970,7
25971,5
25972,5
25973,7
25974,5
25975,5
25976,5
25977,7
25978,5
25979,5
25980,5
25981,7
25982,5
25983,1
25984,7
25985,5
25986,2
25987,5
25988,5
25989,5
25990,5
25991,5
25992,4
25993,5
25994,5
25995,5
25996,3
25997,5
25998,5
25999,5
26000,5
26001,7
26002,5
26003,5
26004,7
26005,2
26006,7
26007,5
26008,5
26009,5
26010,5
26011,5
26012,7
26013,7
26014,5
26015,5
26016,7
26017,5
26018,3
26019,7
26020,5
26021,5
26022,1
26023,5
26024,5
26025,5
26026,4
26027,5
26028,1
26029,7
26030,7
26031,2
26032,5
26033,5
26034,5
26035,5
26036,5
26037,2
26038,2
26039,7
26040,5
26041,7
26042,5
26043,5
26044,5
26045,5
26046,5
26047,1
26048,5
26049,5
26050,7
26051,5
26052,3
26053,5
26054,5
26055,5
26056,5
26057,5
26058,5
26059,5
26060,5
26061,7
26062,5
26063,7
26064,1
26065,5
26066,7
26067,5
26068,5
26069,5
26070,7
26071,5
26072,5
26073,5
26074,5
26075,5
26076,4
26077,5
26078,5
26079,2
26080,5
26081,5
26082,5
26083,1
26084,5
26085,5
26086,5
26087,7
26088,5
26089,5
26090,4
26091,5
26092,5
26093,5
26094,7
26095,7
26096,7
26097,5
26098,5
26099,5
26100,5
26101,5
26102,5
26103,5
26104,7
26105,5
26106,6
26107,3
26108,5
26109,5
26110,5
26111,6
26112,1
26113,7
26114,5
26115,5
26116,2
26117,7
26118,5
26119,7
26120,7
26121,1
26122,7
26123,7
26124,5
26125,5
26126,5
26127,5
26128,5
26129,5
26130,6
26131,5
26132,5
26133,5
26134,2
26135,5
26136,5
26137,7
26138,1
26139,5
26140,7
26141,3
26142,7
26143,7
26144,5
26145,7
26146,1
26147,5
26148,5
26149,7
26150,7
26151,5
26152,5
26153,4
26154,7
26155,5
26156,5
26157,5
26158,7
26159,5
26160,5
26161,5
26162,5
26163,5
26164,5
26165,1
26166,5
26167,5
26168,5
26169,5
26170,5
26171,5
26172,4
26173,7
26174,7
26175,1
26176,6
26177,5
26178,5
26179,5
26180,5
26181,5
26182,7
26183,1
26184,5
26185,5
26186,5
26187,7
26188,2
26189,7
26190,5
26191,5
26192,5
26193,5
26194,5
26195,7
26196,5
26197,5
26198,5
26199,2
26200,7
26201,5
26202,7
26203,5
26204,7
26205,7
26206,5
26207,7
26208,5
26209,5
26210,7
26211,5
26212,5
26213,5
26214,5
26215,5
26216,5
26217,5
26218,2
26219,5
26220,7
26221,5
26222,5
26223,5
26224,2
26225,5
26226,7
26227,5
26228,5
26229,7
26230,1
26231,5
26232,2
26233,5
26234,7
26235,5
26236,5
26237,5
26238,3
26239,5
26240,5
26241,5
26242,5
26243,2
26244,2
26245,5
26246,7
26247,5
26248,5
26249,5
26250,5
26251,7
26252,1
26253,7
26254,5
26255,7
26256,5
26257,7
26258,5
26259,2
26260,5
26261,7
26262,7
26263,5
26264,5
26265,1
26266,5
26267,5
26268,2
26269,5
26270,5
26271,5
26272,5
26273,5
26274,5
26275,5
26276,5
26277,5
26278,5
26279,5
26280,5
26281,5
26282,7
26283,1
26284,5
26285,5
26286,5
26287,7
26288,5
26289,5
26290,5
26291,7
26292,5
26293,5
26294,7
26295,5
26296,5
26297,5
26298,2
26299,5
26300,5
26301,5
26302,7
26303,4
26304,5
26305,5
26306,5
26307,5
26308,5
26309,5
26310,7
26311,5
26312,5
26313,5
26314,7
26315,5
26316,5
26317,5
26318,5
26319,5
26320,6
26321,5
26322,7
26323,5
26324,7
26325,2
26326,7
26327,1
26328,5
26329,3
26330,5
26331,5
26332,5
26333,7
26334,5
26335,5
26336,5
26337,5
26338,5
26339,2
26340,7
26341,7
26342,7
26343,3
26344,5
26345,5
26346,5
26347,7
26348,7
26349,1
26350,5
26351,5
26352,2
26353,7
26354,5
26355,5
26356,5
26357,5
26358,5
26359,5
26360,1
26361,5
26362,5
26363,3
26364,2
26365,5
26366,7
26367,7
26368,7
26369,1
26370,5
26371,5
26372,5
26373,7
26374,7
26375,5
26376,7
26377,5
26378,2
26379,5
26380,5
26381,7
26382,3
26383,5
26384,5
26385,5
26386,5
26387,3
26388,2
26389,5
26390,7
26391,5
26392,7
26393,7
26394,5
26395,7
26396,7
26397,7
26398,7
26399,5
26400,5
26401,5
26402,5
26403,5
26404,7
26405,5
26406,7
26407,5
26408,2
26409,5
26410,7
26411,1
26412,7
26413,5
26414,5
26415,7
26416,5
26417,5
26418,5
26419,3
26420,5
26421,5
26422,5
26423,5
26424,7
26425,5
26426,5
26427,5
26428,5
26429,5
26430,5
26431,5
26432,5
26433,1
26434,7
26435,5
26436,3
26437,5
26438,5
26439,7
26440,5
26441,5
26442,5
26443,4
26444,5
26445,7
26446,7
26447,5
26448,7
26449,5
26450,5
26451,4
26452,5
26453,5
26454,7
26455,5
26456,2
26457,3
26458,7
26459,1
26460,5
26461,5
26462,5
26463,5
26464,5
26465,5
26466,5
26467,7
26468,1
26469,7
26470,7
26471,5
26472,7
26473,7
26474,5
26475,5
26476,7
26477,7
26478,5
26479,4
26480,5
26481,7
26482,5
26483,5
26484,7
26485,7
26486,5
26487,5
26488,5
26489,5
26490,5
26491,5
26492,7
26493,5
26494,5
26495,7
26496,5
26497,5
26498,5
26499,7
26500,6
26501,7
26502,1
26503,3
26504,7
26505,5
26506,2
26507,1
26508,5
26509,7
26510,5
26511,5
26512,5
26513,5
26514,2
26515,5
26516,7
26517,5
26518,5
26519,5
26520,5
26521,5
26522,2
26523,1
26524,5
26525,5
26526,5
26527,2
26528,5
26529,5
26530,2
26531,5
26532,5
26533,5
26534,5
26535,0
26536,7
26537,1
26538,2
26539,7
26540,5
26541,7
26542,5
26543,7
26544,5
26545,5
26546,1
26547,7
26548,5
26549,7
26550,5
26551,5
26552,5
26553,5
26554,7
26555,5
26556,5
26557,7
26558,7
26559,5
26560,6
26561,7
26562,5
26563,1
26564,5
26565,5
26566,2
26567,7
26568,5
26569,5
26570,5
26571,7
26572,5
26573,5
26574,4
26575,7
26576,5
26577,5
26578,5
26579,5
26580,5
26581,5
26582,5
26583,7
26584,7
26585,7
26586,5
26587,5
26588,1
26589,5
26590,7
26591,1
26592,5
26593,7
26594,2
26595,5
26596,5
26597,5
26598,7
26599,7
26600,5
26601,2
26602,7
26603,5
26604,5
26605,5
26606,7
26607,4
26608,2
26609,7
26610,5
26611,5
26612,7
26613,7
26614,7
26615,7
26616,5
26617,7
26618,4
26619,5
26620,7
26621,5
26622,3
26623,5
26624,1
26625,5
26626,2
26627,5
26628,5
26629,5
26630,1
26631,7
26632,5
26633,7
26634,5
26635,5
26636,5
26637,5
26638,5
26639,7
26640,1
26641,5
26642,5
26643,5
26644,5
26645,5
26646,7
26647,5
26648,2
26649,5
26650,1
26651,2
26652,5
26653,5
26654,5
26655,5
26656,5
26657,7
26658,7
26659,1
26660,7
26661,5
26662,1
26663,5
26664,5
26665,5
26666,7
26667,7
26668,6
26669,1
26670,8
26671,5
26672,5
26673,7
26674,7
26675,3
26676,5
26677,7
26678,7
26679,5
26680,4
26681,2
26682,7
26683,5
26684,5
26685,5
26686,5
26687,5
26688,5
26689,5
26690,5
26691,5
26692,5
26693,5
26694,5
26695,5
26696,5
26697,4
26698,3
26699,5
26700,5
26701,2
26702,5
26703,5
26704,7
26705,7
26706,5
26707,2
26708,1
26709,5
26710,5
26711,5
26712,5
26713,5
26714,5
26715,7
26716,1
26717,5
26718,5
26719,5
26720,5
26721,5
26722,5
26723,5
26724,5
26725,7
26726,2
26727,5
26728,5
26729,7
26730,5
26731,5
26732,7
26733,5
26734,5
26735,0
26736,7
26737,7
26738,2
26739,2
26740,5
26741,7
26742,7
26743,5
26744,7
26745,7
26746,7
26747,5
26748,7
26749,7
26750,5
26751,5
26752,5
26753,5
26754,7
26755,7
26756,5
26757,1
26758,2
26759,5
26760,1
26761,7
26762,4
26763,5
26764,1
26765,5
26766,7
26767,7
26768,7
26769,5
26770,5
26771,5
26772,5
26773,5
26774,5
26775,7
26776,7
26777,5
26778,7
26779,1
26780,2
26781,5
26782,1
26783,5
26784,5
26785,5
26786,5
26787,5
26788,5
26789,5
26790,5
26791,5
26792,2
26793,2
26794,1
26795,5
26796,5
26797,5
26798,5
26799,5
26800,7
26801,5
26802,7
26803,5
26804,5
26805,2
26806,5
26807,7
26808,5
26809,5
26810,5
26811,5
26812,5
26813,5
26814,5
26815,5
26816,7
26817,5
26818,5
26819,5
26820,5
26821,5
26822,1
26823,7
26824,7
26825,7
26826,7
26827,5
26828,3
26829,7
26830,5
26831,5
26832,7
26833,7
26834,5
26835,5
26836,5
26837,5
26838,5
26839,5
26840,5
26841,5
26842,5
26843,5
26844,2
26845,5
26846,7
26847,1
26848,7
26849,1
26850,1
26851,7
26852,5
26853,7
26854,5
26855,5
26856,2
26857,3
26858,5
26859,5
26860,5
26861,5
26862,5
26863,5
26864,5
26865,5
26866,3
26867,1
26868,7
26869,5
26870,5
26871,1
26872,7
26873,5
26874,7
26875,3
26876,5
26877,7
26878,5
26879,5
26880,5
26881,5
26882,5
26883,5
26884,5
26885,7
26886,5
26887,5
26888,3
26889,5
26890,5
26891,5
26892,5
26893,5
26894,5
26895,5
26896,5
26897,7
26898,7
26899,5
26900,4
26901,5
26902,5
26903,5
26904,2
26905,5
26906,5
26907,7
26908,5
26909,5
26910,5
26911,1
26912,7
26913,5
26914,5
26915,5
26916,5
26917,6
26918,7
26919,5
26920,5
26921,5
26922,7
26923,5
26924,2
26925,7
26926,2
26927,5
26928,4
26929,7
26930,5
26931,5
26932,5
26933,7
26934,5
26935,5
26936,5
26937,4
26938,5
26939,5
26940,5
26941,5
26942,1
26943,7
26944,1
26945,7
26946,5
26947,7
26948,5
26949,7
26950,5
26951,7
26952,5
26953,5
26954,7
26955,1
26956,5
26957,5
26958,5
26959,2
26960,5
26961,5
26962,1
26963,5
26964,5
26965,2
26966,5
26967,5
26968,5
26969,5
26970,5
26971,5
26972,7
26973,7
26974,5
26975,5
26976,5
26977,7
26978,5
26979,1
26980,1
26981,7
26982,5
26983,5
26984,5
26985,7
26986,5
26987,7
26988,7
26989,5
26990,5
26991,7
26992,4
26993,5
26994,7
26995,7
26996,5
26997,5
26998,3
26999,5
27000,1
27001,7
27002,5
27003,3
27004,5
27005,5
27006,5
27007,5
27008,2
27009,7
27010,7
27011,5
27012,5
27013,5
27014,5
27015,0
27016,5
27017,5
27018,4
27019,5
27020,7
27021,5
27022,8
27023,5
27024,2
27025,5
27026,7
27027,5
27028,5
27029,5
27030,5
27031,4
27032,7
27033,5
27034,7
27035,5
27036,2
27037,5
27038,5
27039,5
27040,5
27041,5
27042,5
27043,5
27044,5
27045,5
27046,5
27047,5
27048,4
27049,5
27050,7
27051,7
27052,7
27053,7
27054,7
27055,5
27056,5
27057,5
27058,2
27059,5
27060,5
27061,5
27062,1
27063,5
27064,5
27065,5
27066,5
27067,5
27068,7
27069,5
27070,7
27071,7
27072,5
27073,5
27074,5
27075,1
27076,5
27077,5
27078,5
27079,7
27080,5
27081,5
27082,7
27083,2
27084,5
27085,5
27086,5
27087,5
27088,5
27089,5
27090,5
27091,5
27092,5
27093,5
27094,5
27095,5
27096,5
27097,5
27098,5
27099,5
27100,5
27101,5
27102,7
27103,7
27104,5
27105,5
27106,5
27107,5
27108,7
27109,5
27110,7
27111,5
27112,7
27113,5
27114,5
27115,5
27116,7
27117,5
27118,5
27119,5
27120,5
27121,5
27122,5
27123,5
27124,7
27125,5
27126,1
27127,5
27128,5
27129,5
27130,7
27131,5
27132,5
27133,5
27134,5
27135,7
27136,5
27137,7
27138,5
27139,5
27140,5
27141,7
27142,7
27143,7
27144,7
27145,7
27146,5
27147,5
27148,5
27149,2
27150,7
27151,5
27152,7
27153,5
27154,2
27155,5
27156,5
27157,5
27158,5
27159,5
27160,1
27161,5
27162,5
27163,5
27164,4
27165,5
27166,5
27167,5
27168,7
27169,5
27170,5
27171,7
27172,4
27173,5
27174,5
27175,5
27176,5
27177,1
27178,2
27179,5
27180,2
27181,5
27182,5
27183,5
27184,5
27185,5
27186,7
27187,5
27188,5
27189,5
27190,7
27191,5
27192,5
27193,7
27194,2
27195,5
27196,2
27197,5
27198,5
27199,5
27200,5
27201,5
27202,7
27203,7
27204,1
27205,7
27206,5
27207,5
27208,5
27209,7
27210,5
27211,7
27212,1
27213,5
27214,4
27215,5
27216,7
27217,5
27218,5
27219,5
27220,5
27221,5
27222,5
27223,5
27224,7
27225,5
27226,5
27227,5
27228,1
27229,4
27230,5
27231,1
27232,7
27233,5
27234,5
27235,5
27236,7
27237,5
27238,5
27239,5
27240,7
27241,7
27242,1
27243,7
27244,5
27245,5
27246,5
27247,7
27248,5
27249,5
27250,5
27251,5
27252,7
27253,7
27254,7
27255,5
27256,5
27257,7
27258,7
27259,5
27260,5
27261,5
27262,2
27263,2
27264,7
27265,5
27266,5
27267,5
27268,5
27269,5
27270,2
27271,1
27272,2
27273,5
27274,5
27275,7
27276,5
27277,7
27278,2
27279,5
27280,5
27281,7
27282,7
27283,5
27284,7
27285,7
27286,1
27287,2
27288,5
27289,5
27290,7
27291,5
27292,5
27293,7
27294,7
27295,3
27296,7
27297,5
27298,5
27299,5
27300,5
27301,5
27302,5
27303,5
27304,5
27305,5
27306,5
27307,5
27308,5
27309,5
27310,1
27311,5
27312,5
27313,7
27314,2
27315,5
27316,4
27317,5
27318,7
27319,5
27320,5
27321,5
27322,5
27323,5
27324,7
27325,5
27326,5
27327,5
27328,5
27329,1
27330,5
27331,5
27332,7
27333,5
27334,5
27335,5
27336,4
27337,1
27338,1
27339,5
27340,4
27341,5
27342,4
27343,5
27344,5
27345,3
27346,6
27347,5
27348,1
27349,5
27350,3
27351,5
27352,7
27353,5
27354,2
27355,5
27356,2
27357,5
27358,7
27359,1
27360,5
27361,5
27362,7
27363,5
27364,5
27365,5
27366,5
27367,5
27368,5
27369,5
27370,7
27371,7
27372,7
27373,7
27374,5
27375,5
27376,2
27377,5
27378,5
27379,5
27380,7
27381,4
27382,5
27383,7
27384,5
27385,5
27386,5
27387,5
27388,7
27389,5
27390,2
27391,6
27392,1
27393,5
27394,7
27395,1
27396,7
27397,5
27398,3
27399,7
27400,2
27401,7
27402,7
27403,5
27404,5
27405,7
27406,5
27407,7
27408,1
27409,7
27410,5
27411,5
27412,5
27413,7
27414,5
27415,6
27416,5
27417,7
27418,3
27419,5
27420,2
27421,5
27422,5
27423,5
27424,5
27425,7
27426,5
27427,5
27428,6
27429,5
27430,2
27431,5
27432,5
27433,5
27434,5
27435,7
27436,5
27437,5
27438,1
27439,5
27440,7
27441,5
27442,5
27443,5
27444,5
27445,5
27446,1
27447,1
27448,5
27449,5
27450,2
27451,5
27452,5
27453,5
27454,8
27455,5
27456,1
27457,5
27458,5
27459,7
27460,5
27461,5
27462,5
27463,5
27464,7
27465,5
27466,5
27467,7
27468,4
27469,5
27470,6
27471,5
27472,5
27473,1
27474,3
27475,5
27476,5
27477,7
27478,7
27479,7
27480,7
27481,5
27482,5
27483,5
27484,4
27485,2
27486,7
27487,5
27488,1
27489,5
27490,5
27491,5
27492,5
27493,1
27494,7
27495,5
27496,1
27497,7
27498,5
27499,5
27500,5
27501,5
27502,5
27503,2
27504,5
27505,7
27506,5
27507,8
27508,7
27509,5
27510,5
27511,5
27512,5
27513,5
27514,5
27515,5
27516,2
27517,5
27518,5
27519,5
27520,1
27521,7
27522,5
27523,5
27524,5
27525,5
27526,5
27527,2
27528,2
27529,5
27530,1
27531,5
27532,7
27533,5
27534,5
27535,5
27536,5
27537,5
27538,7
27539,2
27540,7
27541,5
27542,7
27543,5
27544,5
27545,5
27546,2
27547,1
27548,5
27549,7
27550,5
27551,7
27552,5
27553,5
27554,5
27555,7
27556,5
27557,2
27558,7
27559,5
27560,2
27561,1
27562,5
27563,5
27564,5
27565,5
27566,1
27567,7
27568,5
27569,5
27570,5
27571,5
27572,5
27573,7
27574,7
27575,5
27576,7
27577,4
27578,5
27579,3
27580,1
27581,5
27582,5
27583,5
27584,5
27585,5
27586,5
27587,1
27588,7
27589,5
27590,5
27591,5
27592,7
27593,5
27594,5
27595,7
27596,1
27597,7
27598,5
27599,7
27600,5
27601,5
27602,5
27603,5
27604,5
27605,5
27606,5
27607,5
27608,7
27609,5
27610,5
27611,5
27612,5
27613,7
27614,5
27615,7
27616,5
27617,5
27618,5
27619,3
27620,5
27621,5
27622,7
27623,5
27624,7
27625,5
27626,7
27627,5
27628,7
27629,5
27630,5
27631,5
27632,3
27633,7
27634,2
27635,5
27636,5
27637,7
27638,5
27639,7
27640,5
27641,7
27642,5
27643,5
27644,5
27645,7
27646,5
27647,5
27648,5
27649,7
27650,7
27651,5
27652,7
27653,5
27654,7
27655,5
27656,5
27657,7
27658,5
27659,5
27660,7
27661,5
27662,5
27663,1
27664,2
27665,5
27666,5
27667,5
27668,5
27669,5
27670,3
27671,5
27672,5
27673,5
27674,1
27675,5
27676,5
27677,7
27678,7
27679,5
27680,3
27681,1
27682,5
27683,1
27684,5
27685,4
27686,5
27687,5
27688,5
27689,7
27690,5
27691,5
27692,7
27693,4
27694,5
27695,5
27696,5
27697,7
27698,5
27699,5
27700,7
27701,5
27702,5
27703,5
27704,5
27705,5
27706,5
27707,7
27708,5
27709,5
27710,4
27711,5
27712,7
27713,7
27714,5
27715,7
27716,5
27717,5
27718,7
27719,5
27720,5
27721,7
27722,5
27723,5
27724,5
27725,7
27726,7
27727,1
27728,5
27729,5
27730,5
27731,5
27732,5
27733,5
27734,5
27735,5
27736,5
27737,5
27738,5
27739,5
27740,5
27741,5
27742,5
27743,5
27744,5
27745,5
27746,4
27747,7
27748,5
27749,5
27750,5
27751,5
27752,5
27753,5
27754,5
27755,5
27756,5
27757,5
27758,7
27759,5
27760,5
27761,7
27762,5
27763,7
27764,5
27765,4
27766,5
27767,5
27768,5
27769,7
27770,5
27771,7
27772,5
27773,5
27774,5
27775,2
27776,1
27777,5
27778,5
27779,5
27780,5
27781,5
27782,7
27783,5
27784,1
27785,5
27786,5
27787,5
27788,7
27789,5
27790,5
27791,5
27792,5
27793,4
27794,5
27795,5
27796,5
27797,5
27798,7
27799,5
27800,5
27801,5
27802,7
27803,5
27804,5
27805,5
27806,7
27807,7
27808,7
27809,5
27810,7
27811,5
27812,5
27813,7
27814,5
27815,7
27816,5
27817,1
27818,5
27819,5
27820,4
27821,7
27822,5
27823,7
27824,5
27825,5
27826,7
27827,5
27828,5
27829,5
27830,4
27831,3
27832,5
27833,5
27834,5
27835,5
27836,5
27837,5
27838,5
27839,4
27840,5
27841,1
27842,5
27843,7
27844,1
27845,5
27846,5
27847,1
27848,5
27849,5
27850,1
27851,5
27852,5
27853,2
27854,5
27855,5
27856,5
27857,5
27858,5
27859,1
27860,2
27861,5
27862,5
27863,5
27864,5
27865,5
27866,1
27867,5
27868,5
27869,7
27870,7
27871,1
27872,5
27873,7
27874,3
27875,5
27876,5
27877,5
27878,5
27879,5
27880,5
27881,5
27882,5
27883,7
27884,5
27885,5
27886,5
27887,3
27888,5
27889,1
27890,5
27891,5
27892,5
27893,5
27894,5
27895,5
27896,1
27897,5
27898,5
27899,4
27900,2
27901,2
27902,7
27903,2
27904,5
27905,1
27906,5
27907,5
27908,5
27909,1
27910,5
27911,5
27912,5
27913,5
27914,5
27915,7
27916,5
27917,5
27918,7
27919,5
27920,4
27921,5
27922,5
27923,5
27924,7
27925,2
27926,5
27927,5
27928,5
27929,5
27930,5
27931,7
27932,1
27933,5
27934,5
27935,7
27936,7
27937,7
27938,5
27939,7
27940,7
27941,5
27942,5
27943,5
27944,5
27945,5
27946,2
27947,5
27948,5
27949,5
27950,5
27951,5
27952,7
27953,5
27954,7
27955,5
27956,1
27957,5
27958,1
27959,7
27960,7
27961,7
27962,5
27963,5
27964,5
27965,4
27966,5
27967,5
27968,2
27969,7
27970,5
27971,5
27972,5
27973,5
27974,4
27975,5
27976,5
27977,5
27978,5
27979,5
27980,5
27981,5
27982,5
27983,1
27984,2
27985,5
27986,5
27987,2
27988,7
27989,5
27990,5
27991,7
27992,5
27993,5
27994,5
27995,7
27996,5
27997,7
27998,5
27999,5
28000,7
